expression,level
の,N5
に,N5
て,N5
は,N5
が,N5
た,N5
を,N5
で,N5
し,N5
と,N5
な,N5
ない,N5
も,N5
だ,N5
か,N5
ん,N5
から,N5
です,N5
する,N5
よ,N5
ます,N5
さ,N5
こと,N5
いる,N5
れ,N5
ね,N5
てる,N5
ある,N5
う,N5
い,N5
人,N5
1,N5
や,N5
2,N5
日,N5
いい,N5
なっ,N5
まし,N5
この,N5
そう,N5
って,N5
たら,N5
ば,N5
お,N5
けど,N5
これ,N5
よう,N5
3,N5
じゃ,N5
年,N5
その,N5
たい,N5
だけ,N5
まで,N5
的,N5
なる,N5
なら,N5
者,N5
月,N5
だっ,N5
見,N5
という,N5
中,N5
それ,N5
でも,N5
何,N5
れる,N5
だろ,N5
なく,N5
私,N5
ため,N5
わ,N5
時,N5
あり,N5
もの,N5
4,N5
へ,N5
一,N5
あっ,N5
さん,N5
ので,N5
今,N5
方,N5
き,N5
せ,N5
として,N5
5,N5
日本,N5
でき,N5
ませ,N5
やっ,N5
など,N5
思っ,N5
自分,N5
なかっ,N5
られ,N5
ー,N5
より,N5
とか,N5
俺,N5
前,N5
気,N5
時間,N5
どう,N5
でしょ,N5
また,N5
もう,N5
目,N5
言っ,N5
え,N5
できる,N5
なり,N5
話,N5
くれ,N5
事,N5
出,N5
ず,N5
思う,N5
8,N5
かも,N5
分,N5
家,N5
6,N5
たり,N5
ご,N5
み,N5
円,N5
7,N5
後,N5
のに,N5
みたい,N5
ください,N5
たち,N5
二,N5
好き,N5
良い,N5
ここ,N5
ぞ,N5
大,N5
性,N5
9,N5
上,N5
回,N5
考え,N5
感じ,N5
数,N5
必要,N5
行っ,N5
♪,N5
そんな,N5
なんて,N5
ら,N5
万,N5
来,N5
ちょっと,N5
世界,N5
他,N5
本,N5
誰,N5
ありがとう,N5
あれ,N5
つ,N5
でし,N5
よく,N5
化,N5
第,N5
ああ,N5
しか,N5
ところ,N5
仕事,N5
言う,N5
市,N5
県,N5
0,N5
あなた,N5
おり,N5
こんな,N5
について,N5
られる,N5
同じ,N5
問題,N5
a,N5
w,N5
まだ,N5
言わ,N5
とき,N5
度,N5
系,N5
手,N5
くる,N5
みんな,N5
ゲーム,N5
そして,N5
思い,N5
情報,N5
くらい,N5
しよ,N5
三,N5
関係,N5
くれる,N5
たく,N5
ながら,N5
会,N5
僕,N5
力,N5
国,N5
しかし,N5
今日,N5
持っ,N5
本当に,N5
m,N5
ちゃん,N5
以上,N5
可能,N5
場合,N5
多い,N5
子,N5
車,N5
金,N5
あ,N5
あの,N5
どこ,N5
なん,N5
男,N5
間,N5
せる,N5
なんか,N5
出来,N5
所,N5
すぎ,N5
人間,N5
使っ,N5
名,N5
女,N5
知ら,N5
s,N5
あと,N5
いう,N5
いく,N5
しれ,N5
やる,N5
位,N5
様,N5
次,N5
行く,N5
しまっ,N5
ほど,N5
入れ,N5
欲しい,N5
無い,N5
the,N5
すぐ,N5
ただ,N5
ましょ,N5
わけ,N5
ノ,N5
入っ,N5
女性,N5
東京,N5
歳,N5
見る,N5
べき,N5
意味,N5
そこ,N5
っ,N5
一緒,N5
多く,N5
b,N5
́,N5
うち,N5
なぁ,N5
君,N5
いっ,N5
ござい,N5
によって,N5
もっと,N5
使用,N5
店,N5
悪い,N5
新,N5
生,N5
結果,N5
食べ,N5
いや,N5
しまう,N5
ぜ,N5
先,N5
内,N5
写真,N5
参加,N5
感,N5
物,N5
知っ,N5
聞い,N5
顔,N5
c,N5
お願い,N5
だって,N5
やつ,N5
会社,N5
声,N5
最近,N5
用,N5
違う,N5
による,N5
ま,N5
十,N5
少し,N5
時代,N5
頭,N5
i,N5
いつも,N5
お前,N5
こ,N5
わから,N5
アメリカ,N5
代,N5
子供,N5
彼,N5
心,N5
高,N5
l,N5
t,N5
こちら,N5
アニメ,N5
サイト,N5
名前,N5
無料,N5
版,N5
神,N5
等,N5
超,N5
つけ,N5
下,N5
元,N5
別,N5
場所,N5
最後,N5
部,N5
高い,N5
いけ,N5
すれ,N5
一番,N5
出し,N5
受け,N5
大丈夫,N5
町,N5
言葉,N5
奴,N5
映画,N5
氏,N5
点,N5
社会,N5
でる,N5
なけれ,N5
作っ,N5
方法,N5
最初,N5
理由,N5
相手,N5
見え,N5
すごい,N5
とても,N5
もん,N5
体,N5
作品,N5
動画,N5
型,N5
始め,N5
彼女,N5
頃,N5
駅,N5
かけ,N5
ちゃう,N5
はず,N5
らしい,N5
下さい,N5
企業,N5
利用,N5
存在,N5
曲,N5
漫画,N5
無理,N5
現在,N5
買っ,N5
d,N5
す,N5
ちゃ,N5
わかる,N5
以外,N5
水,N5
行き,N5
言え,N5
なに,N5
やめ,N5
事件,N5
普通,N5
番,N5
通り,N5
達,N5
ちゃっ,N5
つい,N5
ねえ,N5
女子,N5
学校,N5
得,N5
最高,N5
状態,N5
画像,N5
発売,N5
簡単,N5
約,N5
絶対,N5
̄,N5
ほう,N5
まあ,N5
中国,N5
側,N5
先生,N5
実際,N5
気持ち,N5
確認,N5
開催,N5
すぎる,N5
なし,N5
ほしい,N5
まま,N5
今回,N5
全部,N5
夜,N5
テレビ,N5
個人,N5
外,N5
忘れ,N5
探し,N5
教え,N5
早く,N5
枚,N5
機,N5
法,N5
結婚,N5
○,N5
いえ,N5
ずっと,N5
やり,N5
一つ,N5
出来る,N5
初めて,N5
友達,N5
場,N5
生活,N5
色,N5
言い,N5
やら,N5
ダメ,N5
cm,N5
x,N5
かなり,N5
どんな,N5
にて,N5
により,N5
ねぇ,N5
のみ,N5
よかっ,N5
人気,N5
公開,N5
初,N5
区,N5
新しい,N5
書い,N5
理解,N5
こう,N5
さらに,N5
なぜ,N5
全て,N5
内容,N5
向け,N5
大阪,N5
女の子,N5
娘,N5
対応,N5
放送,N5
活動,N5
状況,N5
登場,N5
続け,N5
販売,N5
起き,N5
音,N5
f,N5
p,N5
r,N5
v,N5
こそ,N5
とも,N5
みる,N5
ネット,N5
全,N5
出る,N5
夢,N5
大変,N5
完全,N5
技術,N5
特に,N5
研究,N5
説明,N5
o,N5
く,N5
せい,N5
そういう,N5
ばかり,N5
式,N5
待っ,N5
思わ,N5
発表,N5
道,N5
風,N5
お金,N5
たくさん,N5
どの,N5
なあ,N5
もちろん,N5
イベント,N5
システム,N5
一般,N5
件,N5
攻撃,N5
無,N5
自身,N5
良かっ,N5
部分,N5
電話,N5
ちゃんと,N5
ニュース,N5
マジ,N5
予定,N5
全員,N5
分から,N5
口,N5
愛,N5
戦争,N5
明日,N5
登録,N5
確か,N5
紹介,N5
終わっ,N5
良く,N5
花,N5
e,N5
☆,N5
いつ,N5
すべて,N5
号,N5
機能,N5
計画,N5
設定,N5
調査,N5
重要,N5
g,N5
★,N5
かわいい,N5
これから,N5
ち,N5
なきゃ,N5
に対して,N5
る,N5
チーム,N5
人生,N5
使う,N5
員,N5
屋,N5
形,N5
昔,N5
朝,N5
来る,N5
生き,N5
目的,N5
自由,N5
記事,N5
過ぎ,N5
開始,N5
開発,N5
際,N5
うん,N5
ねー,N5
まい,N5
地,N5
家族,N5
影響,N5
政府,N5
死ん,N5
男性,N5
読ん,N5
部屋,N5
限定,N5
韓国,N5
おい,N5
にとって,N5
やっぱり,N5
地域,N5
基本,N5
夏,N5
姿,N5
期間,N5
注意,N5
率,N5
管理,N5
英語,N5
街,N5
j,N5
ω,N5
しろ,N5
だから,N5
め,N5
カード,N5
大学,N5
室,N5
強い,N5
撮影,N5
質問,N5
長,N5
h,N5
やすい,N5
わかっ,N5
以前,N5
似,N5
安全,N5
戦,N5
決定,N5
為,N5
王,N5
見える,N5
記念,N5
足,N5
軍,N5
連絡,N5
of,N5
はい,N5
やろ,N5
エロ,N5
シリーズ,N5
ライブ,N5
以下,N5
入り,N5
公式,N5
大きな,N5
大事,N5
毎日,N5
終了,N5
違い,N5
音楽,N5
け,N5
ほとんど,N5
まとめ,N5
んで,N5
アプリ,N5
マン,N5
モデル,N5
個,N5
効果,N5
増え,N5
寝,N5
政治,N5
書,N5
期待,N5
病院,N5
着,N5
結構,N5
行動,N5
過去,N5
and,N5
あまり,N5
こっち,N5
どれ,N5
期,N5
歴史,N5
派,N5
米,N5
線,N5
覚え,N5
話し,N5
─,N5
こいつ,N5
とこ,N5
なれ,N5
において,N5
イメージ,N5
バカ,N5
レベル,N5
一部,N5
使わ,N5
再,N5
台,N5
同,N5
実は,N5
帰っ,N5
最終,N5
楽しみ,N5
海外,N5
犬,N5
考える,N5
評価,N5
警察,N5
追加,N5
選手,N5
関連,N5
k,N5
たかっ,N5
っていう,N5
なー,N5
もらっ,N5
わかり,N5
クソ,N5
サービス,N5
作る,N5
光,N5
全く,N5
全国,N5
希望,N5
怖い,N5
教育,N5
母,N5
海,N5
特別,N5
番組,N5
週間,N5
面白い,N5
twitter,N5
いき,N5
いただき,N5
ぐらい,N5
じゃあ,N5
その後,N5
なんで,N5
゚,N5
デザイン,N5
主,N5
事故,N5
事業,N5
付け,N5
全然,N5
千,N5
環境,N5
社,N5
経済,N5
議員,N5
近く,N5
ええ,N5
つまり,N5
り,N5
データ,N5
ファン,N5
メール,N5
リンク,N5
ヶ月,N5
各,N5
変え,N5
嫌,N5
専門,N5
成功,N5
持つ,N5
文化,N5
映像,N5
検索,N5
楽し,N5
死ぬ,N5
父,N5
発見,N5
to,N5
じ,N5
まず,N5
与え,N5
主義,N5
出演,N5
協力,N5
品,N5
嘘,N5
最大,N5
本当,N5
程度,N5
色々,N5
落ち,N5
逆,N5
量,N5
飲ん,N5
in,N5
プロ,N5
メンバー,N5
今年,N5
代表,N5
変わっ,N5
変更,N5
多分,N5
契約,N5
心配,N5
敵,N5
昨日,N5
猫,N5
生まれ,N5
発生,N5
組,N5
経験,N5
絵,N5
興味,N5
話題,N5
責任,N5
酒,N5
限り,N5
難しい,N5
n,N5
あげ,N5
まぁ,N5
バス,N5
ブログ,N5
ポイント,N5
元気,N5
入る,N5
可愛い,N5
商品,N5
対象,N5
小,N5
年間,N5
支援,N5
残念,N5
決め,N5
白,N5
百,N5
終わり,N5
被害,N5
見つけ,N5
試し,N5
語,N5
運転,N5
選挙,N5
非常,N5
面,N5
●,N5
々,N5
に対する,N5
ぬ,N5
タイプ,N5
企画,N5
使い,N5
億,N5
勉強,N5
報告,N5
彼ら,N5
星,N5
服,N5
流れ,N5
移動,N5
行う,N5
表示,N5
記録,N5
間違い,N5
かい,N5
くん,N5
すごく,N5
なお,N5
スポーツ,N5
チェック,N5
全体,N5
変,N5
妻,N5
嫌い,N5
文字,N5
施設,N5
最も,N5
楽しい,N5
秒,N5
笑,N5
能力,N5
見せ,N5
観,N5
訳,N5
誕生,N5
運動,N5
配信,N5
ch,N5
y,N5
いか,N5
その他,N5
つつ,N5
つもり,N5
とりあえず,N5
なかなか,N5
ほぼ,N5
もし,N5
一方,N5
価値,N5
保護,N5
倍,N5
官,N5
意識,N5
感じる,N5
木,N5
権,N5
詳細,N5
認め,N5
調べ,N5
黒,N5
u,N5
こういう,N5
に関する,N5
作り,N5
周,N5
味,N5
呼ば,N5
失敗,N5
展開,N5
山,N5
担当,N5
提供,N5
時期,N5
気分,N5
求め,N5
答え,N5
精神,N5
組織,N5
買う,N5
飲み,N5
高校,N5
いま,N5
おく,N5
しっかり,N5
そのまま,N5
それぞれ,N5
ほか,N5
タイトル,N5
中心,N5
交換,N5
会い,N5
割,N5
原因,N5
大人,N5
嬉しい,N5
学生,N5
安心,N5
幸せ,N5
投稿,N5
歌,N5
死,N5
薬,N5
行わ,N5
表現,N5
解決,N5
運営,N5
nhk,N5
you,N5
いろいろ,N5
おお,N5
ごめん,N5
しかも,N5
そんなに,N5
キャラ,N5
例,N5
危険,N5
右,N5
営業,N5
当時,N5
感謝,N5
料理,N5
日本人,N5
自然,N5
it,N5
きっと,N5
さえ,N5
カメラ,N5
グループ,N5
セット,N5
ネタ,N5
事実,N5
信じ,N5
出す,N5
分かっ,N5
判断,N5
動物,N5
国内,N5
大会,N5
大好き,N5
巻,N5
師,N5
悪く,N5
想像,N5
春,N5
未,N5
準備,N5
自動,N5
行け,N5
記憶,N5
試合,N5
身,N5
ok,N5
pc,N5
どっち,N5
もっ,N5
ろ,N5
ページ,N5
乗っ,N5
今度,N5
分かる,N5
労働,N5
大きく,N5
大切,N5
居,N5
未来,N5
沖縄,N5
現実,N5
用意,N5
科学,N5
種,N5
結局,N5
美,N5
親,N5
www,N5
アップ,N5
ガン,N5
ドラマ,N5
上げ,N5
予約,N5
仲間,N5
位置,N5
作,N5
印象,N5
反応,N5
少ない,N5
島,N5
日本語,N5
本人,N5
番号,N5
空,N5
綺麗,N5
裏,N5
近い,N5
銀行,N5
長い,N5
あー,N5
いっぱい,N5
もらう,N5
センター,N5
不明,N5
京都,N5
出会い,N5
参考,N5
友人,N5
地球,N5
実施,N5
必ず,N5
更新,N5
皆,N5
購入,N5
重,N5
階,N5
馬,N5
いたし,N5
えっ,N5
ごと,N5
どうぞ,N5
ぼく,N5
やん,N5
よし,N5
シーン,N5
スーパー,N5
ン,N5
人々,N5
使え,N5
卒業,N5
周り,N5
四,N5
国民,N5
多,N5
大統領,N5
宇宙,N5
対策,N5
少女,N5
携帯,N5
時点,N5
村,N5
正直,N5
皆さん,N5
真,N5
肉,N5
行か,N5
頑張っ,N5
no,N5
かかる,N5
どちら,N5
なんと,N5
コメント,N5
トップ,N5
以降,N5
価格,N5
取っ,N5
合わせ,N5
学,N5
差,N5
弾,N5
思え,N5
息子,N5
明らか,N5
楽,N5
止め,N5
消費,N5
火,N5
犯罪,N5
監督,N5
素晴らしい,N5
経営,N5
置い,N5
船,N5
良,N5
読み,N5
負け,N5
通常,N5
障害,N5
電車,N5
食べる,N5
kg,N5
っけ,N5
とっ,N5
または,N5
やれ,N5
よる,N5
アイドル,N5
セックス,N5
ホテル,N5
ロシア,N5
ヽ,N5
不,N5
作業,N5
値,N5
国家,N5
多数,N5
役,N5
戦い,N5
残っ,N5
消え,N5
疲れ,N5
祭,N5
素敵,N5
続ける,N5
聞く,N5
脳,N5
艦,N5
行こ,N5
行為,N5
途中,N5
非,N5
https,N5
°,N5
おっぱい,N5
たぶん,N5
つか,N5
ぶり,N5
ほんと,N5
スタッフ,N5
ドイツ,N5
仕方,N5
入れる,N5
制度,N5
制限,N5
取引,N5
国際,N5
地方,N5
士,N5
完成,N5
少年,N5
強く,N5
方向,N5
有名,N5
本気,N5
森,N5
生産,N5
石,N5
自己,N5
いれ,N5
ちなみに,N5
よろしく,N5
ドル,N5
付き,N5
会議,N5
健康,N5
分かり,N5
勝手,N5
北,N5
北海道,N5
半,N5
呼ん,N5
器,N5
外国,N5
大量,N5
委員,N5
左,N5
平成,N5
当然,N5
恋,N5
旅,N5
特徴,N5
送っ,N5
選択,N5
野球,N5
雨,N5
食事,N5
魔法,N5
by,N5
dvd,N5
tv,N5
いら,N5
おき,N5
かかっ,N5
これら,N5
どういう,N5
に関して,N5
ソフト,N5
人物,N5
低,N5
反対,N5
名古屋,N5
客,N5
専用,N5
弁護士,N5
当,N5
意見,N5
成長,N5
指定,N5
採用,N5
機関,N5
無駄,N5
発,N5
箱,N5
若い,N5
製,N5
買い,N5
赤,N5
逮捕,N5
郡,N5
髪,N5
ど,N5
わたし,N5
スマホ,N5
パン,N5
ライン,N5
ロック,N5
予想,N5
今後,N5
伝え,N5
医療,N5
南,N5
命,N5
変化,N5
夫,N5
新聞,N5
特定,N5
男子,N5
知り,N5
編集,N5
聞き,N5
読む,N5
賞,N5
通信,N5
都,N5
集め,N5
高く,N5
さすが,N5
つく,N5
といった,N5
における,N5
ひとつ,N5
もらい,N5
よい,N5
オリジナル,N5
カップ,N5
テスト,N5
ド,N5
五,N5
制作,N5
壁,N5
大きい,N5
妹,N5
席,N5
掲載,N5
新た,N5
条件,N5
現場,N5
直接,N5
福岡,N5
耳,N5
観光,N5
cd,N5
co,N5
うまく,N5
けれど,N5
たま,N5
クラス,N5
コード,N5
ランキング,N5
レ,N5
凄い,N5
応援,N5
持ち,N5
枠,N5
治療,N5
法律,N5
破壊,N5
種類,N5
級,N5
あたり,N5
いくつ,N5
すでに,N5
それでも,N5
なさい,N5
はじめ,N5
もらえ,N5
゙,N5
ツアー,N5
プレイ,N5
ホント,N5
不安,N5
事務所,N5
使える,N5
動き,N5
取り,N5
含め,N5
小説,N5
局,N5
州,N5
年齢,N5
投票,N5
旅行,N5
機会,N5
活躍,N5
症,N5
美しい,N5
趣味,N5
隊,N5
離れ,N5
飲む,N5
ぇ,N5
おかしい,N5
おはよう,N5
おめでとう,N5
とる,N5
コーヒー,N5
テーマ,N5
トイレ,N5
ハイ,N5
プレゼント,N5
ユーザー,N5
丸,N5
代わり,N5
作ら,N5
勝利,N5
土,N5
地震,N5
失礼,N5
安定,N5
広告,N5
早い,N5
武器,N5
画面,N5
社長,N5
秋,N5
秘密,N5
胸,N5
装置,N5
複数,N5
論,N5
謎,N5
迎え,N5
連続,N5
都市,N5
馬鹿,N5
おかげ,N5
おっ,N5
だめ,N5
みよ,N5
やはり,N5
オレ,N5
サッカー,N5
例えば,N5
処理,N5
及び,N5
受ける,N5
常に,N5
捨て,N5
描い,N5
株式会社,N5
正しい,N5
満足,N5
生徒,N5
科,N5
笑っ,N5
米国,N5
紙,N5
練習,N5
費,N5
違っ,N5
食,N5
for,N5
mm,N5
あげる,N5
いずれ,N5
っぽい,N5
やっぱ,N5
ゆっくり,N5
ジョン,N5
スタート,N5
ママ,N5
メッセージ,N5
メディア,N5
メーカー,N5
主張,N5
会場,N5
会話,N5
作戦,N5
制,N5
加え,N5
同様,N5
団体,N5
定期,N5
導入,N5
市場,N5
弟,N5
杯,N5
様々,N5
横,N5
決まっ,N5
物語,N5
申し訳,N5
瞬間,N5
罪,N5
選ん,N5
電子,N5
電気,N5
いくら,N5
ぉ,N5
てん,N5
とにかく,N5
ふ,N5
コース,N5
ビル,N5
フランス,N5
ブラック,N5
会っ,N5
公演,N5
合,N5
地元,N5
報道,N5
変わる,N5
天,N5
小さい,N5
小さな,N5
川,N5
市民,N5
帰り,N5
感覚,N5
戻っ,N5
指導,N5
操作,N5
普段,N5
横浜,N5
現代,N5
禁止,N5
総,N5
自体,N5
遊び,N5
集,N5
首,N5
あるいは,N5
がっ,N5
べ,N5
アクセス,N5
サイズ,N5
スタイル,N5
バンド,N5
フリー,N5
メイン,N5
付い,N5
体験,N5
借り,N5
兄,N5
八,N5
冬,N5
売っ,N5
安,N5
安い,N5
平和,N5
広島,N5
思い出し,N5
最,N5
条,N5
機械,N5
殺し,N5
穴,N5
聞か,N5
舞台,N5
設置,N5
雰囲気,N5
頂き,N5
on,N5
z,N4
かしら,N4
すら,N4
そこで,N4
そろそろ,N4
っと,N4
なるほど,N4
ものの,N4
スマ,N4
信頼,N4
切れ,N4
勝ち,N4
募集,N4
半分,N4
友,N4
始まっ,N4
店舗,N4
感情,N4
批判,N4
既に,N4
旧,N4
業務,N4
業界,N4
無し,N4
発言,N4
相当,N4
相談,N4
維持,N4
表,N4
西,N4
要素,N4
視聴,N4
解説,N4
言える,N4
設計,N4
試験,N4
距離,N4
身体,N4
雑誌,N4
青,N4
id,N4
iphone,N4
is,N4
かつ,N4
こんなに,N4
せよ,N4
そ,N4
だし,N4
まったく,N4
オープン,N4
クラブ,N4
スター,N4
タイム,N4
リスト,N4
仕様,N4
公園,N4
努力,N4
同時に,N4
唯一,N4
城,N4
基準,N4
始める,N4
層,N4
得る,N4
復活,N4
性格,N4
提案,N4
最新,N4
東,N4
桜,N4
検査,N4
比べ,N4
沢山,N4
確実,N4
福島,N4
終わる,N4
編,N4
自ら,N4
製品,N4
見れ,N4
足り,N4
連れ,N4
http,N4
および,N4
ごめんなさい,N4
だい,N4
だら,N4
どんどん,N4
アイテム,N4
カラー,N4
ガス,N4
ボール,N4
レース,N4
ヾ,N4
世代,N4
以来,N4
余裕,N4
停止,N4
剣,N4
古い,N4
同士,N4
太,N4
家庭,N4
平均,N4
年代,N4
強,N4
後ろ,N4
指,N4
挑戦,N4
文,N4
書か,N4
構造,N4
権利,N4
目標,N4
知識,N4
立て,N4
続い,N4
続く,N4
逃げ,N4
間違っ,N4
雪,N4
あら,N4
いつか,N4
さっき,N4
ぜひ,N4
なれる,N4
ゆう,N4
アルバム,N4
キャラクター,N4
キー,N4
ファイル,N4
ベース,N4
マーク,N4
ラジオ,N4
不思議,N4
中央,N4
主人公,N4
保存,N4
保険,N4
優勝,N4
助け,N4
周辺,N4
団,N4
土地,N4
字,N4
実験,N4
対,N4
建物,N4
御,N4
急,N4
患者,N4
悪,N4
愛し,N4
支配,N4
残し,N4
民,N4
規模,N4
闇,N4
魂,N4
jr,N4
おら,N4
こんにちは,N4
さて,N4
しばらく,N4
そりゃ,N4
ただし,N4
なか,N4
アカウント,N4
エネルギー,N4
チャンス,N4
バレ,N4
ミ,N4
リアル,N4
ルール,N4
上がっ,N4
交通,N4
他人,N4
付,N4
低い,N4
住ん,N4
再生,N4
切っ,N4
博士,N4
取れ,N4
取得,N4
含ま,N4
回復,N4
姫,N4
子ども,N4
実行,N4
引き,N4
恋愛,N4
戦闘,N4
政策,N4
様子,N4
次第,N4
殺人,N4
爆発,N4
界,N4
病気,N4
痛い,N4
続き,N4
総合,N4
長く,N4
面倒,N4
類,N4
館,N4
av,N4
おれ,N4
お互い,N4
かっ,N4
きれい,N4
さま,N4
どうして,N4
にくい,N4
ひ,N4
まさに,N4
もらえる,N4
やっと,N4
わか,N4
ケース,N4
ステージ,N4
バック,N4
パンツ,N4
ビジネス,N4
プログラム,N4
リリース,N4
休み,N4
値段,N4
別に,N4
取る,N4
呼ぶ,N4
変わら,N4
尻,N4
工事,N4
工場,N4
我慢,N4
段階,N4
激,N4
獣,N4
突然,N4
美味しい,N4
葉,N4
血,N4
行い,N4
起こし,N4
週,N4
進め,N4
com,N4
q,N4
web,N4
youtube,N4
お話,N4
かね,N4
それら,N4
ちょうど,N4
つける,N4
まさか,N4
イラスト,N4
シャツ,N4
ストーリー,N4
ゼロ,N4
ダンス,N4
バー,N4
ベッド,N4
ラーメン,N4
一体,N4
働い,N4
剤,N4
午後,N4
基地,N4
声優,N4
女優,N4
姉,N4
帯,N4
扱い,N4
支持,N4
教授,N4
料,N4
昭和,N4
本来,N4
残り,N4
気づい,N4
注目,N4
消し,N4
無事,N4
異常,N4
知る,N4
立っ,N4
致し,N4
要求,N4
証明,N4
認識,N4
開い,N4
集中,N4
魅力,N4
my,N4
おけ,N4
こい,N4
ずつ,N4
とともに,N4
ひどい,N4
もと,N4
ブロック,N4
人達,N4
依頼,N4
兄弟,N4
刑事,N4
園,N4
安倍,N4
完了,N4
実現,N4
放題,N4
政権,N4
新宿,N4
是非,N4
更に,N4
本物,N4
案内,N4
検討,N4
構成,N4
死亡,N4
母親,N4
異なる,N4
空気,N4
立場,N4
納得,N4
脚,N4
腕,N4
製造,N4
詐欺,N4
速,N4
魚,N4
いわ,N4
すみません,N4
エッチ,N4
エンジン,N4
デビュー,N4
ヤバ,N4
ワン,N4
人類,N4
作成,N4
内部,N4
到着,N4
収録,N4
含む,N4
固定,N4
太郎,N4
始まる,N4
学園,N4
守る,N4
将来,N4
手段,N4
技,N4
指摘,N4
授業,N4
末,N4
業,N4
楽天,N4
歩い,N4
死に,N4
毛,N4
確保,N4
税,N4
腹,N4
許さ,N4
詳しく,N4
返し,N4
連中,N4
銃,N4
開け,N4
隣,N4
集団,N4
鳥,N4
line,N4
vs,N4
■,N4
げ,N4
それで,N4
たん,N4
つき,N4
まずは,N4
もしくは,N4
クリア,N4
シングル,N4
フル,N4
プロジェクト,N4
ロボット,N4
一覧,N4
上手く,N4
会員,N4
便,N4
便利,N4
信用,N4
券,N4
困っ,N4
地獄,N4
始まり,N4
恋人,N4
捜査,N4
板,N4
歩,N4
比較,N4
派遣,N4
演奏,N4
父親,N4
玉,N4
病,N4
知れ,N4
社員,N4
裁判,N4
証拠,N4
誌,N4
調子,N4
資金,N4
選,N4
風呂,N4
go,N4
url,N4
あんな,N4
いろんな,N4
すげ,N4
すん,N4
とけ,N4
と共に,N4
なくなっ,N4
まくっ,N4
まるで,N4
インターネット,N4
タイ,N4
ダム,N4
パ,N4
ビデオ,N4
ベスト,N4
ホ,N4
ボタン,N4
ミス,N4
モノ,N4
伝説,N4
修正,N4
分析,N4
初期,N4
千葉,N4
居る,N4
年度,N4
強化,N4
感想,N4
感染,N4
我々,N4
掛け,N4
探す,N4
書き,N4
法人,N4
深夜,N4
温泉,N4
無く,N4
熱,N4
画,N4
皆様,N4
範囲,N4
緑,N4
自信,N4
自動車,N4
自殺,N4
迷惑,N4
運,N4
道路,N4
達成,N4
関西,N4
live,N4
あいつ,N4
おいしい,N4
おすすめ,N4
そもそも,N4
とい,N4
とく,N4
もう少し,N4
よー,N4
イン,N4
キス,N4
タイミング,N4
ツイート,N4
デジタル,N4
デート,N4
バイト,N4
パワー,N4
ビール,N4
与える,N4
事前,N4
出身,N4
前回,N4
劇場,N4
収入,N4
向かっ,N4
慣れ,N4
投資,N4
拡大,N4
改善,N4
暮らし,N4
書く,N4
最低,N4
歓迎,N4
気軽,N4
済み,N4
無かっ,N4
現れ,N4
目指し,N4
窓,N4
約束,N4
自転車,N4
草,N4
落とし,N4
計算,N4
訓練,N4
資料,N4
連載,N4
進化,N4
院,N4
首相,N4
かける,N4
かつて,N4
そっち,N4
ついに,N4
はっきり,N4
ひと,N4
まだまだ,N4
イカ,N4
イギリス,N4
オリンピック,N4
ブランド,N4
一切,N4
七,N4
不足,N4
世紀,N4
両,N4
久しぶり,N4
事態,N4
以内,N4
何で,N4
候補,N4
六,N4
原作,N4
合う,N4
変える,N4
好み,N4
押し,N4
掃除,N4
接続,N4
教師,N4
日常,N4
省,N4
確定,N4
空間,N4
立ち,N4
筋,N4
職場,N4
興奮,N4
規制,N4
説,N4
辛い,N4
進ん,N4
遅れ,N4
at,N4
km,N4
なんとか,N4
ひとり,N4
ぶっ,N4
カバー,N4
キャンペーン,N4
シーズン,N4
ストレス,N4
ドラゴン,N4
パソコン,N4
ブラ,N4
ホーム,N4
ボス,N4
ヤツ,N4
ライト,N4
交渉,N4
住民,N4
再び,N4
合っ,N4
噂,N4
天使,N4
実,N4
小学校,N4
展示,N4
後半,N4
所有,N4
抜け,N4
搭載,N4
新作,N4
最悪,N4
模様,N4
殺さ,N4
産業,N4
祭り,N4
細胞,N4
肌,N4
背景,N4
行,N4
言語,N4
質,N4
近所,N4
閲覧,N4
ps,N4
あん,N4
あんまり,N4
おじさん,N4
ころ,N4
ちん,N4
むしろ,N4
オススメ,N4
ゴミ,N4
トラック,N4
ドン,N4
ポ,N4
モード,N4
ロ,N4
伝統,N4
優先,N4
先輩,N4
党,N4
処分,N4
分野,N4
医師,N4
図,N4
宗教,N4
寝る,N4
巨大,N4
投げ,N4
持た,N4
最強,N4
渋谷,N4
生命,N4
男女,N4
示し,N4
緊急,N4
許可,N4
通っ,N4
靴,N4
高速,N4
鬼,N4
〇,N4
あろ,N4
いける,N4
うまい,N4
うーん,N4
ご覧,N4
たった,N4
だれ,N4
どうも,N4
やすく,N4
キロ,N4
テロ,N4
ニューヨーク,N4
ヒット,N4
リスク,N4
ロー,N4
中身,N4
事情,N4
交流,N4
人口,N4
共,N4
利益,N4
受け入れ,N4
地下,N4
大臣,N4
宣伝,N4
小学生,N4
帰る,N4
建設,N4
当たり前,N4
本日,N4
正確,N4
減っ,N4
物質,N4
獲得,N4
痛み,N4
相,N4
記者,N4
認定,N4
調整,N4
過ぎる,N4
電,N4
me,N4
あまりに,N4
いきなり,N4
お腹,N4
くそ,N4
びっくり,N4
めっちゃ,N4
ゆ,N4
インタビュー,N4
ダイエット,N4
パーティー,N4
ワロタ,N4
世,N4
住宅,N4
優しい,N4
副,N4
単位,N4
増加,N4
少なくとも,N4
届け,N4
建築,N4
心理,N4
手術,N4
書籍,N4
株,N4
楽しく,N4
次元,N4
求める,N4
深い,N4
無視,N4
状,N4
生きる,N4
章,N4
笑顔,N4
継続,N4
美人,N4
角,N4
触れ,N4
諦め,N4
議論,N4
資格,N4
運用,N4
邪魔,N4
部隊,N4
銀,N4
間違え,N4
限ら,N4
隠し,N4
額,N4
駄目,N4
龍,N4
or,N4
そば,N4
っす,N4
ほ,N4
ぽ,N4
エリア,N4
ガ,N4
コス,N4
サポート,N4
ショー,N4
バランス,N4
レッド,N4
両方,N4
中止,N4
優秀,N4
出会っ,N4
出版,N4
分け,N4
卵,N4
厳しい,N4
台湾,N4
和,N4
埼玉,N4
壊れ,N4
太陽,N4
府,N4
座,N4
弱い,N4
得意,N4
思い出,N4
悪魔,N4
新規,N4
核,N4
業者,N4
残る,N4
演出,N4
牛,N4
発展,N4
翻訳,N4
記載,N4
話す,N4
語っ,N4
送料,N4
速度,N4
遊ん,N4
過ごし,N4
選ば,N4
飛ん,N4
amazon,N4
japan,N4
love,N4
あぁ,N4
あたし,N4
では,N4
みなさん,N4
アジア,N4
カレー,N4
チン,N4
ブルー,N4
マスター,N4
マンガ,N4
二つ,N4
任せ,N4
何故,N4
使い方,N4
傾向,N4
働く,N4
初め,N4
制御,N4
前後,N4
午前,N4
喜ん,N4
圏,N4
大型,N4
巨人,N4
抵抗,N4
撮っ,N4
毎年,N4
比,N4
王子,N4
疑問,N4
神奈川,N4
程,N4
経,N4
繰り返し,N4
聞こえ,N4
自宅,N4
臭い,N4
苦手,N4
走っ,N4
述べ,N4
選ぶ,N4
避け,N4
魔,N4
鼻,N4
be,N4
new,N4
だが,N4
に対し,N4
やり方,N4
オンライン,N4
スト,N4
ノー,N4
バイク,N4
バージョン,N4
ミニ,N4
リーダー,N4
体制,N4
兵器,N4
出せ,N4
危機,N4
即,N4
妄想,N4
安く,N4
山田,N4
当たり,N4
待ち,N4
悲しい,N4
撮り,N4
段,N4
注文,N4
独自,N4
生物,N4
産,N4
発行,N4
監視,N4
目指す,N4
確率,N4
神経,N4
職,N4
診断,N4
身長,N4
野菜,N4
防衛,N4
いただい,N4
おまえ,N4
お母さん,N4
がる,N4
きっかけ,N4
くせ,N4
さぁ,N4
だらけ,N4
イタリア,N4
ケーキ,N4
コンビニ,N4
スーツ,N4
ドア,N4
ワイン,N4
上手,N4
乳,N4
共通,N4
具体,N4
別れ,N4
動い,N4
動く,N4
勝っ,N4
台風,N4
否定,N4
回転,N4
塩,N4
多かっ,N4
将軍,N4
少なく,N4
崩壊,N4
強制,N4
当選,N4
感動,N4
憲法,N4
指示,N4
教会,N4
本格,N4
橋,N4
歯,N4
汗,N4
涙,N4
炎,N4
特殊,N4
現地,N4
神戸,N4
美少女,N4
職員,N4
術,N4
装備,N4
負担,N4
貴方,N4
酷い,N4
骨,N4
sns,N4
vol,N4
with,N4
うれしい,N4
ご飯,N4
そのもの,N4
ってな,N4
とっても,N4
どうしても,N4
やばい,N4
らしく,N4
アレ,N4
オタク,N4
オフィス,N4
カット,N4
カフェ,N4
カー,N4
クリスマス,N4
グッズ,N4
コレ,N4
パターン,N4
プレ,N4
一生,N4
上司,N4
今夜,N4
体重,N4
共同,N4
剛,N4
去年,N4
命令,N4
奴隷,N4
床,N4
当日,N4
怒り,N4
戦略,N4
案,N4
熊本,N4
理想,N4
甘い,N4
空港,N4
袋,N4
見た目,N4
豚,N4
違反,N4
都合,N4
鍵,N4
関東,N4
食品,N4
jp,N4
えー,N4
かっこいい,N4
それとも,N4
たび,N4
ねん,N4
アリ,N4
インド,N4
ゲスト,N4
ジャンル,N4
ダウンロード,N4
モンスター,N4
人数,N4
会う,N4
会え,N4
匂い,N4
協会,N4
単純,N4
困難,N4
垢,N4
大き,N4
性能,N4
拒否,N4
新潟,N4
札幌,N4
独立,N4
理論,N4
真実,N4
積極,N4
素材,N4
虫,N4
見かけ,N4
解放,N4
許し,N4
貰っ,N4
赤ちゃん,N4
輪,N4
辞め,N4
適当,N4
金融,N4
鏡,N4
関心,N4
all,N4
bot,N4
windows,N4
◆,N4
かん,N4
たっ,N4
ども,N4
サイド,N4
スキル,N4
チャンネル,N4
ツイッター,N4
トン,N4
ニュー,N4
マイ,N4
ランク,N4
ロード,N4
上位,N4
不可能,N4
九,N4
予算,N4
会長,N4
伝,N4
作家,N4
保証,N4
備え,N4
公,N4
兵,N4
列,N4
匹,N4
取ら,N4
取材,N4
困る,N4
学習,N4
完璧,N4
容疑,N4
役割,N4
後悔,N4
挨拶,N4
正義,N4
決して,N4
災害,N4
真面目,N4
肩,N4
自,N4
落ち着い,N4
衝撃,N4
課題,N4
避難,N4
野郎,N4
面白,N4
革命,N4
hp,N4
up,N4
あらゆる,N4
おそらく,N4
お待ち,N4
がち,N4
すき,N4
ばっかり,N4
イヤ,N4
ガチ,N4
コピー,N4
コンテンツ,N4
コーナー,N4
サイン,N4
トーク,N4
プレイヤー,N4
ロンドン,N4
佐藤,N4
何とか,N4
勤務,N4
医,N4
同意,N4
向こう,N4
地区,N4
売れ,N4
天才,N4
天気,N4
奴ら,N4
実況,N4
寒い,N4
展,N4
彩,N4
影,N4
彼氏,N4
恐怖,N4
愛知,N4
整備,N4
暇,N4
有効,N4
標準,N4
決める,N4
流し,N4
深,N4
特集,N4
白い,N4
終わら,N4
育て,N4
育成,N4
芸術,N4
行ける,N4
解散,N4
車両,N4
込ん,N4
頼む,N4
驚き,N4
高校生,N4
one,N4
this,N4
ありがと,N4
アホ,N4
スペシャル,N4
スペース,N4
ダメージ,N4
ポスト,N4
マシン,N4
レイ,N4
一時,N4
一瞬,N4
世の中,N4
世界中,N4
両親,N4
今週,N4
働き,N4
元々,N4
加工,N4
参戦,N4
反,N4
史,N4
向い,N4
売り,N4
妊娠,N4
審査,N4
山口,N4
平,N4
建て,N4
怒ら,N4
戦う,N4
招待,N4
教室,N4
植物,N4
殺す,N4
殺害,N4
毎回,N4
波,N4
流,N4
焼き,N4
特典,N4
現,N4
用い,N4
異,N4
看護,N4
義務,N4
聖,N4
職業,N4
複雑,N4
視,N4
赤い,N4
起きる,N4
起こっ,N4
通,N4
運命,N4
食べ物,N4
やめろ,N4
グリーン,N4
コミック,N4
ショップ,N4
タグ,N4
トラブル,N4
バトル,N4
パリ,N4
リア,N4
上昇,N4
不満,N4
仲,N4
保障,N4
入手,N4
分の,N4
列車,N4
勝負,N4
司令,N4
向かう,N4
周囲,N4
国会,N4
基礎,N4
増える,N4
売る,N4
姿勢,N4
宣言,N4
山本,N4
形式,N4
忙しい,N4
思想,N4
描く,N4
改正,N4
数字,N4
整理,N4
方針,N4
時計,N4
機器,N4
現状,N4
発射,N4
発電,N4
組み合わせ,N4
緊張,N4
芸能,N4
若者,N4
荷物,N4
著作,N4
行政,N4
衣装,N4
計,N4
買い物,N4
買え,N4
起こる,N4
超える,N4
連,N4
進む,N4
進行,N4
遅い,N4
遅く,N4
限界,N4
集まっ,N4
静岡,N4
飯,N4
駐車,N4
驚い,N4
お客様,N4
お気に入り,N4
きれ,N4
どうせ,N4
まじ,N4
もはや,N4
アナ,N4
アン,N4
コスト,N4
シ,N4
ショック,N4
セフレ,N4
タバコ,N4
ダウン,N4
ネットワーク,N4
パパ,N4
ホール,N4
ボックス,N4
ヨーロッパ,N4
リング,N4
一応,N4
伸び,N4
信号,N4
傷,N4
入力,N4
共有,N4
初心者,N4
効率,N4
名誉,N4
向上,N4
喜び,N4
嵐,N4
差別,N4
当て,N4
徒歩,N4
恐れ,N4
手紙,N4
払っ,N4
文章,N4
日々,N4
明確,N4
昼,N4
本当は,N4
本部,N4
気付い,N4
水着,N4
永遠,N4
特,N4
現象,N4
田中,N4
示す,N4
神社,N4
結婚式,N4
英,N4
血液,N4
覚悟,N4
詳しい,N4
語る,N4
辺,N4
送る,N4
鉄,N4
音声,N4
頂い,N4
google,N4
ぁ,N4
あい,N4
いこ,N4
いわゆる,N4
がん,N4
たろ,N4
とり,N4
とんでも,N4
アート,N4
コントロール,N4
ジャンプ,N4
スピード,N4
ソロ,N4
ピン,N4
ピンク,N4
プラス,N4
リー,N4
リーグ,N4
上記,N4
事務,N4
人形,N4
修理,N4
児童,N4
公共,N4
原,N4
可,N4
喧嘩,N4
坂,N4
学者,N4
引退,N4
当たる,N4
成立,N4
推進,N4
放置,N4
料金,N4
旦那,N4
暴力,N4
有,N4
民間,N4
気に入っ,N4
源,N4
燃料,N4
知り合い,N4
素人,N4
統一,N4
背中,N4
解消,N4
財布,N4
越え,N4
速報,N4
遺産,N4
配置,N4
電力,N4
android,N4
うわ,N4
おる,N4
だり,N4
とおり,N4
なんだか,N4
ほんとに,N4
やってき,N4
わざわざ,N4
わずか,N4
クズ,N4
スペイン,N4
チケット,N4
プール,N4
ルート,N4
レビュー,N4
ローン,N4
一定,N4
中学,N4
乗る,N4
優れ,N4
共に,N4
再現,N4
勝,N4
味方,N4
回収,N4
回答,N4
圧倒的,N4
地図,N4
報酬,N4
場面,N4
変わり,N4
変態,N4
変換,N4
失っ,N4
季節,N4
学ん,N4
就職,N4
幅,N4
平日,N4
応募,N4
態度,N4
戦士,N4
扉,N4
指揮,N4
掲示板,N4
改めて,N4
正,N4
狙っ,N4
男の子,N4
直後,N4
筋肉,N4
純,N4
置く,N4
美容,N4
腰,N4
航空,N4
製作,N4
見事,N4
規則,N4
規定,N4
設備,N4
谷,N4
起動,N4
送り,N4
適用,N4
選択肢,N4
鈴木,N4
鉄道,N4
高級,N4
麺,N4
うる,N4
お知らせ,N4
お茶,N4
ざる,N4
せっかく,N4
そっ,N4
ばっか,N4
へん,N4
ほら,N4
みな,N4
サブ,N4
デ,N4
ドライブ,N4
ニーズ,N4
ハウス,N4
ハート,N4
パック,N4
一気に,N4
上がる,N4
乗り,N4
九州,N4
人工,N4
免許,N4
入ら,N4
全力,N4
全身,N4
内閣,N4
切り,N4
初回,N4
同僚,N4
大手,N4
夫婦,N4
奥,N4
実家,N4
当たっ,N4
応じ,N4
恐ろしい,N4
戻る,N4
挙げ,N4
描か,N4
文句,N4
文書,N4
普及,N4
来年,N4
歌詞,N4
死ね,N4
毒,N4
泣い,N4
活用,N4
犯人,N4
申請,N4
盤,N4
直し,N4
福祉,N4
笑う,N4
策,N4
解除,N4
読める,N4
軽く,N4
長官,N4
長野,N4
降り,N4
離婚,N4
食い,N4
飽き,N4
高齢,N4
op,N4
that,N4
か月,N4
さあ,N4
さくら,N4
にゃ,N4
ようやく,N4
ギター,N4
コミュニティ,N4
ピアノ,N4
ポケモン,N4
メートル,N4
ユニット,N4
伝える,N4
削除,N4
勇気,N4
勢い,N4
参照,N4
合格,N4
同じく,N4
回し,N4
多少,N4
学ぶ,N4
宮,N4
対処,N4
座っ,N4
当初,N4
必死,N4
怖く,N4
意思,N4
所属,N4
提出,N4
楽しかっ,N4
深く,N4
環,N4
短い,N4
笑い,N4
給料,N4
老人,N4
色んな,N4
落ちる,N4
表情,N4
読め,N4
週末,N4
関,N4
静か,N4
食っ,N4
高橋,N4
ありがたい,N4
いち,N4
つらい,N4
ほん,N4
もともと,N4
りん,N4
わぁ,N4
アクション,N4
アーティスト,N4
デカ,N4
プレミアム,N4
ホワイト,N4
レス,N4
一言,N4
上げる,N4
並ん,N4
中学生,N4
具合,N4
動か,N4
化学,N4
医者,N4
受賞,N4
合計,N4
同人,N4
呼び,N4
問わ,N4
外部,N4
姉さん,N4
定義,N4
左右,N4
帝国,N4
恥ずかしい,N4
悩み,N4
悪化,N4
意外,N4
意外と,N4
抱え,N4
日記,N4
松,N4
次に,N4
正解,N4
江戸,N4
相互,N4
神様,N4
絶望,N4
耐え,N4
聴い,N4
芸人,N4
訪問,N4
走る,N4
迷っ,N4
野,N4
集合,N4
願い,N4
高度,N4
news,N4
ある程度,N4
おかしく,N4
おやすみ,N4
どん,N4
ないし,N4
なろ,N4
やる気,N4
オナニー,N4
キング,N4
ココ,N4
チーズ,N4
ッ,N4
ナンバー,N4
ノート,N4
ヒーロー,N4
ファッション,N4
プロフィール,N4
ペット,N4
ポケット,N4
下手,N4
仙台,N4
休日,N4
充電,N4
入,N4
冊,N4
出現,N4
刀,N4
前半,N4
創作,N4
大分,N4
奇跡,N4
宮崎,N4
平気,N4
幼稚園,N4
強力,N4
心臓,N4
悩ん,N4
攻略,N4
教,N4
新人,N4
時々,N4
有り,N4
期限,N4
本体,N4
歌っ,N4
流行,N4
混乱,N4
王国,N4
糞,N4
縁,N4
群,N4
考え方,N4
自衛隊,N4
華,N4
見せる,N4
貴重,N4
費用,N4
軍事,N4
陣,N4
雇用,N4
項目,N4
順,N4
香,N4
▼,N4
あそこ,N4
きちんと,N4
さっさと,N4
まとも,N4
やや,N4
イイ,N4
キャリア,N4
ジャ,N4
スマート,N4
セ,N4
セール,N4
ソース,N4
チャレンジ,N4
ナ,N4
ハード,N4
バッグ,N4
ブック,N4
下がっ,N4
不要,N4
丶,N4
仕組み,N4
任務,N4
会える,N4
低下,N4
住む,N4
余計,N4
作れ,N4
入学,N4
出発,N4
制服,N4
危ない,N4
原発,N4
受付,N4
受験,N4
各種,N4
吉田,N4
回っ,N4
図書館,N4
増やし,N4
嫁,N4
実績,N4
属性,N4
岡山,N4
巨乳,N4
引い,N4
思考,N4
惑星,N4
把握,N4
抑え,N4
方式,N4
書類,N4
松本,N4
概念,N4
気温,N4
物理,N4
現金,N4
睡眠,N4
競技,N4
経っ,N4
艦隊,N4
路線,N4
酸,N4
重い,N4
黒い,N4
▽,N4
◎,N4
ごろ,N4
そいつ,N4
だいぶ,N4
ちょ,N4
とら,N4
わし,N4
イ,N4
イケメン,N4
ガラス,N4
クラ,N4
ゲー,N4
コンピュータ,N4
ゴルフ,N4
センス,N4
タダ,N4
ドライバー,N4
ニコニコ,N4
バラ,N4
ボク,N4
ミサイル,N4
モン,N4
ヤバイ,N4
ラブ,N4
ルーム,N4
レストラン,N4
丁,N4
中継,N4
介護,N4
住所,N4
依存,N4
像,N4
出来事,N4
勢,N4
勧め,N4
単に,N4
回数,N4
回避,N4
天皇,N4
市長,N4
広く,N4
店員,N4
弱,N4
従業,N4
思い出す,N4
想定,N4
懐かしい,N4
成果,N4
手法,N4
抜き,N4
披露,N4
方々,N4
早,N4
有料,N4
極,N4
楽しめる,N4
欲しかっ,N4
民主,N4
氷,N4
油,N4
活,N4
減少,N4
渡し,N4
無線,N4
犠牲,N4
狼,N4
研究所,N4
端末,N4
終え,N4
脱毛,N4
苦労,N4
請求,N4
資産,N4
輸入,N4
返事,N4
送信,N4
遠く,N4
部門,N4
長期,N4
電源,N4
領域,N4
騎士,N4
from,N4
いただける,N4
きり,N4
まち,N4
もう一度,N4
もち,N4
ァ,N4
コ,N4
ス,N4
パス,N4
パートナー,N4
ポール,N4
メモ,N4
リード,N4
世間,N4
主催,N4
付き合っ,N4
先日,N4
勘違い,N4
勝て,N4
北朝鮮,N4
同時,N4
外し,N4
希,N4
底,N4
延長,N4
復帰,N4
承認,N4
振り,N4
散歩,N4
数学,N4
新幹線,N4
熱い,N4
爆弾,N4
狙い,N4
球,N4
真剣,N4
移行,N4
競争,N4
素直,N4
羽,N4
自慢,N4
訪れ,N4
訴訟,N4
貢献,N4
軸,N4
道具,N4
遠い,N4
遺伝子,N4
配布,N4
里,N4
金属,N4
門,N4
開く,N4
防止,N4
韓,N4
飛行,N4
飛行機,N4
鹿児島,N4
ed,N4
ww,N4
おこ,N4
お世話,N4
お客,N4
こりゃ,N4
たる,N4
だいたい,N4
てれ,N4
とれ,N4
どっか,N4
ゝ,N4
キャスト,N4
コンサート,N4
ゴール,N4
ダン,N4
ツール,N4
パート,N4
フィギュア,N4
ホームページ,N4
マスク,N4
メイク,N4
メニュー,N4
ラン,N4
ランド,N4
上がり,N4
了解,N4
予測,N4
亜,N4
付近,N4
作者,N4
健,N4
優しく,N4
充実,N4
先行,N4
児,N4
冒険,N4
冗談,N4
出場,N4
前提,N4
匿名,N4
取り上げ,N4
告白,N4
国立,N4
大体,N4
婦,N4
実装,N4
対戦,N4
寿司,N4
従来,N4
怪我,N4
抜い,N4
明治,N4
材料,N4
棒,N4
権力,N4
機種,N4
次回,N4
止まっ,N4
正規,N4
毎週,N4
比較的,N4
民族,N4
気づか,N4
激しい,N4
珍しい,N4
票,N4
立つ,N4
総理,N4
考慮,N4
茶,N4
解釈,N4
証,N4
警備,N4
買わ,N4
辺り,N4
違法,N4
面白かっ,N4
風俗,N4
香り,N4
fc,N4
ii,N4
ver,N4
あんた,N4
うた,N4
うるさい,N4
けっこう,N4
こん,N4
ついてる,N4
まくり,N4
もうすぐ,N4
もっとも,N4
オフ,N4
カッコ,N4
クロス,N4
ケツ,N4
コイン,N4
コマ,N4
コレクション,N4
ジム,N4
ジャパン,N4
テーブル,N4
ドレス,N4
ハン,N4
バン,N4
パーツ,N4
メキシコ,N4
ロゴ,N4
ワールド,N4
休憩,N4
作用,N4
供給,N4
俳優,N4
公表,N4
判明,N4
動作,N4
勢力,N4
半年,N4
地上,N4
塾,N4
大半,N4
大幅,N4
女王,N4
好,N4
対立,N4
小さく,N4
市内,N4
廃止,N4
引用,N4
待つ,N4
息,N4
意図,N4
戦っ,N4
戻り,N4
支え,N4
晩,N4
暑い,N4
校,N4
格好,N4
欄,N4
歩く,N4
民主党,N4
洗濯,N4
漢字,N4
田舎,N4
症状,N4
皮,N4
直前,N4
石川,N4
英国,N4
視点,N4
観察,N4
買える,N4
通販,N4
閉鎖,N4
需要,N4
飲ま,N4
as,N4
so,N4
ss,N4
なき,N4
めちゃくちゃ,N4
やす,N4
ゆき,N4
を通じて,N4
アウト,N4
イオン,N4
ウイルス,N4
クロ,N4
サンプル,N4
スタジオ,N4
タクシー,N4
フォン,N4
ライフ,N4
一致,N4
不正,N4
乗せ,N4
仲良く,N4
優,N4
出力,N4
加藤,N4
収集,N4
多様,N4
姉妹,N4
守っ,N4
岩,N4
弁当,N4
形成,N4
微妙,N4
我,N4
才,N4
族,N4
暗殺,N4
朝鮮,N4
楽しむ,N4
武装,N4
池,N4
済む,N4
直,N4
眼,N4
立派,N4
競馬,N4
缶,N4
脱出,N4
自民党,N4
舐め,N4
若,N4
英雄,N4
菜,N4
衛星,N4
補助,N4
要,N4
要請,N4
設立,N4
財産,N4
軽,N4
連合,N4
連邦,N4
釣り,N4
頼ん,N4
box,N4
gb,N4
off,N4
th,N4
д,N4
かかわら,N4
すいません,N4
ぼ,N4
みれ,N4
もしか,N4
アイデア,N4
オール,N4
キリスト,N4
クリ,N4
クリック,N4
クール,N4
コート,N4
ション,N4
セキュリティ,N4
セクシー,N4
ハメ,N4
ブーム,N4
マシ,N4
マス,N4
ラスト,N4
下げ,N4
不良,N4
中古,N4
乳首,N4
五輪,N4
亡くなっ,N4
体調,N4
倒し,N4
先週,N4
兵庫,N4
刺激,N4
創造,N4
化粧,N4
吸収,N4
天然,N4
婚,N4
実質,N4
屋根,N4
怒っ,N4
才能,N4
打っ,N4
改革,N4
構築,N4
正体,N4
歩き,N4
港,N4
生まれる,N4
相変わらず,N4
眠れ,N4
空い,N4
突破,N4
繋がり,N4
若干,N4
要ら,N4
訴え,N4
認知,N4
貸し,N4
送ら,N4
通知,N4
連携,N4
関わる,N4
隠れ,N4
霊,N4
黙っ,N4
net,N4
rt,N4
お菓子,N4
しょ,N4
しん,N4
それだけ,N4
どんなに,N4
まくる,N4
エル,N4
オー,N4
カップル,N4
ガキ,N4
ジャケット,N4
タン,N4
テニス,N4
ネコ,N4
パー,N4
ファンタジー,N4
ベル,N4
ボディ,N4
メイド,N4
中村,N4
主人,N4
代理,N4
作れる,N4
保,N4
保管,N4
具,N4
判決,N4
受け取っ,N4
古代,N4
基,N4
外交,N4
奈良,N4
嬢,N4
小林,N4
届い,N4
思える,N4
想い,N4
打ち,N4
拡散,N4
描き,N4
新品,N4
晋,N4
東北,N4
極めて,N4
欲しく,N4
残さ,N4
決勝,N4
浮気,N4
温度,N4
現役,N4
稼げ,N4
管,N4
素,N4
経過,N4
統計,N4
認める,N4
説得,N4
講師,N4
軽い,N4
近年,N4
部下,N4
部長,N4
重視,N4
金持ち,N4
関わっ,N4
面白く,N4
頂け,N4
頑張れ,N4
騒動,N4
ds,N4
get,N4
sf,N4
うどん,N4
おう,N4
きっ,N4
すまん,N4
ちまっ,N4
ついで,N4
ふざけ,N4
を通して,N4
アル,N4
キレイ,N4
クーポン,N4
シート,N4
ペン,N4
ホモ,N4
マッチ,N4
マルチ,N4
ミッション,N4
メガネ,N4
付き合い,N4
会見,N4
体育,N4
倒れ,N4
切る,N4
勝つ,N4
又は,N4
受信,N4
各地,N4
工作,N4
広い,N4
待機,N4
必須,N4
戦後,N4
捕まえ,N4
探偵,N4
接触,N4
支払い,N4
攻め,N4
日曜,N4
明,N4
柄,N4
格,N4
椅子,N4
検証,N4
樹,N4
正式,N4
汚い,N4
流石,N4
爪,N4
猿,N4
発揮,N4
真似,N4
稼ぎ,N4
署,N4
翼,N4
背,N4
至る,N4
茨城,N4
表記,N4
表面,N4
見つから,N4
課金,N4
謝罪,N4
載っ,N4
輸送,N4
近,N4
逆転,N4
金額,N4
鍋,N4
長崎,N4
開か,N4
階段,N4
項,N4
are,N4
st,N4
tokyo,N4
your,N4
いかが,N4
いじめ,N4
いらっしゃい,N4
お父さん,N4
かかり,N4
すっ,N4
それほど,N4
にかけて,N4
ぶ,N4
ウソ,N4
サークル,N4
スイッチ,N4
ダイヤ,N4
ダブル,N4
チャン,N4
テープ,N4
パフォーマンス,N4
ラボ,N4
乙,N4
亀,N4
予告,N4
人材,N4
今月,N4
体力,N4
何処,N4
兵士,N4
再開,N4
冷静,N4
割引,N4
劇,N4
加,N4
司法,N4
呼吸,N4
圧力,N4
外れ,N4
失わ,N4
妙,N4
実感,N4
届,N4
庭,N4
引く,N4
成人,N4
日曜日,N4
早め,N4
有る,N4
来週,N4
橋本,N4
消滅,N4
滞在,N4
犯,N4
狩り,N4
痛,N4
発信,N4
矢,N4
箇所,N4
紫,N4
美女,N4
膝,N4
表紙,N4
触っ,N4
論文,N4
議会,N4
起こす,N4
退職,N4
通貨,N4
通過,N4
適切,N4
録画,N4
陽,N4
驚く,N4
️,N4
can,N4
sp,N4
□,N4
きみ,N4
けん,N4
こうした,N4
たって,N4
たとえ,N4
なんとなく,N4
はるか,N4
わっ,N4
アダルト,N4
アリス,N4
ガール,N4
コール,N4
ナイト,N4
ハッピー,N4
ヒロイン,N4
丁寧,N4
上映,N4
上野,N4
下着,N4
京,N4
人事,N4
侵入,N4
信仰,N4
凄く,N4
前日,N4
史上,N4
合い,N4
基づい,N4
大学生,N4
実用,N4
寂しい,N4
対抗,N4
届く,N4
岐阜,N4
川崎,N4
常識,N4
憧れ,N4
扱う,N4
挿入,N4
損,N4
替え,N4
桁,N4
楽曲,N4
歌う,N4
汚れ,N4
流れる,N4
現れる,N4
発達,N4
竜,N4
節,N4
組合,N4
経由,N4
結論,N4
翌日,N4
舌,N4
芸能人,N4
見つかっ,N4
見つける,N4
誤解,N4
豆,N4
資本,N4
載せ,N4
逃げる,N4
通じ,N4
通る,N4
週刊,N4
過程,N4
部品,N4
録音,N4
開放,N4
雲,N4
電波,N4
青い,N4
魔女,N4
de,N4
ぅ,N4
おか,N4
どうにか,N4
はね,N4
やめる,N4
アンケート,N4
エン,N4
オレンジ,N4
キレ,N4
ギフト,N4
コーチ,N4
シェア,N4
シャワー,N4
パッケージ,N4
ペ,N4
マイケル,N4
マイナス,N4
レイプ,N4
レポート,N4
ロス,N4
上手い,N4
主演,N4
主要,N4
付属,N4
借金,N4
偶然,N4
印刷,N4
咲,N4
土曜日,N4
堂,N4
墓,N4
変身,N4
夕方,N4
夫人,N4
奥さん,N4
定め,N4
宮城,N4
尊敬,N4
広,N4
形態,N4
我が,N4
指名,N4
方面,N4
某,N4
楽しめ,N3
権限,N3
毎月,N3
汁,N3
海賊,N3
消す,N3
渡辺,N3
演技,N3
無限,N3
理事,N3
異なり,N3
疑い,N3
眺め,N3
確信,N3
裁判所,N3
裸,N3
褒め,N3
親友,N3
該当,N3
読者,N3
講座,N3
資源,N3
賛成,N3
跡,N3
通し,N3
達し,N3
関わら,N3
面接,N3
bs,N3
facebook,N3
jk,N3
♡,N3
あっち,N3
ぃ,N3
お祝い,N3
こっ,N3
なくなる,N3
まっ,N3
アパート,N3
アピール,N3
アフリカ,N3
エピソード,N3
ケーブル,N3
コア,N3
ゴールド,N3
シンプル,N3
ジャック,N3
チャット,N3
チョコ,N3
デブ,N3
デモ,N3
バッテリー,N3
パイロット,N3
ビッグ,N3
フレンド,N3
ボード,N3
マ,N3
マンション,N3
モテ,N3
ーー,N3
久々,N3
争い,N3
事項,N3
伊藤,N3
低く,N3
兄さん,N3
入院,N3
単なる,N3
印,N3
妖怪,N3
宝,N3
尾,N3
布団,N3
年金,N3
幸い,N3
弁,N3
急い,N3
愛さ,N3
拠点,N3
拡張,N3
措置,N3
新しく,N3
未満,N3
止まら,N3
死刑,N3
残業,N3
殿,N3
決まり,N3
泉,N3
生じ,N3
由来,N3
相性,N3
稼ぐ,N3
純粋,N3
組ん,N3
自治,N3
見れる,N3
観測,N3
評判,N3
誘導,N3
課,N3
警戒,N3
責め,N3
走行,N3
返信,N3
重ね,N3
集まる,N3
青春,N3
非難,N3
風邪,N3
騙さ,N3
akb,N3
day,N3
ll,N3
not,N3
tbs,N3
time,N3
yahoo,N3
おっさん,N3
くっ,N3
けい,N3
ごく,N3
たまに,N3
どー,N3
ゅ,N3
わり,N3
アイス,N3
アップデート,N3
アレンジ,N3
インチ,N3
キャンプ,N3
コミュニケーション,N3
スタンド,N3
セブン,N3
ハー,N3
ビックリ,N3
マップ,N3
メリット,N3
レン,N3
不幸,N3
体操,N3
助,N3
医学,N3
原則,N3
古,N3
合意,N3
哲学,N3
埋め,N3
増,N3
孫,N3
容易,N3
寄せ,N3
帽子,N3
従っ,N3
成分,N3
払う,N3
排除,N3
改造,N3
政党,N3
教える,N3
書店,N3
木村,N3
林,N3
構わ,N3
流出,N3
消える,N3
深刻,N3
漏れ,N3
甘,N3
痛く,N3
癖,N3
真ん中,N3
着い,N3
秋田,N3
統合,N3
繋がっ,N3
薄い,N3
豊か,N3
豪華,N3
貴,N3
通勤,N3
通報,N3
遊ぶ,N3
郎,N3
関与,N3
電池,N3
do,N3
more,N3
os,N3
pv,N3
いよいよ,N3
がんばっ,N3
きょう,N3
けども,N3
たっぷり,N3
ていう,N3
ところで,N3
どうやら,N3
ねる,N3
のち,N3
はじめて,N3
ふり,N3
よれ,N3
オーバー,N3
カール,N3
サーバー,N3
ショット,N3
スカート,N3
タウン,N3
タレント,N3
ビット,N3
ピザ,N3
マイル,N3
リン,N3
ローマ,N3
上下,N3
下記,N3
丼,N3
仕掛け,N3
付ける,N3
休ん,N3
判定,N3
割合,N3
加入,N3
厚,N3
喉,N3
塗り,N3
外出,N3
容量,N3
帰宅,N3
徐々に,N3
怖,N3
悠,N3
成績,N3
拘束,N3
故障,N3
既存,N3
昨年,N3
朝日,N3
楽器,N3
毎,N3
湯,N3
片付け,N3
研修,N3
翔,N3
行方,N3
言い方,N3
語り,N3
譲渡,N3
郵便,N3
重量,N3
阪神,N3
除く,N3
風景,N3
首都,N3
ex,N3
いったい,N3
おもしろい,N3
しょうが,N3
すっかり,N3
そら,N3
それなり,N3
たて,N3
たとえば,N3
とかいう,N3
ふう,N3
まずい,N3
もしかして,N3
やれる,N3
イライラ,N3
カン,N3
キン,N3
サン,N3
シナリオ,N3
タオル,N3
タンク,N3
トラ,N3
トロ,N3
ノリ,N3
ヘッド,N3
ボーナス,N3
マナー,N3
ユダヤ,N3
ラップ,N3
ロング,N3
不動産,N3
中華,N3
中間,N3
丿,N3
事例,N3
今更,N3
今朝,N3
個別,N3
卒,N3
単語,N3
名称,N3
執行,N3
外科,N3
奪わ,N3
好評,N3
嫌わ,N3
学会,N3
実に,N3
実力,N3
小型,N3
山形,N3
引き続き,N3
後で,N3
忘れる,N3
恥,N3
戻し,N3
払い,N3
揃っ,N3
本社,N3
根,N3
機体,N3
機構,N3
正しく,N3
正常,N3
正当,N3
殆ど,N3
汚染,N3
泣き,N3
湖,N3
溢れ,N3
申し上げ,N3
目覚め,N3
知事,N3
移住,N3
童貞,N3
網,N3
縦,N3
美術,N3
育っ,N3
臭,N3
記,N3
走り,N3
長年,N3
香港,N3
am,N3
こうして,N3
こわい,N3
さら,N3
たまたま,N3
ちゃい,N3
まる,N3
ゆく,N3
ろう,N3
わい,N3
アドバイス,N3
サー,N3
ショート,N3
ジョージ,N3
スープ,N3
ターゲット,N3
デッキ,N3
ハンター,N3
パイ,N3
パーティ,N3
フォロー,N3
マイク,N3
ランチ,N3
レシピ,N3
保守,N3
共産党,N3
出席,N3
分類,N3
加減,N3
単,N3
口座,N3
同盟,N3
大戦,N3
天国,N3
嫉妬,N3
寺,N3
巻き,N3
怪しい,N3
悪かっ,N3
抱い,N3
推測,N3
損害,N3
時刻,N3
机,N3
根拠,N3
洋,N3
消化,N3
無人,N3
班,N3
理,N3
畑,N3
着用,N3
究極,N3
経緯,N3
自治体,N3
舞,N3
見逃し,N3
貼っ,N3
越し,N3
農業,N3
込め,N3
返す,N3
進,N3
過ごす,N3
配慮,N3
防ぐ,N3
降っ,N3
震え,N3
駅前,N3
髪の毛,N3
an,N3
mc,N3
pr,N3
re,N3
rpg,N3
うそ,N3
おばさん,N3
およそ,N3
きん,N3
この世,N3
こんばんは,N3
ごはん,N3
さい,N3
せめて,N3
それなら,N3
ふたり,N3
もつ,N3
よろしい,N3
ア,N3
アルコール,N3
インストール,N3
ウチ,N3
キミ,N3
キーボード,N3
ゲイ,N3
シン,N3
スカイ,N3
スルー,N3
セリフ,N3
セル,N3
ソフトウェア,N3
タワー,N3
ターン,N3
ディズニー,N3
フリ,N3
プラン,N3
プレー,N3
ベルト,N3
ポスター,N3
マル,N3
ミルク,N3
モバイル,N3
ログイン,N3
ヶ,N3
交代,N3
信じる,N3
個性,N3
分かれ,N3
勇,N3
区別,N3
反映,N3
反発,N3
吉,N3
向き,N3
告知,N3
回り,N3
地位,N3
大人気,N3
守り,N3
宝石,N3
実践,N3
履歴,N3
帳,N3
待た,N3
復興,N3
急げ,N3
恵,N3
所持,N3
手続き,N3
扱っ,N3
推奨,N3
文庫,N3
日時,N3
栄養,N3
武,N3
死体,N3
無効,N3
狂っ,N3
狭い,N3
生え,N3
生放送,N3
用語,N3
痩せ,N3
看板,N3
編成,N3
聞け,N3
肉体,N3
藤,N3
虎,N3
衝突,N3
親子,N3
論理,N3
転換,N3
近づい,N3
金曜日,N3
録,N3
集まり,N3
青森,N3
飛ぶ,N3
飲め,N3
黒人,N3
bgm,N3
dj,N3
sm,N3
おもちゃ,N3
かた,N3
かわいそう,N3
けれども,N3
さまざま,N3
そっくり,N3
ってか,N3
アマゾン,N3
オーストラリア,N3
カナダ,N3
カリフォルニア,N3
ギャル,N3
ギリシャ,N3
シティ,N3
ジュース,N3
スクール,N3
タイヤ,N3
トム,N3
ヒト,N3
ベトナム,N3
ボランティア,N3
マスコミ,N3
メモリ,N3
並べ,N3
中世,N3
也,N3
予感,N3
何より,N3
保育,N3
入場,N3
出かけ,N3
利,N3
勿論,N3
反省,N3
合成,N3
向かい,N3
売上,N3
売却,N3
宿,N3
工,N3
巻き込ま,N3
広報,N3
形状,N3
快適,N3
愛する,N3
手間,N3
抗議,N3
揚げ,N3
援助,N3
撤退,N3
放棄,N3
文明,N3
斗,N3
最適,N3
朝日新聞,N3
果たし,N3
欧州,N3
止める,N3
求人,N3
留学,N3
白人,N3
繰り返す,N3
習慣,N3
菌,N3
衣,N3
解析,N3
証言,N3
試み,N3
詰め,N3
象徴,N3
踊り,N3
進出,N3
過激,N3
違和感,N3
都内,N3
酸素,N3
高め,N3
うっ,N3
がんばれ,N3
こっそり,N3
さよなら,N3
だけど,N3
でかい,N3
ばあちゃん,N3
もらお,N3
らん,N3
クマ,N3
コラボ,N3
ジャン,N3
スタンプ,N3
ソ,N3
チップ,N3
ニ,N3
ハワイ,N3
フジ,N3
フロント,N3
ミラー,N3
メジャー,N3
ラ,N3
ライバル,N3
リズム,N3
レンタル,N3
上級,N3
之,N3
人権,N3
何らかの,N3
切り替え,N3
割れ,N3
創業,N3
劣化,N3
動かし,N3
北部,N3
取締役,N3
召喚,N3
問い合わせ,N3
地下鉄,N3
塔,N3
大した,N3
大和,N3
女子高,N3
妨害,N3
宗,N3
富山,N3
幹部,N3
度目,N3
戦車,N3
投入,N3
指輪,N3
提示,N3
早速,N3
材,N3
東日本,N3
株式,N3
次々,N3
残す,N3
測定,N3
略,N3
皿,N3
福井,N3
糸,N3
細かい,N3
置か,N3
花火,N3
衛生,N3
認証,N3
込み,N3
透明,N3
避ける,N3
開幕,N3
顧客,N3
la,N3
mr,N3
music,N3
world,N3
あき,N3
いかに,N3
いざ,N3
この間,N3
すま,N3
っぽく,N3
とう,N3
どころ,N3
なので,N3
ふと,N3
まつり,N3
アルバイト,N3
エース,N3
ゲット,N3
コンセプト,N3
ジュニア,N3
スパイ,N3
チョコレート,N3
トレーニング,N3
ファイナル,N3
フィルム,N3
ヤ,N3
リ,N3
ロバート,N3
ワクワク,N3
不倫,N3
作ろ,N3
作曲,N3
倉庫,N3
偽,N3
兆,N3
冷たい,N3
出会える,N3
出産,N3
刃,N3
分離,N3
博物館,N3
叩き,N3
国境,N3
土日,N3
土曜,N3
壊し,N3
夏休み,N3
居酒屋,N3
工業,N3
幸福,N3
性欲,N3
捨てる,N3
改,N3
新鮮,N3
明るい,N3
晴れ,N3
暗い,N3
暴走,N3
月曜日,N3
来い,N3
東方,N3
栃木,N3
死者,N3
演じ,N3
激しく,N3
生き物,N3
田,N3
疑惑,N3
発想,N3
発明,N3
発覚,N3
皮膚,N3
瞳,N3
石原,N3
稼働,N3
突っ込ん,N3
突入,N3
紅,N3
綾,N3
置き,N3
群馬,N3
聞こえる,N3
脂肪,N3
落とす,N3
表明,N3
被災,N3
設け,N3
調べる,N3
諸,N3
豊富,N3
量産,N3
金曜,N3
飛ばし,N3
食う,N3
香川,N3
黄色,N3
good,N3
out,N3
what,N3
うま,N3
おいで,N3
しま,N3
それでは,N3
っ子,N3
び,N3
ぴったり,N3
みろ,N3
ゆり,N3
オブ,N3
カス,N3
カラオケ,N3
ゲート,N3
コン,N3
ショッピング,N3
ジン,N3
スコア,N3
スポット,N3
ソウル,N3
トレンド,N3
ブラジル,N3
ブレーキ,N3
ホット,N3
モー,N3
ワシントン,N3
中学校,N3
中毒,N3
住み,N3
入荷,N3
分解,N3
効く,N3
動,N3
協議,N3
博多,N3
吸っ,N3
問,N3
寄り,N3
寄付,N3
岩手,N3
広がっ,N3
強調,N3
志,N3
応用,N3
思わず,N3
意志,N3
戦場,N3
戸,N3
控え,N3
描写,N3
救急,N3
教科書,N3
案件,N3
正面,N3
歴,N3
永久,N3
法則,N3
洗っ,N3
独特,N3
療法,N3
砂糖,N3
稼い,N3
答える,N3
美術館,N3
職人,N3
胃,N3
自覚,N3
萌え,N3
蓮,N3
蘭,N3
要因,N3
見よ,N3
言い訳,N3
記述,N3
買お,N3
起こり,N3
軍隊,N3
集める,N3
難しく,N3
露出,N3
順位,N3
食わ,N3
餌,N3
鶏,N3
cc,N3
cg,N3
max,N3
say,N3
vr,N3
we,N3
あえて,N3
あくまで,N3
おしゃれ,N3
おや,N3
きつい,N3
そしたら,N3
そちら,N3
それから,N3
ちょい,N3
つながり,N3
てか,N3
べく,N3
オーク,N3
ギリギリ,N3
ジェット,N3
ダーク,N3
トランプ,N3
ペア,N3
ホラー,N3
ポート,N3
マッサージ,N3
メ,N3
メス,N3
ライオン,N3
中島,N3
予選,N3
井上,N3
仮面,N3
会計,N3
伝わっ,N3
伴う,N3
係,N3
保持,N3
共和,N3
出会え,N3
初代,N3
到達,N3
単独,N3
双子,N3
反乱,N3
和歌山,N3
唐,N3
商業,N3
囲ま,N3
増やす,N3
孤独,N3
学び,N3
寄っ,N3
尚,N3
布,N3
師匠,N3
帰れ,N3
廃棄,N3
引っ越し,N3
念,N3
愛情,N3
成,N3
所得,N3
接近,N3
放っ,N3
日程,N3
日経,N3
月曜,N3
有利,N3
望ん,N3
欲求,N3
池袋,N3
活性,N3
海岸,N3
清水,N3
無くなっ,N3
熟,N3
生存,N3
生涯,N3
用途,N3
癌,N3
着る,N3
知的,N3
砲,N3
祝,N3
脅威,N3
裕,N3
襲撃,N3
見つかる,N3
見解,N3
親父,N3
誘っ,N3
負ける,N3
財政,N3
買収,N3
輸出,N3
醤油,N3
銀座,N3
閉じ,N3
集会,N3
離脱,N3
雷,N3
ai,N3
au,N3
like,N3
ng,N3
part,N3
us,N3
△,N3
かぁ,N3
そん,N3
ほんの,N3
めん,N3
イエス,N3
イラク,N3
カ,N3
グラス,N3
シフト,N3
ゾンビ,N3
チェーン,N3
チキン,N3
テキスト,N3
テン,N3
トマト,N3
トンネル,N3
ドーム,N3
パーク,N3
フィールド,N3
ペース,N3
ポジション,N3
ポーズ,N3
ラス,N3
リアルタイム,N3
リス,N3
ロン,N3
一族,N3
代行,N3
仮,N3
佐賀,N3
例外,N3
僕ら,N3
充分,N3
入社,N3
全面,N3
冷蔵庫,N3
出典,N3
出勤,N3
取れる,N3
合体,N3
商店,N3
喜ぶ,N3
在,N3
在庫,N3
女神,N3
守ら,N3
家電,N3
年収,N3
広場,N3
徹,N3
性質,N3
愛媛,N3
戦国,N3
放射線,N3
数値,N3
文学,N3
昼間,N3
智,N3
暗号,N3
最中,N3
有難う,N3
本編,N3
死な,N3
気付,N3
火災,N3
照明,N3
独占,N3
目撃,N3
稼げる,N3
端,N3
署名,N3
見直し,N3
言及,N3
話せ,N3
読ま,N3
調教,N3
警告,N3
警官,N3
議長,N3
進み,N3
過剰,N3
遭遇,N3
選び,N3
頻繁,N3
黄金,N3
apple,N3
blue,N3
cs,N3
if,N3
ms,N3
was,N3
おまけ,N3
かなっ,N3
くださっ,N3
くり,N3
つくっ,N3
ねっ,N3
のり,N3
もしも,N3
ゆる,N3
よっ,N3
わが,N3
イチ,N3
ウェブサイト,N3
オーナー,N3
クエスト,N3
コンビ,N3
サプリ,N3
センチ,N3
ソング,N3
トルコ,N3
パネル,N3
ビーチ,N3
フェ,N3
プログラミング,N3
マウス,N3
マラソン,N3
ヤリ,N3
ライ,N3
レコード,N3
レディ,N3
ローズ,N3
ワード,N3
一旦,N3
不能,N3
予備,N3
予防,N3
人妻,N3
任意,N3
保育園,N3
修行,N3
再度,N3
処刑,N3
刑務所,N3
削減,N3
務め,N3
可愛,N3
回線,N3
国籍,N3
地味,N3
大勢,N3
官僚,N3
実態,N3
寒,N3
対決,N3
履い,N3
山下,N3
岡田,N3
廃,N3
彡,N3
後輩,N3
得点,N3
徹底,N3
悩む,N3
慎重,N3
懸念,N3
投手,N3
拳,N3
操縦,N3
放射,N3
新型,N3
旗,N3
旨,N3
本名,N3
本番,N3
栄,N3
梅,N3
欲,N3
水道,N3
決断,N3
沿っ,N3
液,N3
渡っ,N3
炉,N3
熊,N3
癒し,N3
目線,N3
県内,N3
移転,N3
自主,N3
自社,N3
襲わ,N3
要望,N3
許す,N3
詩,N3
講演,N3
路,N3
電動,N3
頑張り,N3
飲み物,N3
飲食,N3
黄,N3
ff,N3
sex,N3
あんま,N3
いただく,N3
うんこ,N3
かく,N3
それにしても,N3
でん,N3
ひたすら,N3
オプション,N3
クイズ,N3
クラシック,N3
サラダ,N3
シャー,N3
タッチ,N3
チリ,N3
デザイナー,N3
トヨタ,N3
ハ,N3
パスワード,N3
パッ,N3
パンチ,N3
ファースト,N3
フィリピン,N3
フード,N3
プロデューサー,N3
マジック,N3
マリオ,N3
ルー,N3
丘,N3
乾燥,N3
仏,N3
仮想,N3
兄ちゃん,N3
充,N3
共感,N3
分間,N3
動かす,N3
各国,N3
同社,N3
地点,N3
奥様,N3
定着,N3
広げ,N3
当局,N3
待て,N3
復讐,N3
折れ,N3
月末,N3
望む,N3
東海,N3
校長,N3
桃,N3
検出,N3
機動,N3
法的,N3
済,N3
満,N3
滋賀,N3
灯,N3
狙う,N3
生理,N3
盗,N3
県民,N3
税金,N3
糖,N3
罠,N3
被告,N3
規格,N3
読書,N3
調理,N3
貰える,N3
遠慮,N3
酔っ,N3
鈴,N3
鑑賞,N3
難易,N3
面積,N3
食料,N3
dna,N3
ios,N3
top,N3
える,N3
かわり,N3
しら,N3
すい,N3
たしかに,N3
たれ,N3
つくる,N3
ところが,N3
どころか,N3
なるべく,N3
はやく,N3
ひろ,N3
まして,N3
エア,N3
ガイド,N3
キッチン,N3
コイツ,N3
ゴム,N3
ジャー,N3
スキー,N3
ステーション,N3
スポンサー,N3
ソニー,N3
トレ,N3
ドラえもん,N3
ニキビ,N3
ノン,N3
パーカー,N3
フジテレビ,N3
ブース,N3
プライベート,N3
プロレス,N3
ポップ,N3
メタル,N3
下ろし,N3
不快,N3
二度と,N3
井,N3
人種,N3
伸ばし,N3
体質,N3
何故か,N3
倒す,N3
側面,N3
共演,N3
兼,N3
勝てる,N3
占い,N3
厚生,N3
叫ん,N3
呪い,N3
国連,N3
報じ,N3
塗装,N3
売ら,N3
大佐,N3
大陸,N3
宅,N3
富士,N3
審議,N3
小池,N3
当該,N3
役員,N3
忙しく,N3
性別,N3
悲しみ,N3
撮る,N3
本質,N3
東芝,N3
柱,N3
根本,N3
栽培,N3
比べる,N3
気味,N3
浴び,N3
消さ,N3
濃い,N3
焼い,N3
生成,N3
発動,N3
発音,N3
盛り,N3
相続,N3
盾,N3
眼鏡,N3
知,N3
竹,N3
結成,N3
緩和,N3
繋がる,N3
罰,N3
美味し,N3
脇,N3
芸,N3
若手,N3
虐殺,N3
被っ,N3
観客,N3
解体,N3
触れる,N3
詰まっ,N3
貰え,N3
通う,N3
選べ,N3
選手権,N3
開き,N3
隊長,N3
青年,N3
頭痛,N3
麻,N3
ac,N3
don,N3
man,N3
oh,N3
ray,N3
│,N3
あか,N3
いいえ,N3
いえる,N3
いよ,N3
しまえ,N3
づくり,N3
ともかく,N3
まり,N3
サウンド,N3
ジャズ,N3
スケジュール,N3
ソ連,N3
ゾーン,N3
ティー,N3
ハーフ,N3
バナナ,N3
フランク,N3
ミリ,N3
ユニ,N3
ライター,N3
レーザー,N3
ワンピース,N3
ワーク,N3
下り,N3
不可,N3
不安定,N3
並ぶ,N3
乱,N3
人格,N3
傘,N3
処女,N3
出口,N3
出番,N3
分割,N3
切ら,N3
初日,N3
加速,N3
勘弁,N3
同期,N3
品質,N3
回路,N3
土産,N3
夜中,N3
妖精,N3
完結,N3
定,N3
屋敷,N3
情熱,N3
押す,N3
抽選,N3
揺れ,N3
損失,N3
摂取,N3
暑,N3
暴れ,N3
朝食,N3
村上,N3
水素,N3
決意,N3
泣く,N3
泥,N3
満載,N3
珍しく,N3
疾患,N3
砂,N3
移民,N3
稀,N3
紳士,N3
絶滅,N3
脱,N3
自作,N3
著者,N3
薬物,N3
虹,N3
装着,N3
見方,N3
言,N3
誇り,N3
誠,N3
調,N3
負傷,N3
貼り,N3
賠償,N3
贅沢,N3
転職,N3
近代,N3
遅,N3
遺体,N3
重大,N3
隠す,N3
雄,N3
願っ,N3
高知,N3
︎,N3
dl,N3
life,N3
◇,N3
あんなに,N3
お礼,N3
お笑い,N3
かし,N3
がり,N3
くま,N3
ご存知,N3
すなわち,N3
せろ,N3
たけ,N3
だす,N3
だんだん,N3
つながっ,N3
はっ,N3
ぶん,N3
ますます,N3
らい,N3
れれ,N3
アカ,N3
イラン,N3
ウッド,N3
カロリー,N3
クッキー,N3
ケア,N3
ゴジラ,N3
サイ,N3
シルバー,N3
スカ,N3
スッキリ,N3
ストリート,N3
ストレート,N3
ストーン,N3
ソフトバンク,N3
テンション,N3
データベース,N3
ハンド,N3
ファー,N3
フェイス,N3
フレーム,N3
ブル,N3
ヘンリー,N3
ミク,N3
メガ,N3
モニター,N3
ロケット,N3
ワイド,N3
一生懸命,N3
三浦,N3
交際,N3
介,N3
付く,N3
侵略,N3
内側,N3
出品,N3
南部,N3
原子力,N3
同級生,N3
在日,N3
地面,N3
域,N3
増し,N3
夢中,N3
大震災,N3
委託,N3
実写,N3
寿命,N3
射精,N3
山梨,N3
幸,N3
幻想,N3
性的,N3
手順,N3
拾っ,N3
捉え,N3
書け,N3
東大,N3
歌手,N3
水分,N3
流通,N3
片,N3
牛乳,N3
生かし,N3
甲,N3
皇帝,N3
盛り上がっ,N3
礼,N3
福,N3
粒,N3
興味深い,N3
良し,N3
補給,N3
覚醒,N3
貯金,N3
身分,N3
軍人,N3
軒,N3
迎える,N3
速い,N3
配達,N3
針,N3
開設,N3
防御,N3
随分,N3
頑張る,N3
頼り,N3
鶴,N3
dr,N3
hd,N3
lv,N3
ml,N3
pt,N3
rock,N3
おじいちゃん,N3
お疲れ様,N3
そうですね,N3
づらい,N3
なんとも,N3
ねこ,N3
もったいない,N3
やし,N3
アッ,N3
イスラエル,N3
ウェイ,N3
ガード,N3
キモ,N3
ギャグ,N3
クリス,N3
ジョー,N3
ドクター,N3
ドラム,N3
ナイス,N3
バル,N3
フ,N3
ファミリー,N3
プレス,N3
ヘア,N3
マネージャー,N3
マリ,N3
モチーフ,N3
モール,N3
レオ,N3
レギュラー,N3
レモン,N3
レンズ,N3
ヵ月,N3
一般人,N3
世界一,N3
主婦,N3
乙女,N3
予報,N3
佐々木,N3
促進,N3
修復,N3
出会う,N3
助手,N3
効い,N3
厳しく,N3
反射,N3
古く,N3
合理,N3
命じ,N3
商,N3
国王,N3
報,N3
大島,N3
大野,N3
失う,N3
字幕,N3
守,N3
実習,N3
将棋,N3
少々,N3
少数,N3
崩れ,N3
幕,N3
広がる,N3
延期,N3
張っ,N3
忍,N3
怒る,N3
悲劇,N3
愛用,N3
抜ける,N3
持ち主,N3
放出,N3
故郷,N3
救う,N3
日付,N3
晴,N3
未だに,N3
槍,N3
欧米,N3
気持ちいい,N3
派手,N3
海軍,N3
濡れ,N3
焼,N3
燃え,N3
特性,N3
玄関,N3
登山,N3
短く,N3
移植,N3
紗,N3
続編,N3
聴き,N3
能,N3
脚本,N3
苦しい,N3
虐待,N3
表し,N3
許せ,N3
証券,N3
調達,N3
豊,N3
走,N3
追求,N3
逃れ,N3
通話,N3
連休,N3
進める,N3
進歩,N3
遺跡,N3
野生,N3
関わり,N3
阻止,N3
除い,N3
雑,N3
順番,N3
騒ぎ,N3
but,N3
have,N3
next,N3
pm,N3
tour,N3
way,N3
おいおい,N3
おいし,N3
かから,N3
そこそこ,N3
その間,N3
ちがう,N3
ちく,N3
っぱなし,N3
とん,N3
はぁ,N3
ばか,N3
ぼっ,N3
もたらす,N3
やがて,N3
やり取り,N3
んじゃ,N3
アナログ,N3
イケ,N3
イスラム,N3
エレベーター,N3
オイル,N3
カ月,N3
キット,N3
キャプテン,N3
クリーム,N3
ステップ,N3
ズボン,N3
テレ,N3
ドキドキ,N3
ドリンク,N3
ハロウィン,N3
バスト,N3
パチンコ,N3
ビッチ,N3
ピーター,N3
フェア,N3
フライ,N3
ブラウン,N3
ブリ,N3
ブルース,N3
ボー,N3
マック,N3
ムービー,N3
リニューアル,N3
リラックス,N3
一種,N3
三重,N3
並,N3
並み,N3
今や,N3
休暇,N3
佐野,N3
保有,N3
偉大,N3
公務員,N3
冒頭,N3
出張,N3
勃起,N3
勤め,N3
協定,N3
原理,N3
取り入れ,N3
台詞,N3
商売,N3
喫煙,N3
在住,N3
地帯,N3
堀,N3
塗っ,N3
奈,N3
小泉,N3
尽くし,N3
店長,N3
座席,N3
徳島,N3
打つ,N3
持て,N3
振っ,N3
撮,N3
教員,N3
晒し,N3
札,N3
概要,N3
法案,N3
爆撃,N3
甘く,N3
石油,N3
確立,N3
秘書,N3
籠,N3
紐,N3
絆,N3
羊,N3
美し,N3
羨ましい,N3
見つめ,N3
誘惑,N3
貿易,N3
辛,N3
陰謀,N3
陸上,N3
音源,N3
駆逐,N3
高等,N3
鹿,N3
black,N3
nd,N3
pixiv,N3
あわせ,N3
いろ,N3
さっぱり,N3
しゃ,N3
そこら,N3
つっ,N3
はん,N3
む,N3
やたら,N3
ゆえ,N3
エンジニア,N3
カネ,N3
キャンセル,N3
グラビア,N3
グレード,N3
サクラ,N3
ジェームズ,N3
ストップ,N3
デスク,N3
ナイフ,N3
ネーム,N3
ハゲ,N3
バグ,N3
バター,N3
フラッシュ,N3
ベイ,N3
ボケ,N3
マット,N3
マネー,N3
ラウンド,N3
ラッキー,N3
リクエスト,N3
ローカル,N3
ワイ,N3
ワクチン,N3
丁度,N3
乗客,N3
互いに,N3
伝わる,N3
侍,N3
信,N3
公認,N3
再会,N3
助かる,N3
動機,N3
去っ,N3
奇妙,N3
姉ちゃん,N3
定番,N3
将,N3
少,N3
就任,N3
巣,N3
己,N3
幻,N3
後者,N3
戦前,N3
手前,N3
掲げ,N3
揃え,N3
損傷,N3
救助,N3
数々,N3
明け,N3
明るく,N3
暮らす,N3
本音,N3
枕,N3
梅田,N3
棚,N3
機嫌,N3
欲し,N3
残,N3
気に入ら,N3
沙,N3
流す,N3
混ぜ,N3
清,N3
炎上,N3
煙,N3
甲子園,N3
異性,N3
相撲,N3
祖父,N3
立,N3
系列,N3
美しく,N3
育てる,N3
自称,N3
薄,N3
西洋,N3
豆腐,N3
車内,N3
逃亡,N3
遠征,N3
雑談,N3
零,N3
食堂,N3
魔術,N3
fm,N3
ja,N3
あげよ,N3
あたる,N3
こども,N3
さいたま,N3
しも,N3
すか,N3
ちんちん,N3
できるだけ,N3
にくく,N3
まいり,N3
もたらし,N3
ものすごく,N3
ゆかり,N3
ょ,N3
ゞ,N3
アドレス,N3
エアコン,N3
オシャレ,N3
キチガイ,N3
クイーン,N3
グルメ,N3
スイス,N3
チャート,N3
バイオ,N3
パスタ,N3
プレート,N3
プロセス,N3
ボート,N3
マックス,N3
ミュージック,N3
ラリー,N3
世帯,N3
何事,N3
保健,N3
兄貴,N3
全般,N3
全裸,N3
出荷,N3
分かん,N3
前田,N3
副業,N3
半端,N3
厨,N3
友情,N3
同行,N3
告発,N3
売れる,N3
売買,N3
女子大,N3
婦人,N3
実在,N3
射撃,N3
帝,N3
帰国,N3
往復,N3
徹底的,N3
我が家,N3
抑制,N3
改良,N3
数え,N3
整形,N3
時給,N3
暗黒,N3
服装,N3
果て,N3
枝,N3
気づく,N3
準,N3
演じる,N3
無償,N3
熱く,N3
特許,N3
現行,N3
発送,N3
目立つ,N3
着替え,N3
神話,N3
禁,N3
粉,N3
美味しく,N3
聖書,N3
至っ,N3
花粉,N3
融合,N3
解雇,N3
講義,N3
警察官,N3
貴族,N3
酵素,N3
開,N3
階級,N3
静,N3
飛,N3
馬場,N3
cpu,N3
etc,N3
just,N3
sc,N3
usb,N3
うう,N3
おん,N3
ずいぶん,N3
つながる,N3
はる,N3
ばら,N3
みち,N3
わざと,N3
わろ,N3
アカデミー,N3
オランダ,N3
カジノ,N3
ギア,N3
クオリティ,N3
ケン,N3
ジャーナリスト,N3
スイーツ,N3
スリー,N3
センサー,N3
チャンピオン,N3
ハッ,N3
パイプ,N3
ブス,N3
ホルモン,N3
ボブ,N3
ポチ,N3
メダル,N3
メン,N3
ヨ,N3
ワ,N3
世話,N3
主体,N3
主役,N3
主流,N3
仁,N3
光景,N3
冷凍,N3
切れる,N3
割り,N3
勇者,N3
名作,N3
境界,N3
変動,N3
天井,N3
太っ,N3
容赦,N3
尊重,N3
小倉,N3
小屋,N3
帰還,N3
幽霊,N3
意,N3
手数料,N3
抜く,N3
救い,N3
曖昧,N3
本田,N3
条約,N3
極端,N3
浮か,N3
済ん,N3
熱心,N3
秋葉原,N3
穏やか,N3
維新,N3
総務,N3
聴く,N3
行事,N3
診療,N3
話しかけ,N3
談,N3
起訴,N3
軽減,N3
輝,N3
輝く,N3
遅刻,N3
重力,N3
間に合わ,N3
限っ,N3
隊員,N3
題,N3
願望,N3
鳥取,N3
bd,N3
fx,N3
gps,N3
gt,N3
α,N3
┃,N3
がら,N3
ひな,N3
れい,N3
アレルギー,N3
オ,N3
オス,N3
ガソリン,N3
ガチャ,N3
キツ,N3
クス,N3
クビ,N3
グレー,N3
グローバル,N3
コメ,N3
シール,N3
タブレット,N3
ダイヤモンド,N3
チャールズ,N3
ディスク,N3
ピース,N3
ホスト,N3
ホン,N3
マニア,N3
ライセンス,N3
ランダム,N3
リボン,N3
ループ,N3
レジ,N3
一員,N3
両手,N3
中野,N3
乃,N3
乗り換え,N3
仮に,N3
住人,N3
併せ,N3
儀式,N3
効,N3
原稿,N3
収穫,N3
合同,N3
合法,N3
合流,N3
四国,N3
在籍,N3
子育て,N3
密,N3
山崎,N3
建,N3
弓,N3
後日,N3
捕まっ,N3
推薦,N3
敗,N3
敗北,N3
永,N3
池田,N3
沖,N3
流行っ,N3
液体,N3
満ち,N3
無罪,N3
物事,N3
立てる,N3
立体,N3
笑える,N3
経歴,N3
絵本,N3
被,N3
覚め,N3
親戚,N3
角度,N3
解禁,N3
誇る,N3
貧困,N3
賃金,N3
賢い,N3
軌道,N3
農家,N3
追放,N3
逃し,N3
運ん,N3
過,N3
還元,N3
都会,N3
長時間,N3
青山,N3
about,N3
here,N3
now,N3
sd,N3
will,N3
あちこち,N3
お断り,N3
だの,N3
のんびり,N3
ふく,N3
まもなく,N3
めんどくさい,N3
ウド,N3
カウンター,N3
キック,N3
グラフ,N3
グランド,N3
シミ,N3
シリア,N3
スケール,N3
トニー,N3
トー,N3
ドロップ,N3
ニコ,N3
ハマっ,N3
プロデュース,N3
ベルリン,N3
ムダ,N3
ライダー,N3
ラッシュ,N3
リチャード,N3
レッスン,N3
ロリ,N3
ワシ,N3
一見,N3
中国人,N3
仮面ライダー,N3
例え,N3
倫理,N3
健全,N3
厳,N3
収容,N3
取り付け,N3
叩い,N3
可哀想,N3
可愛く,N3
合わせる,N3
吹い,N3
唇,N3
売り上げ,N3
大宮,N3
大衆,N3
学部,N3
宿泊,N3
小野,N3
岸,N3
必ずしも,N3
悲惨,N3
手軽,N3
提携,N3
敷地,N3
景色,N3
有名人,N3
朗,N3
本店,N3
株主,N3
株価,N3
梨,N3
江,N3
減,N3
演説,N3
潰し,N3
火力,N3
生じる,N3
用品,N3
相棒,N3
真相,N3
短期,N3
示さ,N3
花嫁,N3
蓋,N3
藤井,N3
表す,N3
覚える,N3
観点,N3
訪れる,N3
誤っ,N3
買取,N3
踊る,N3
追跡,N3
開ける,N3
願う,N3
飼っ,N3
髪型,N3
aa,N3
blu,N3
ic,N3
pdf,N3
pro,N3
お伝え,N3
くし,N3
こだわり,N3
こないだ,N3
じん,N3
つまらない,N3
むら,N3
ようこそ,N3
らし,N3
エジプト,N3
カレンダー,N3
キム,N3
キャッシュ,N3
キャッチ,N3
コミュ,N3
コンピューター,N3
サラリーマン,N3
シカゴ,N3
チ,N3
テロリスト,N3
デー,N3
ト,N3
フォード,N3
プリンセス,N3
ボイス,N3
ボン,N3
ポンド,N3
マリア,N3
ユーロ,N3
三つ,N3
上限,N3
上陸,N3
久,N3
代替,N3
体型,N3
余り,N3
便秘,N3
先月,N3
分散,N3
刑,N3
動け,N3
半ば,N3
号機,N3
向,N3
味噌,N3
回る,N3
国産,N3
基づく,N3
堂々,N3
婚約,N3
寒く,N3
寮,N3
年末,N3
幼い,N3
庁,N3
恐らく,N3
悟,N3
慎,N3
打ち上げ,N3
抗,N3
推定,N3
提督,N3
握っ,N3
暴行,N3
棟,N3
比率,N3
沿い,N3
洋服,N3
流さ,N3
涼,N3
済ませ,N3
溶け,N3
無断,N3
眠り,N3
確かめ,N3
絡ん,N3
耐久,N3
足元,N3
都道府県,N3
金沢,N3
鋼,N3
防災,N3
震災,N3
順調,N3
飾り,N3
麻薬,N3
黒髪,N3
dc,N3
ip,N3
mp,N3
ol,N3
there,N3
いし,N3
いっしょ,N3
いつの間にか,N3
お話し,N3
じっくり,N3
そういった,N3
とある,N3
どなた,N3
なみ,N3
につき,N3
ひどく,N3
ほしく,N3
よって,N3
アンダー,N3
イス,N3
エビ,N3
エラー,N3
エンド,N3
コマンド,N3
コーン,N3
サル,N3
ドコモ,N3
バッジ,N3
ボーイ,N3
ログ,N3
ヮ,N3
乗り越え,N3
乗車,N3
今頃,N3
仏教,N3
令,N3
信者,N3
免疫,N3
典型,N3
切,N3
助かっ,N3
原子,N3
受け入れる,N3
喋っ,N3
国土,N3
外側,N3
大地,N3
大学院,N3
大賞,N3
届き,N3
幼児,N3
引き上げ,N3
循環,N3
手伝い,N3
打た,N3
振動,N3
救出,N3
新着,N3
杉,N3
李,N3
歌い,N3
泊,N3
消防,N3
溜まっ,N3
滝,N3
潜在,N3
牙,N3
特急,N3
直す,N3
着け,N3
知恵,N3
知能,N3
短,N3
砂漠,N3
祈り,N3
祖母,N3
笑え,N3
絡み,N3
考察,N3
良心,N3
芽,N3
著,N3
葬儀,N3
蔵,N3
親切,N3
語ら,N3
賞金,N3
贈り物,N3
踊っ,N3
転売,N3
運ぶ,N3
野田,N3
金銭,N3
銀河,N3
難,N3
食材,N3
高額,N3
魔王,N3
blog,N3
pop,N3
red,N3
おば,N3
すばらしい,N3
ちまう,N3
はめ,N3
べし,N3
やさしい,N3
やりとり,N3
アメ,N3
カート,N3
クリスタル,N3
コト,N3
ステキ,N3
ストア,N3
スペック,N3
ネ,N3
ハム,N3
バイ,N3
ムーン,N3
メンテナンス,N3
ロマン,N3
一家,N3
丈,N3
不具合,N3
主導,N3
了承,N3
伴い,N3
何者,N3
入り口,N3
入門,N3
公平,N3
切断,N3
前年,N3
加盟,N3
区域,N3
卿,N3
参り,N3
右手,N3
否,N3
固め,N3
圭,N3
大使館,N3
大抵,N3
奪っ,N3
完,N3
尺,N3
局長,N3
平野,N3
年上,N3
手元,N3
承知,N3
指し,N3
探せ,N3
救わ,N3
映っ,N3
暖かい,N3
暴露,N3
業績,N3
構想,N3
歩行,N3
水準,N3
泥棒,N3
注,N3
活発,N3
減る,N3
火星,N3
煮,N3
爆笑,N3
独身,N3
瓶,N3
生き方,N3
痴漢,N3
研,N3
社内,N3
空き,N3
節約,N3
紅茶,N3
締め,N3
育ち,N3
苦痛,N3
蛇,N3
見学,N3
護衛,N3
蹴り,N3
軍団,N3
追いかけ,N3
追わ,N3
進ま,N3
酸化,N3
露,N3
頂ける,N3
頻度,N3
飛び,N3
飲料,N3
best,N3
game,N3
girls,N3
let,N3
night,N3
online,N3
✧,N3
あきらめ,N3
こころ,N3
ぜんぜん,N3
ただいま,N3
つれ,N3
のう,N3
ふん,N3
まわり,N3
もり,N3
アニメーション,N3
アーサー,N3
インパクト,N3
ウォーター,N3
エンディング,N3
オート,N3
カウント,N3
カツ,N3
クラフト,N3
サンタ,N3
サーバ,N3
セカンド,N3
デバイス,N3
ドラッグ,N3
ナチス,N3
ネズミ,N3
バックアップ,N3
ポルノ,N3
マイナー,N3
マガジン,N3
マニュアル,N3
ミュージカル,N3
ムリ,N3
モーニング,N3
レンジ,N3
上場,N3
下がる,N3
主題歌,N3
仕上げ,N3
体内,N3
保安,N3
個体,N3
個室,N3
倶楽部,N3
先進,N3
冷え,N3
助かり,N3
勧誘,N3
参入,N3
取り組ん,N3
受け付け,N3
受け取り,N3
古典,N3
叩く,N3
回す,N3
基盤,N3
墜落,N3
夕,N3
失い,N3
富,N3
居住,N3
常,N3
年寄り,N3
広がり,N3
役立つ,N3
後方,N3
微,N3
心から,N3
恵まれ,N3
慌て,N3
慰安,N3
戻す,N3
支給,N3
斜め,N3
日本一,N3
本能,N3
欲望,N3
歴代,N3
殴り,N3
沢,N3
注射,N3
渡す,N3
渡る,N3
炭酸,N3
特有,N3
犯し,N3
白石,N3
祝日,N3
積ん,N3
経つ,N3
統治,N3
絶賛,N3
職務,N3
肝心,N3
膜,N3
芝居,N3
荒れ,N3
行使,N3
見つかり,N3
覗い,N3
観戦,N3
警報,N3
貰う,N3
辞任,N3
返せ,N3
途端,N3
通学,N3
連動,N3
鍛え,N3
長男,N3
長谷川,N3
闘い,N3
阿部,N3
陰,N3
陸,N3
隠さ,N3
隻,N3
頂く,N3
飢え,N3
餅,N3
air,N3
free,N3
hey,N3
φ,N3
あて,N3
しかしながら,N3
ばい,N3
まさかの,N3
エントリー,N3
キャスター,N3
グロ,N3
コチラ,N3
コロナ,N3
シンガポール,N3
スクリーン,N3
チンコ,N3
テキサス,N3
トレード,N3
ヒント,N3
ピアス,N3
ピーク,N3
フォト,N3
フランス語,N3
プリント,N3
ベン,N3
ベンチ,N3
メタ,N3
レア,N3
ロケ,N3
一貫,N3
一連,N3
中小,N3
中日,N3
亮,N3
似合う,N3
作画,N3
優し,N3
先頭,N3
共産,N3
内緒,N3
内蔵,N3
凍結,N3
処置,N3
刺さ,N3
刺し,N3
又,N3
双方,N3
右側,N3
司,N3
喪失,N3
坂本,N3
大胆,N3
嬉しく,N3
寸前,N3
島根,N3
工夫,N3
幾つ,N3
庫,N3
強烈,N3
必見,N3
忍者,N3
悪質,N3
戦術,N3
扱わ,N3
拉致,N3
支店,N3
書き込み,N3
未だ,N3
来店,N3
格闘,N3
構え,N3
標的,N3
正社員,N3
歯科,N3
水曜日,N3
決まる,N3
淳,N3
減らし,N3
減らす,N3
潜水,N3
濃厚,N3
濃度,N3
火曜日,N3
焼肉,N3
片方,N3
狂気,N3
王様,N3
申し,N3
矛盾,N3
知り合っ,N3
破っ,N3
移籍,N3
穂,N3
窓口,N3
精子,N3
給与,N3
脱い,N3
腐っ,N3
菅,N3
蒼,N3
迷い,N3
鑑定,N3
除,N3
鯖,N3
ab,N3
girl,N3
happy,N3
ipad,N3
mac,N3
pic,N3
project,N3
zero,N3
いちいち,N3
おち,N3
お昼,N3
お湯,N3
お陰,N3
っぽ,N3
てろ,N3
のっ,N3
ばれ,N3
やってくる,N3
アップル,N3
アナル,N3
アンテナ,N3
ウエスト,N3
エ,N3
キラキラ,N3
グラフィック,N3
サラ,N3
サンド,N3
ステーキ,N3
ドット,N3
ドメイン,N3
ドール,N3
ハンドル,N3
ヘ,N3
ポンプ,N3
ラム,N3
ランプ,N3
リツイート,N3
ヲ,N3
上田,N3
不利,N3
不在,N3
並び,N3
伊,N3
会談,N3
余地,N3
侵害,N3
区分,N3
単体,N3
友だち,N3
取扱,N3
叫び,N3
吐き,N3
吸い,N3
呼べ,N3
図る,N3
堺,N3
声明,N3
変形,N3
好意,N3
安田,N3
害,N3
尿,N3
弟子,N3
弱く,N3
役に立つ,N3
後継,N3
復旧,N3
思いつい,N3
怪獣,N3
意義,N3
抜群,N3
支部,N3
救済,N3
数多く,N3
早朝,N3
有する,N3
止まる,N3
津波,N3
浜松,N3
灰,N3
熱中,N3
症候群,N3
眠っ,N3
知人,N3
知名度,N3
石田,N3
種族,N3
第三者,N3
筈,N3
系統,N3
結,N3
絵画,N3
継承,N3
縮小,N3
背後,N3
落ち着く,N3
藤原,N3
融資,N3
西日本,N3
解明,N3
言動,N3
誘わ,N3
誘拐,N3
身近,N3
輝い,N3
辻,N3
通路,N3
連発,N3
連結,N3
適応,N3
重く,N3
野党,N3
開業,N3
騎乗,N3
黒田,N3
home,N3
plus,N3
show,N3
いやー,N3
うっかり,N3
お返し,N3
こら,N3
そっと,N3
つくり,N3
つら,N3
とうとう,N3
とくに,N3
なす,N3
ばん,N3
ぶつけ,N3
みなみ,N3
オーダー,N3
オーディション,N3
カエル,N3
カニ,N3
カバン,N3
キャップ,N3
サロン,N3
ザ,N3
スミス,N3
ハル,N3
バラエティ,N3
パズル,N3
ビジョン,N3
ビタミン,N3
ピッタリ,N3
ファ,N3
フレンズ,N3
プラスチック,N3
ボーカル,N3
ユーザ,N3
ルイス,N3
レール,N3
ワタ,N3
三菱,N3
乗れ,N3
人人,N3
介入,N3
伸びる,N3
佐,N3
体感,N3
入口,N3
内田,N3
加える,N3
助ける,N3
占め,N3
吐い,N3
含ん,N3
品川,N3
塊,N3
大いに,N3
大輔,N3
天下,N3
太平洋,N3
学科,N3
家事,N3
容器,N3
宿題,N3
巡り,N3
座り,N3
弦,N3
強盗,N3
怖かっ,N3
惚れ,N3
惹か,N3
感心,N3
払え,N3
技能,N3
捕虜,N3
支払う,N3
故,N3
早期,N3
果たして,N3
民衆,N3
気候,N3
治る,N3
浴衣,N3
潤,N3
照,N3
犯行,N3
生み出し,N3
発掘,N3
目当て,N3
神秘,N3
福山,N3
科目,N3
筆,N3
精度,N3
繊維,N3
菓子,N3
薄く,N3
裁判官,N3
見かける,N3
視線,N3
話せる,N3
貧,N3
貴様,N3
辞める,N3
近隣,N3
進学,N3
遺伝,N3
部活,N3
閉店,N3
関数,N3
降伏,N3
雅,N3
響き,N3
顎,N3
顔面,N3
飼い主,N3
飼育,N3
餃子,N3
麻生,N3
麻雀,N3
dmm,N3
fi,N3
right,N3
sim,N3
style,N3
いったん,N3
おかえり,N3
おかしな,N3
おなか,N3
おにぎり,N3
お送り,N3
きい,N3
にわたって,N3
まき,N3
まつ,N3
まみれ,N3
まんま,N3
めい,N3
もも,N3
やらかし,N3
よけれ,N3
インドネシア,N3
コンテスト,N3
スカウト,N3
ストーカー,N3
セッション,N3
セルフ,N3
ツ,N3
ツッコミ,N3
ドロ,N3
ナイ,N3
ナス,N3
ハッキリ,N3
ハリウッド,N3
バード,N3
フォーム,N3
ホー,N3
ボルト,N3
マーケティング,N3
ローソン,N3
上り,N3
中川,N3
中断,N3
互換,N3
偉い,N3
偽物,N3
全滅,N3
出せる,N3
前作,N3
副作用,N3
卓球,N3
単行,N3
反撃,N3
収益,N3
同情,N3
同等,N3
名義,N3
嘘つき,N3
夕食,N3
外見,N3
夜間,N3
大使,N3
嬉しかっ,N3
学年,N3
学歴,N3
学院,N3
対話,N3
寿,N3
小沢,N3
工学,N3
干渉,N3
幹事,N3
店頭,N3
引け,N3
当事者,N3
後期,N3
忠実,N3
思い出せ,N3
恐竜,N3
意向,N3
戦力,N3
手伝っ,N3
打,N3
投下,N3
抱き,N3
押さえ,N3
推し,N3
新曲,N3
日テレ,N3
旬,N3
星野,N3
有機,N3
有無,N3
末期,N3
条例,N3
来日,N3
松井,N3
果たす,N3
横山,N3
正月,N3
治安,N3
渡り,N3
潮,N3
爆破,N3
相場,N3
相対,N3
私立,N3
結末,N3
美味い,N3
義,N3
脅迫,N3
落下,N3
葵,N3
装飾,N3
観る,N3
言お,N3
話し合い,N3
誤,N3
諸国,N3
貨物,N3
賭け,N3
起こさ,N3
転生,N3
転載,N3
転送,N3
迫っ,N3
追い,N3
連盟,N3
重複,N3
除去,N3
類似,N3
骨折,N3
鷹,N3
cv,N3
eu,N3
led,N3
who,N3
yes,N3
あかり,N3
いい加減,N3
いちばん,N3
おもっ,N3
かぶっ,N3
ござる,N3
それに,N3
たし,N3
だからこそ,N3
どおり,N3
なめ,N3
もらわ,N3
よお,N3
アナウンサー,N3
ウルトラ,N3
エコ,N3
ケータイ,N3
コラム,N3
ゴリラ,N3
サマー,N3
サム,N3
シャープ,N3
スタジアム,N3
ゾ,N3
テクニック,N3
トリ,N3
トーマス,N3
ドラ,N3
ドリーム,N3
ナンパ,N3
ニート,N3
ノア,N3
パーセント,N3
ヒトラー,N3
ヒロ,N3
フルーツ,N3
フレーズ,N3
ブラウザ,N3
プライバシー,N3
ヘリ,N3
ボストン,N3
ラインナップ,N3
リンゴ,N3
ロープ,N3
上海,N3
下半身,N3
中東,N3
人前,N3
任天堂,N3
休む,N3
何とも,N3
作り方,N3
使命,N3
保つ,N3
傑作,N3
公正,N3
写,N3
分裂,N3
創,N3
同一,N3
和解,N3
困ら,N3
坊主,N3
大正,N3
守備,N3
安藤,N3
容姿,N3
序盤,N3
店内,N3
引き出し,N3
従う,N3
恥ずかし,N3
恩,N3
悲し,N3
投げる,N3
捜索,N3
握手,N3
昨夜,N3
本文,N3
東西,N3
果実,N3
格安,N3
案外,N3
次世代,N3
死後,N3
殻,N3
気配,N3
浜,N3
激怒,N3
無敵,N3
琴,N3
異なっ,N3
疲労,N3
皮肉,N3
盗ん,N3
破産,N3
簡易,N3
細い,N3
腸,N3
自動的,N3
若く,N3
行列,N3
見込み,N3
誤り,N3
読売,N3
豪,N3
踏ん,N3
遊べる,N3
鎌倉,N3
障,N3
難し,N3
難民,N3
食欲,N3
高価,N3
back,N3
bb,N3
club,N3
iii,N3
ny,N3
over,N3
type,N3
uv,N3
vip,N3
お嬢様,N3
がたい,N3
がっかり,N3
ぎ,N3
そういや,N3
たか,N3
てぇ,N3
アイコ,N3
アド,N3
ウェア,N3
ウサギ,N3
オープニング,N3
ガンガン,N3
ギャラリー,N3
コツ,N3
コム,N3
ステ,N3
スレ,N3
ツボ,N3
テラス,N3
ドキュメンタリー,N3
ハードル,N3
バブル,N3
バレる,N3
パッド,N3
ヒゲ,N3
ビーム,N3
プラットフォーム,N3
ホンダ,N3
ボトル,N3
ポーランド,N3
マーケット,N3
ワンマン,N3
一括,N3
一時期,N3
一環,N3
上部,N3
主任,N3
予言,N3
他社,N3
以後,N3
光る,N3
初音,N3
務める,N3
厄介,N3
司会,N3
呼びかけ,N3
善,N3
執筆,N3
夫妻,N3
始末,N3
子孫,N3
官房,N3
宜しく,N3
家具,N3
富士山,N3
工房,N3
左手,N3
強引,N3
応え,N3
急速,N3
戦艦,N3
手作り,N3
手配,N3
招い,N3
拾い,N3
挟ん,N3
旅館,N3
時に,N3
更,N3
本屋,N3
杏,N3
桜井,N3
殴っ,N3
殴ら,N3
比例,N3
泡,N3
流行り,N3
液晶,N3
演劇,N3
火山,N3
点数,N3
燃焼,N3
玩具,N3
疑わ,N3
発症,N3
盛り上がり,N3
着く,N3
税込,N3
立た,N3
終盤,N3
組む,N3
総裁,N3
臨床,N3
臨時,N3
良けれ,N3
良好,N3
苦しみ,N3
西武,N3
規約,N3
親族,N3
訂正,N3
説教,N3
貰い,N3
赤字,N3
輝き,N3
迄,N3
迷う,N3
遅延,N3
道徳,N3
鎖,N3
開拓,N3
開示,N3
関節,N3
霧,N3
顧問,N3
食え,N3
book,N3
dx,N3
switch,N3
うさぎ,N3
お越し,N3
ごっこ,N3
しばしば,N3
じゃっ,N3
すけ,N3
すご,N3
たいてい,N3
たつ,N3
たまらない,N3
におい,N3
やり直し,N3
アメリカン,N3
イラ,N3
エリート,N3
クルーズ,N3
サングラス,N3
ジョーク,N3
スウェーデン,N3
セミ,N3
タンパク質,N3
ダッシュ,N3
チェンジ,N3
テクノロジー,N3
ディスプレイ,N3
トラウマ,N3
バット,N3
バンバン,N3
ビビっ,N3
ファイト,N3
プリン,N3
ベリー,N3
メカ,N3
ヤクザ,N3
リゾート,N3
ル,N3
レット,N3
ロボ,N3
ローラ,N3
一斉,N3
一流,N3
不法,N3
人質,N3
伊達,N3
会合,N3
何だか,N3
何となく,N3
偽装,N3
傷つけ,N3
出店,N3
前向き,N3
包ま,N3
取り戻し,N3
品種,N3
唯,N3
壊す,N3
壊滅,N3
大将,N3
太田,N3
奪う,N3
宇都宮,N3
室内,N3
家賃,N3
察し,N3
射,N3
尻尾,N3
岡本,N3
左側,N3
帰ろ,N3
役者,N3
後藤,N3
排出,N3
掛かる,N3
探索,N3
撤去,N3
支える,N3
斎藤,N3
日刊,N3
最速,N3
果,N3
植民,N3
気楽,N3
汚,N3
決済,N3
渋滞,N3
満点,N3
漬け,N3
瀬,N3
片手,N3
用事,N3
番手,N3
着陸,N3
禁煙,N3
組み,N3
統制,N3
美味しかっ,N3
股間,N3
航海,N3
落書き,N3
蝶,N3
西村,N3
要するに,N3
見通し,N3
財務,N3
身内,N3
車種,N3
辞書,N3
逃走,N3
適正,N3
選定,N3
金髪,N3
降る,N3
革新,N3
頼み,N3
高かっ,N3
abc,N3
baby,N3
days,N3
gp,N3
mix,N3
open,N3
px,N3
sr,N3
μ,N3
あがっ,N3
いかん,N3
お手伝い,N3
つる,N3
はじめまして,N3
まれ,N3
アク,N3
アンド,N3
エリザベス,N3
エージェント,N3
カッコイイ,N3
ゴースト,N3
スケート,N3
スゴイ,N3
セント,N3
タップ,N3
ツイン,N3
ツリー,N3
ナチュラル,N3
ハロー,N3
バラバラ,N3
プレミア,N3
ヘルメット,N3
マネ,N3
ムカ,N3
リセット,N3
レート,N3
ワケ,N3
不便,N3
不審,N3
両者,N3
交差点,N3
人員,N3
余っ,N3
再建,N3
写っ,N3
分子,N3
前者,N3
前進,N3
割っ,N3
半額,N3
厳選,N3
及ぶ,N3
周波数,N3
四季,N3
困り,N3
圧,N3
地雷,N3
大声,N3
奉仕,N3
守護,N3
定価,N3
審判,N3
封印,N3
導,N3
左翼,N3
庶民,N3
従い,N3
怪物,N3
悪口,N3
悪夢,N3
払わ,N3
抑える,N3
拍手,N3
推理,N3
改修,N3
教徒,N3
日向,N3
最低限,N3
有力,N3
枚数,N3
格差,N3
権威,N3
毛穴,N3
油断,N3
洞窟,N3
海兵,N3
浸透,N3
湾,N3
潜入,N3
町田,N3
疑っ,N3
発注,N3
登っ,N3
益,N3
祝い,N3
秩序,N3
突撃,N3
立川,N3
総額,N3
自立,N3
自衛,N3
芝,N3
裏切ら,N3
要件,N3
見出し,N3
視覚,N3
評議,N3
認可,N3
誘い,N3
財団,N3
軽量,N3
通用,N3
進路,N3
遂に,N3
運行,N3
遥か,N3
銭,N3
陥っ,N3
陸軍,N3
隅,N3
隙間,N3
青木,N3
靴下,N3
頼ま,N3
高まっ,N3
髭,N3
atm,N3
big,N3
bl,N3
mg,N3
se,N3
いたん,N3
いちご,N3
おぉ,N3
お詫び,N3
かれ,N3
がた,N3
くださる,N3
ぐ,N3
しっ,N3
せれ,N3
ちっ,N3
なんだかんだ,N3
ひで,N3
ほっと,N3
みせ,N3
ものすごい,N3
よそ,N3
れん,N3
アナタ,N3
アラン,N3
イキ,N3
エイ,N3
オン,N3
ギャップ,N3
グローブ,N3
シュート,N3
スロット,N3
ナシ,N3
ナン,N3
パニック,N3
プライド,N3
ペンギン,N3
中山,N3
代わっ,N3
会お,N3
収め,N3
取り組み,N3
受け取る,N3
合戦,N3
同居,N3
吸う,N3
和田,N3
喋る,N3
国外,N3
国語,N3
基づき,N3
大雨,N3
好む,N3
如何,N3
媒体,N3
孤立,N3
守れ,N3
少佐,N3
広め,N3
弱点,N3
張り,N3
後退,N3
心地,N3
手当,N3
断っ,N3
施行,N3
日産,N3
昇進,N3
暑く,N3
有能,N3
木曜日,N3
来れ,N3
来場,N3
来月,N3
松岡,N3
検定,N3
欠点,N3
欠陥,N3
次第に,N3
残ら,N3
殺,N3
水泳,N3
決着,N3
治,N3
洗脳,N3
浮上,N3
為替,N3
焼酎,N3
爽やか,N3
現時点,N3
理念,N3
画質,N3
直感,N3
短縮,N3
祈る,N3
神聖,N3
立候補,N3
経路,N3
結ん,N3
結合,N3
緑色,N3
衝動,N3
路上,N3
返還,N3
追う,N3
送れ,N3
速く,N3
連勝,N3
部位,N3
隆,N3
隔離,N3
隙,N3
震度,N3
響,N3
食べよ,N3
飾っ,N3
高める,N3
魔法使い,N3
ceo,N3
gold,N3
high,N3
how,N3
あす,N3
いと,N3
えと,N3
えらい,N3
おもう,N3
おもしろ,N3
げん,N3
さき,N3
すると,N3
ずれ,N3
ちんぽ,N3
っぷり,N3
とっくに,N3
どけ,N3
なくなり,N3
ぶち,N3
ほっ,N3
わん,N3
アプローチ,N3
アーカイブ,N3
インフラ,N3
ガム,N3
ガル,N3
キャンパス,N3
クッソ,N3
クレジットカード,N3
サイクル,N3
シミュレーション,N3
ジェイ,N3
ダンサー,N3
テレビ局,N3
ドリル,N3
ハリー,N3
バンク,N3
フォント,N3
フロア,N3
ペーパー,N3
ミックス,N3
ム,N3
メンズ,N3
ヤード,N3
ヨーグルト,N3
リットル,N3
一目,N3
一郎,N3
乱れ,N3
人体,N3
他者,N3
休,N3
停電,N3
先端,N3
入れ替え,N3
公的,N3
公衆,N3
冷却,N3
出かける,N3
包囲,N3
北京,N3
叔父,N3
各社,N3
図鑑,N3
圧縮,N3
均,N3
外す,N3
夢見,N3
太鼓,N3
央,N3
失点,N3
女装,N3
定める,N3
定時,N3
審,N3
広瀬,N3
建造,N3
弁護,N3
征服,N3
従事,N3
必殺,N3
愚か,N3
投与,N3
拷問,N3
接し,N3
推移,N3
放射能,N3
放映,N3
政,N3
日焼け,N3
未成年,N3
東洋,N3
染め,N3
欠け,N3
武将,N3
気付く,N3
沼,N3
浮かぶ,N3
満たさ,N3
満たす,N3
溢れる,N3
火事,N3
爺,N3
物件,N3
狙わ,N3
甘え,N3
由,N3
監査,N3
直径,N3
破綻,N3
神田,N3
納税,N3
細菌,N3
繁殖,N3
翌,N3
習得,N3
老,N3
聖堂,N3
聡,N3
良き,N3
芋,N3
装,N3
視野,N3
触ら,N3
触る,N3
諦める,N3
貯め,N3
近づく,N3
近藤,N3
返っ,N3
迫る,N3
追い詰め,N3
退治,N3
進展,N3
遠,N3
遠隔,N3
適し,N3
野外,N3
金利,N3
開店,N3
飛び出し,N3
高木,N3
hdd,N3
hot,N3
ntt,N3
rd,N3
sh,N3
star,N3
super,N3
wave,N3
white,N3
♥,N3
✨,N3
あっさり,N3
うつ,N3
くだらない,N3
すみ,N3
ちの,N3
ふさわしい,N3
やき,N3
アリーナ,N3
インター,N3
エステ,N3
カプセル,N3
カメラマン,N3
クルマ,N3
コナン,N3
シチュエーション,N3
スピーカー,N3
セクハラ,N3
タマ,N3
ダニエル,N3
ティッシュ,N3
ネギ,N3
ネックレス,N3
パンダ,N3
ヒル,N3
プリキュア,N3
ベルギー,N3
マイクロ,N3
モザイク,N3
リトル,N3
レーダー,N3
仕え,N3
付き合う,N3
信長,N3
先発,N3
出血,N3
別人,N3
利点,N3
助言,N3
化し,N3
医薬品,N3
単発,N3
博,N3
原爆,N3
反論,N3
取り出し,N3
叫ぶ,N3
名刺,N3
吐く,N3
呼び出し,N3
地上波,N3
堪能,N3
塗る,N3
外観,N3
大嫌い,N3
威力,N3
嫌っ,N3
小山,N3
屋上,N3
巡る,N3
平等,N3
庵,N3
引っ張っ,N3
強度,N3
当たら,N3
徳,N3
恨み,N3
成田,N3
戻れ,N3
持てる,N3
持続,N3
指す,N3
指令,N3
捕獲,N3
教養,N3
整え,N3
施し,N3
日光,N3
望み,N3
松山,N3
柔道,N3
森友,N3
植え,N3
機密,N3
治っ,N3
洗う,N3
減り,N3
湘南,N3
満たし,N3
溝,N3
無茶,N3
焦点,N3
焼く,N3
狂,N3
猛,N3
生き残っ,N3
盛り上げ,N3
直ちに,N3
知性,N3
短期間,N3
移し,N3
突き,N2
笑わ,N2
精,N2
紀,N2
給食,N2
絵柄,N2
緒,N2
肝臓,N2
肯定,N2
苦しん,N2
落選,N2
血管,N2
補償,N2
議席,N2
負荷,N2
起業,N2
返さ,N2
達人,N2
選べる,N2
部署,N2
酢,N2
間隔,N2
電撃,N2
飼い,N2
gw,N2
nba,N2
wi,N2
wwww,N2
̈,N2
▲,N2
あかん,N2
いじっ,N2
おし,N2
くじ,N2
くら,N2
ぐるみ,N2
たしか,N2
たべ,N2
ちょう,N2
なくっ,N2
ぬいぐるみ,N2
ぺ,N2
みかん,N2
ゆい,N2
れよ,N2
アプリケーション,N2
アンナ,N2
オペラ,N2
ギャンブル,N2
ゲージ,N2
サプライズ,N2
サンフランシスコ,N2
セミナー,N2
ソープ,N2
タコ,N2
チャージ,N2
デザート,N2
パチ,N2
ホッ,N2
リカ,N2
リメイク,N2
リース,N2
不十分,N2
作動,N2
倒産,N2
僅か,N2
先祖,N2
八王子,N2
兼ね,N2
凄,N2
出資,N2
加わっ,N2
協,N2
単行本,N2
原料,N2
収納,N2
受け止め,N2
名無し,N2
告げ,N2
哲,N2
商標,N2
回戦,N2
売春,N2
壺,N2
大尉,N2
大気,N2
大物,N2
始動,N2
安価,N2
寂しく,N2
密か,N2
小川,N2
就活,N2
居場所,N2
崩し,N2
市販,N2
役目,N2
復元,N2
応答,N2
急激,N2
悲しく,N2
愛人,N2
戦隊,N2
手動,N2
手帳,N2
抜か,N2
控えめ,N2
昼寝,N2
時には,N2
景気,N2
有し,N2
望,N2
柔軟,N2
検察,N2
模型,N2
止まり,N2
残酷,N2
毎日新聞,N2
民進党,N2
気圧,N2
気象,N2
治し,N2
渡,N2
温かい,N2
無双,N2
無理やり,N2
生地,N2
申告,N2
疑う,N2
疲れる,N2
皆さま,N2
盗ま,N2
眠る,N2
着せ,N2
空中,N2
立地,N2
紛争,N2
肺,N2
艦長,N2
落とさ,N2
蕎麦,N2
薔薇,N2
行なっ,N2
補正,N2
複合,N2
襲っ,N2
解,N2
訪ね,N2
諸島,N2
豪雨,N2
貝,N2
賢,N2
起用,N2
込,N2
透け,N2
通訳,N2
郊外,N2
郷,N2
都心,N2
難い,N2
革,N2
麦,N2
down,N2
linux,N2
ma,N2
σ,N2
いらっしゃる,N2
お洒落,N2
かみ,N2
さっそく,N2
しめ,N2
すっきり,N2
すり,N2
なくし,N2
のせ,N2
はや,N2
ふるさと,N2
ほんとう,N2
ほんま,N2
わら,N2
アタック,N2
イレブン,N2
エルフ,N2
カラ,N2
カラス,N2
カワイイ,N2
ガーデン,N2
キーワード,N2
クリーン,N2
ケンカ,N2
コンプレックス,N2
スタンダード,N2
タブ,N2
テント,N2
バッチリ,N2
ブーツ,N2
プリンス,N2
ポテト,N2
マクドナルド,N2
マザー,N2
マレーシア,N2
リック,N2
一人暮らし,N2
一周,N2
三角,N2
上回る,N2
上院,N2
作詞,N2
併用,N2
信念,N2
個々,N2
偵察,N2
優位,N2
克服,N2
出入り,N2
占領,N2
取り戻す,N2
同性愛,N2
名物,N2
問合せ,N2
埋葬,N2
報復,N2
増大,N2
増田,N2
好物,N2
学問,N2
客観,N2
密着,N2
差し,N2
引か,N2
引き起こし,N2
当てる,N2
待遇,N2
思いっきり,N2
恒例,N2
恥ずかしく,N2
悔しい,N2
情,N2
打撃,N2
抽出,N2
担任,N2
散々,N2
数量,N2
最期,N2
有害,N2
本家,N2
松田,N2
構図,N2
歯医者,N2
殺せ,N2
水平,N2
沈黙,N2
法廷,N2
流星,N2
渡さ,N2
温暖,N2
演習,N2
潰す,N2
澤,N2
濃,N2
無くなる,N2
球団,N2
直ぐ,N2
真夏,N2
移っ,N2
稽古,N2
空母,N2
筒,N2
篇,N2
粒子,N2
納豆,N2
終,N2
結ぶ,N2
繰り広げ,N2
肝,N2
藤田,N2
袖,N2
褒美,N2
西川,N2
評論,N2
論争,N2
謝っ,N2
識別,N2
辿り,N2
迫力,N2
運ば,N2
選抜,N2
錠,N2
青空,N2
預け,N2
領土,N2
風味,N2
飛ばす,N2
麻酔,N2
ad,N2
cia,N2
da,N2
gif,N2
may,N2
play,N2
video,N2
あっという間に,N2
あや,N2
あわ,N2
いかなる,N2
いまだに,N2
うし,N2
うむ,N2
おかず,N2
おと,N2
おもい,N2
お家,N2
したがって,N2
しとる,N2
すごかっ,N2
つり,N2
づけ,N2
にあたって,N2
まじめ,N2
みえ,N2
やって来,N2
ゆめ,N2
アイツ,N2
アナウンス,N2
アンパン,N2
ウィーン,N2
カオス,N2
キ,N2
キャリー,N2
コンクリート,N2
コンサルタント,N2
コント,N2
コンパクト,N2
ストライク,N2
ズレ,N2
セガ,N2
ディナー,N2
デイリー,N2
ニッポン,N2
バレエ,N2
パンク,N2
ピックアップ,N2
フィルター,N2
フェス,N2
フェラ,N2
プライム,N2
プレッシャー,N2
ヘタ,N2
ホイール,N2
メンタル,N2
ヤマト,N2
ラグビー,N2
レディース,N2
ロイヤル,N2
ーーー,N2
下部,N2
乗ら,N2
人民,N2
休め,N2
佑,N2
冷め,N2
創設,N2
北九州,N2
反し,N2
取り扱い,N2
叩か,N2
合唱,N2
商人,N2
國,N2
墓地,N2
多め,N2
失格,N2
失業,N2
妥当,N2
宴会,N2
対談,N2
導く,N2
川口,N2
巡回,N2
常時,N2
常連,N2
康,N2
快感,N2
悲鳴,N2
情勢,N2
意欲,N2
慶,N2
我が国,N2
掛かっ,N2
攻,N2
断言,N2
方言,N2
早々,N2
暗く,N2
横断,N2
毎朝,N2
洗浄,N2
浜田,N2
混合,N2
漏らし,N2
爆,N2
狐,N2
狙撃,N2
珍,N2
甥,N2
界隈,N2
監禁,N2
直線,N2
禁じ,N2
築い,N2
細,N2
経費,N2
結び,N2
結晶,N2
繋い,N2
置き換え,N2
美咲,N2
美肌,N2
群れ,N2
膨大,N2
菅野,N2
萌,N2
藍,N2
衰退,N2
講習,N2
起,N2
趣旨,N2
足し,N2
返金,N2
通す,N2
進撃,N2
運び,N2
間に合う,N2
間もなく,N2
院長,N2
除外,N2
離れる,N2
預金,N2
食物,N2
香水,N2
馴染み,N2
騒い,N2
麻痺,N2
bit,N2
first,N2
ft,N2
he,N2
heart,N2
html,N2
mt,N2
mx,N2
photo,N2
win,N2
youtuber,N2
❤,N2
➡,N2
いとこ,N2
うんざり,N2
おしゃべり,N2
きっちり,N2
くさい,N2
ざ,N2
しかた,N2
ぢ,N2
ほしかっ,N2
ぽん,N2
まとめる,N2
りょう,N2
アルミ,N2
ィ,N2
ウィリアム,N2
ウォール,N2
キツイ,N2
ク,N2
クセ,N2
クレジット,N2
クレーム,N2
グッド,N2
グランプリ,N2
ゲス,N2
コミ,N2
コンタクト,N2
コンボ,N2
シンボル,N2
スキン,N2
ステータス,N2
セレブ,N2
ツン,N2
トレーナー,N2
ネス,N2
ノーベル,N2
バリエーション,N2
パク,N2
パール,N2
フォロワー,N2
フッ,N2
フック,N2
ブチ,N2
ブリッジ,N2
ボロボロ,N2
モーター,N2
ヤクルト,N2
ヤンキー,N2
ヤング,N2
リオ,N2
下がり,N2
下し,N2
下旬,N2
世田谷,N2
中立,N2
仮説,N2
伺い,N2
住,N2
体系,N2
何だ,N2
債務,N2
全米,N2
典,N2
凛,N2
千代田,N2
去る,N2
吾,N2
周回,N2
喜ば,N2
困惑,N2
国道,N2
妥協,N2
実物,N2
宮殿,N2
小学,N2
小遣い,N2
帰ら,N2
幸運,N2
座る,N2
心当たり,N2
志願,N2
房,N2
手袋,N2
抱く,N2
拒絶,N2
拳銃,N2
指数,N2
指標,N2
振興,N2
捕らえ,N2
排水,N2
揃い,N2
撮ら,N2
敏感,N2
敗戦,N2
新刊,N2
昆虫,N2
昼食,N2
曜日,N2
月刊,N2
有罪,N2
東急,N2
機材,N2
毎晩,N2
決戦,N2
河,N2
添え,N2
燃える,N2
特権,N2
特設,N2
王女,N2
理性,N2
田村,N2
癒さ,N2
盛,N2
目立っ,N2
直撃,N2
真田,N2
管轄,N2
紅白,N2
累計,N2
縛ら,N2
航空機,N2
苦しむ,N2
茶色,N2
菊池,N2
落ち込ん,N2
訴える,N2
誘う,N2
課長,N2
象,N2
負,N2
負っ,N2
貴女,N2
貼る,N2
質量,N2
赤坂,N2
走ら,N2
迅速,N2
遊戯,N2
達也,N2
部員,N2
銘柄,N2
防犯,N2
雌,N2
領主,N2
騙し,N2
鳳,N2
黄色い,N2
bar,N2
japanese,N2
last,N2
little,N2
only,N2
sa,N2
summer,N2
͡,N2
あふれ,N2
おしまい,N2
かえって,N2
こま,N2
じゅう,N2
すりゃ,N2
はまっ,N2
ひかり,N2
へぇ,N2
まんが,N2
わあ,N2
アクティブ,N2
イエロー,N2
ウマ,N2
エール,N2
オチ,N2
オナ,N2
カスタム,N2
カテゴリ,N2
クライアント,N2
クラッシュ,N2
ケイ,N2
コロンビア,N2
シェフ,N2
シールド,N2
スっ,N2
スティック,N2
スライド,N2
セン,N2
タカ,N2
トランス,N2
ナース,N2
ピンチ,N2
フラ,N2
フラグ,N2
ホームラン,N2
ミュージシャン,N2
ムラ,N2
メロン,N2
下さ,N2
亭,N2
介し,N2
仮定,N2
会館,N2
儲け,N2
入試,N2
内臓,N2
出撃,N2
判事,N2
制覇,N2
動向,N2
北川,N2
占める,N2
及ば,N2
受注,N2
唱え,N2
噴火,N2
団長,N2
外さ,N2
大人しく,N2
太もも,N2
好か,N2
子会社,N2
存続,N2
実証,N2
射殺,N2
尋ね,N2
小島,N2
小規模,N2
巻い,N2
引き起こす,N2
当地,N2
復刻,N2
志向,N2
急ぎ,N2
慣れる,N2
手首,N2
撃た,N2
故に,N2
斉藤,N2
暁,N2
曰く,N2
本土,N2
樽,N2
櫻井,N2
清掃,N2
牧場,N2
牧師,N2
物資,N2
独,N2
甲斐,N2
申し込み,N2
男優,N2
真っ赤,N2
真理,N2
破損,N2
祈っ,N2
祝福,N2
総会,N2
織,N2
育児,N2
腫瘍,N2
臣,N2
落ち着か,N2
薫,N2
西部,N2
視界,N2
誠実,N2
踏まえ,N2
躊躇,N2
輔,N2
通ら,N2
通称,N2
通行,N2
速攻,N2
都知事,N2
鎧,N2
集結,N2
飲める,N2
飲酒,N2
養成,N2
駆使,N2
駒,N2
驚か,N2
aaa,N2
ca,N2
dream,N2
mv,N2
あくまでも,N2
うめ,N2
おやすみなさい,N2
かき,N2
くだ,N2
こり,N2
ごみ,N2
つまみ,N2
ともに,N2
とれる,N2
なぜなら,N2
はあ,N2
はら,N2
へー,N2
ぽい,N2
みつ,N2
めぐり,N2
もた,N2
ウケ,N2
エリカ,N2
カイ,N2
カルチャー,N2
キノコ,N2
コラボレーション,N2
ゴキブリ,N2
サポーター,N2
スプレー,N2
テンポ,N2
ナビ,N2
ネクタイ,N2
ノイズ,N2
ノウハウ,N2
ノーマル,N2
ハロ,N2
バーガー,N2
パスポート,N2
ビジュアル,N2
フォーク,N2
ブライアン,N2
マリー,N2
ミル,N2
ユニフォーム,N2
ライフル,N2
ランナー,N2
リレー,N2
ロール,N2
一色,N2
上がら,N2
下げる,N2
中田,N2
丸山,N2
休止,N2
体育館,N2
何もかも,N2
余,N2
佳,N2
使お,N2
働け,N2
優子,N2
入国,N2
入札,N2
再発,N2
出世,N2
北斗,N2
原田,N2
合宿,N2
同志,N2
吐き気,N2
器具,N2
垂れ,N2
大谷,N2
大麻,N2
太い,N2
嫌がらせ,N2
子宮,N2
学期,N2
小売,N2
少なかっ,N2
展望,N2
巡,N2
市立,N2
強かっ,N2
当店,N2
彫刻,N2
急遽,N2
我ら,N2
押さ,N2
押し付け,N2
搭乗,N2
敵対,N2
断念,N2
新築,N2
新興,N2
施工,N2
日立,N2
杖,N2
架,N2
栗,N2
検事,N2
楽園,N2
欠,N2
武田,N2
浄化,N2
温,N2
漢,N2
無用,N2
焦っ,N2
産ん,N2
用いる,N2
皆無,N2
盛ん,N2
直樹,N2
県警,N2
細かく,N2
羅,N2
耐性,N2
英文,N2
見ろ,N2
解け,N2
証人,N2
話さ,N2
購読,N2
赤く,N2
越える,N2
辛く,N2
退屈,N2
遥,N2
選考,N2
鉄板,N2
錦,N2
開封,N2
間接,N2
降下,N2
陛下,N2
頭部,N2
cp,N2
css,N2
instagram,N2
mb,N2
men,N2
post,N2
they,N2
wiki,N2
β,N2
◯,N2
あゆみ,N2
お気,N2
きのこ,N2
くに,N2
ことば,N2
すこし,N2
ぞう,N2
たた,N2
つめ,N2
ひとみ,N2
ふた,N2
ふつう,N2
みなさま,N2
われ,N2
アイアン,N2
アシスト,N2
オッケー,N2
カタログ,N2
キャベツ,N2
クン,N2
グラム,N2
サバ,N2
サメ,N2
シェル,N2
シャンプー,N2
ジョニー,N2
ススメ,N2
スパイク,N2
ドライ,N2
バレー,N2
ビン,N2
ファック,N2
プロモーション,N2
ホース,N2
ボクシング,N2
マネジメント,N2
ヤン,N2
ルビー,N2
ワイルド,N2
三国志,N2
中途半端,N2
了,N2
付与,N2
但し,N2
偉,N2
停,N2
入居,N2
全開,N2
内定,N2
処,N2
制定,N2
前方,N2
北欧,N2
叶え,N2
合併,N2
名乗っ,N2
名付け,N2
名曲,N2
呪文,N2
問い,N2
国有,N2
坊,N2
外来,N2
失踪,N2
奨学,N2
嬉し,N2
宅配,N2
宇宙船,N2
寺院,N2
専攻,N2
岡,N2
崖,N2
工藤,N2
市役所,N2
幅広い,N2
思い込ん,N2
性癖,N2
悪意,N2
手持ち,N2
捏造,N2
撤回,N2
擁護,N2
支払っ,N2
支払わ,N2
放課後,N2
文字通り,N2
文法,N2
日頃,N2
明記,N2
暖かく,N2
木曜,N2
核兵器,N2
歩道,N2
汎用,N2
沈ん,N2
法令,N2
消耗,N2
灰色,N2
点検,N2
煙草,N2
申し出,N2
留学生,N2
登校,N2
知らせ,N2
福田,N2
秘,N2
箱根,N2
続々,N2
美味,N2
羽生,N2
苦情,N2
華麗,N2
落ち着き,N2
著名,N2
著書,N2
診,N2
誓い,N2
譲っ,N2
起こら,N2
返済,N2
通い,N2
連想,N2
遂行,N2
遅れる,N2
遭っ,N2
遺族,N2
閉め,N2
随時,N2
首脳,N2
驚愕,N2
驚異,N2
microsoft,N2
name,N2
rom,N2
when,N2
━,N2
あかね,N2
あま,N2
いたずら,N2
いっそ,N2
うらやましい,N2
おしっこ,N2
かんじ,N2
がれ,N2
たまっ,N2
っきり,N2
つけろ,N2
ふーん,N2
ぶつかっ,N2
まっすぐ,N2
みゆき,N2
めぐる,N2
らく,N2
りんご,N2
アマ,N2
イルカ,N2
ウィルス,N2
エンジェル,N2
サビ,N2
サヨナラ,N2
シンデレラ,N2
ジョーンズ,N2
スコット,N2
セーブ,N2
タイガー,N2
チラシ,N2
チーフ,N2
ディレクター,N2
ドック,N2
ドナルド,N2
ネジ,N2
ハンマー,N2
パレード,N2
フィンランド,N2
フォーラム,N2
ブタ,N2
ブレイク,N2
ベテラン,N2
ボリューム,N2
マフィア,N2
メロディ,N2
ランニング,N2
一撃,N2
中旬,N2
乾杯,N2
今井,N2
何と,N2
借りる,N2
偏見,N2
働か,N2
優良,N2
全長,N2
全額,N2
共和党,N2
函館,N2
分ける,N2
制約,N2
努め,N2
動員,N2
北米,N2
北陸,N2
卓,N2
参拝,N2
古賀,N2
右翼,N2
名乗る,N2
吹奏楽,N2
咲く,N2
喫茶店,N2
増殖,N2
失,N2
如く,N2
家畜,N2
岡崎,N2
岩田,N2
幼女,N2
広まっ,N2
強姦,N2
弾い,N2
彼方,N2
御座い,N2
徴収,N2
志望,N2
感度,N2
戸田,N2
手書き,N2
拝見,N2
振る,N2
掘り,N2
採取,N2
撃っ,N2
改め,N2
新設,N2
暴動,N2
柏,N2
様式,N2
歌わ,N2
水戸,N2
活かし,N2
海上,N2
海洋,N2
滅亡,N2
焼け,N2
物体,N2
独裁,N2
理系,N2
申,N2
留め,N2
番地,N2
監修,N2
直面,N2
破棄,N2
精一杯,N2
腕時計,N2
落語,N2
蓄積,N2
複,N2
親指,N2
財,N2
足ら,N2
辞職,N2
退,N2
通じる,N2
酷く,N2
野獣,N2
闘争,N2
集計,N2
雑貨,N2
頬,N2
頼っ,N2
高まる,N2
dena,N2
dm,N2
en,N2
english,N2
kindle,N2
nasa,N2
smap,N2
system,N2
take,N2
おじ,N2
おろし,N2
お祈り,N2
かわいく,N2
ぐち,N2
ける,N2
しい,N2
ひい,N2
みどり,N2
アイディア,N2
アイルランド,N2
インク,N2
ウォッチ,N2
ウン,N2
エイリアン,N2
エサ,N2
エリック,N2
キリ,N2
コラ,N2
コーラ,N2
ゴミ箱,N2
ストック,N2
セイ,N2
ツイ,N2
フェチ,N2
フロリダ,N2
プレーヤー,N2
ペニス,N2
マスコット,N2
マリン,N2
ミスター,N2
ミドル,N2
ムチ,N2
メシ,N2
モ,N2
モスクワ,N2
リッチ,N2
ルイ,N2
レーベル,N2
ロット,N2
ロビー,N2
上空,N2
不気味,N2
世論,N2
今さら,N2
仲介,N2
会わ,N2
何かと,N2
保っ,N2
催眠,N2
冠,N2
准,N2
判ら,N2
前期,N2
劇団,N2
動揺,N2
包丁,N2
反日,N2
反面,N2
同日,N2
吸血鬼,N2
問う,N2
学術,N2
密度,N2
小児,N2
小物,N2
居心地,N2
市川,N2
張,N2
役所,N2
徳川,N2
必然,N2
快楽,N2
手足,N2
抱か,N2
抱きしめ,N2
招く,N2
持ち込ん,N2
支障,N2
月額,N2
有っ,N2
未知,N2
柴田,N2
検,N2
楓,N2
構い,N2
橘,N2
殴る,N2
毎度,N2
沿岸,N2
浅い,N2
混雑,N2
無けれ,N2
無職,N2
玄,N2
生み出す,N2
産地,N2
盛り上がる,N2
省略,N2
着物,N2
示唆,N2
私的,N2
空軍,N2
糖尿,N2
細く,N2
結ば,N2
続,N2
線路,N2
聖地,N2
背負っ,N2
自爆,N2
茜,N2
菊,N2
計測,N2
記号,N2
試す,N2
課税,N2
足立,N2
転,N2
農場,N2
追及,N2
遠藤,N2
選出,N2
郵送,N2
鉱山,N2
電圧,N2
飛鳥,N2
駆除,N2
騒音,N2
麗,N2
anime,N2
bbc,N2
ec,N2
flash,N2
king,N2
lgbt,N2
make,N2
npo,N2
org,N2
あだ名,N2
うけ,N2
おでん,N2
お出かけ,N2
お盆,N2
がい,N2
しんどい,N2
すてき,N2
にあたり,N2
アルファ,N2
イマイチ,N2
ウクライナ,N2
エレン,N2
オーストリア,N2
オーディオ,N2
オーラ,N2
カクテル,N2
カーテン,N2
ガリ,N2
クローバー,N2
コンドーム,N2
コーデ,N2
ショウ,N2
デル,N2
トライ,N2
トラベル,N2
ドーナツ,N2
ヌード,N2
ハーレム,N2
バリ,N2
ヘリコプター,N2
ベッキー,N2
ベビー,N2
ポジティブ,N2
マウント,N2
メアリー,N2
ラック,N2
レズ,N2
レーン,N2
下さっ,N2
不当,N2
中部,N2
交付,N2
仕業,N2
住居,N2
侵攻,N2
先制,N2
入会,N2
入浴,N2
全日本,N2
六本木,N2
出動,N2
分岐,N2
前面,N2
加熱,N2
勘,N2
医学部,N2
友好,N2
口調,N2
台本,N2
名簿,N2
味わっ,N2
埋まっ,N2
執事,N2
壮大,N2
大国,N2
太陽光,N2
娯楽,N2
安値,N2
封鎖,N2
導い,N2
尽き,N2
市町村,N2
帆,N2
幹,N2
幼少,N2
引っ張り,N2
快,N2
手口,N2
手遅れ,N2
担う,N2
振り返っ,N2
振る舞い,N2
捧げ,N2
掴ん,N2
揺れる,N2
撮れ,N2
救っ,N2
教材,N2
断,N2
既,N2
暗,N2
暫く,N2
果物,N2
染,N2
柔らかい,N2
桐,N2
森田,N2
次郎,N2
正気,N2
武蔵,N2
歩け,N2
殺到,N2
気持ちよく,N2
水中,N2
水族館,N2
決定的,N2
注入,N2
津,N2
浮い,N2
満員,N2
満喫,N2
特異,N2
画家,N2
白目,N2
目黒,N2
硬い,N2
秀,N2
積み,N2
素早く,N2
絞り,N2
締結,N2
習っ,N2
育つ,N2
荒,N2
薬局,N2
蜜,N2
覆わ,N2
見守っ,N2
観念,N2
誠に,N2
調節,N2
負う,N2
貧しい,N2
貧乏,N2
走れ,N2
連鎖,N2
遮断,N2
野村,N2
閉じ込め,N2
限度,N2
雇っ,N2
風船,N2
art,N2
db,N2
fw,N2
know,N2
power,N2
studio,N2
ufo,N2
ve,N2
ありゃ,N2
いまいち,N2
いも,N2
おいしく,N2
かま,N2
こなし,N2
こもっ,N2
つまら,N2
ほし,N2
まね,N2
もみ,N2
わたる,N2
アイコン,N2
アクセサリー,N2
アフィリエイト,N2
アルゴリズム,N2
ウェブ,N2
ォ,N2
オリーブ,N2
キュート,N2
キューバ,N2
クーラー,N2
コップ,N2
ゴメン,N2
ジャクソン,N2
ストレッチ,N2
スピーチ,N2
タレ,N2
トミー,N2
ドキュメント,N2
ネイル,N2
ノース,N2
ハイライト,N2
ハンバーグ,N2
バーチャル,N2
ビリー,N2
ビート,N2
フィート,N2
フライト,N2
プロポーズ,N2
ベーコン,N2
リム,N2
リュック,N2
レバー,N2
ヶ所,N2
一味,N2
一夜,N2
万が一,N2
万能,N2
上品,N2
与党,N2
久保,N2
互い,N2
任命,N2
伝達,N2
体温,N2
倉,N2
備考,N2
共謀,N2
内科,N2
出生,N2
別れる,N2
功績,N2
加害,N2
加賀,N2
労働省,N2
卑怯,N2
喫茶,N2
土壌,N2
増す,N2
壊れる,N2
夜明け,N2
大根,N2
大騒ぎ,N2
失望,N2
奪い,N2
好奇,N2
姪,N2
対面,N2
屋台,N2
山手,N2
岳,N2
峰,N2
川上,N2
工程,N2
年下,N2
引越し,N2
強要,N2
当社,N2
御用,N2
愚痴,N2
懐,N2
批評,N2
技法,N2
担保,N2
招き,N2
持,N2
挑発,N2
探検,N2
改変,N2
敬意,N2
日数,N2
昌,N2
是,N2
晒さ,N2
有用,N2
東南アジア,N2
架空,N2
栄光,N2
武士,N2
気づき,N2
水曜,N2
浦,N2
浩,N2
消せ,N2
消去,N2
潰れ,N2
無能,N2
燃費,N2
王道,N2
畳,N2
発散,N2
目立た,N2
県立,N2
石井,N2
礼儀,N2
称し,N2
立憲,N2
競合,N2
竹内,N2
筆頭,N2
脅し,N2
臓器,N2
色彩,N2
芯,N2
蚊,N2
補佐,N2
見舞い,N2
視力,N2
覗き,N2
賛同,N2
賞賛,N2
載せる,N2
近畿,N2
迷子,N2
運動会,N2
過度,N2
銅,N2
鋭い,N2
電流,N2
鞄,N2
騒ぐ,N2
ep,N2
itunes,N2
kiss,N2
php,N2
usa,N2
zip,N2
あいだ,N2
あたっ,N2
あらかじめ,N2
あらす,N2
かり,N2
さらっ,N2
ざま,N2
じっと,N2
つば,N2
のど,N2
のび太,N2
みや,N2
ゃ,N2
ゆとり,N2
アシスタント,N2
インスタ,N2
ェ,N2
エド,N2
カンパニー,N2
カ国,N2
クッション,N2
グレイ,N2
ケガ,N2
ゴールデン,N2
シコ,N2
スキャンダル,N2
タメ,N2
チー,N2
テール,N2
デッド,N2
デメリット,N2
トリック,N2
ニキ,N2
ネガティブ,N2
パナソニック,N2
フェスティバル,N2
フラン,N2
プラグ,N2
ベット,N2
ペットボトル,N2
ポリ,N2
マギー,N2
マンコ,N2
メトロ,N2
ヨガ,N2
リップ,N2
リモコン,N2
ロク,N2
ワールドカップ,N2
中佐,N2
伊勢,N2
伯爵,N2
伸ばす,N2
公立,N2
冷やし,N2
冷房,N2
勲章,N2
半数,N2
吹き,N2
喜,N2
噛ん,N2
囚われ,N2
国旗,N2
多々,N2
天候,N2
姫路,N2
宣告,N2
寄生,N2
尊,N2
尽くす,N2
崇拝,N2
川島,N2
引き受け,N2
弘,N2
弥,N2
強め,N2
役人,N2
愛国,N2
感激,N2
手入れ,N2
抱える,N2
抹茶,N2
撃ち,N2
日本橋,N2
早かっ,N2
有限,N2
来ら,N2
標高,N2
浦和,N2
湧い,N2
火曜,N2
産まれ,N2
発狂,N2
縛り,N2
罰金,N2
義理,N2
腐敗,N2
腹筋,N2
船長,N2
茂,N2
葬式,N2
衆議院,N2
裏側,N2
複製,N2
要する,N2
見せかけ,N2
許容,N2
話そ,N2
警視庁,N2
赤色,N2
超絶,N2
追っ,N2
造形,N2
運賃,N2
過酷,N2
遺言,N2
酔い,N2
非公開,N2
題材,N2
飲も,N2
飾る,N2
養子,N2
駆動,N2
高性能,N2
魔力,N2
ap,N2
end,N2
fps,N2
long,N2
ne,N2
pa,N2
people,N2
please,N2
special,N2
team,N2
vita,N2
west,N2
where,N2
いかにも,N2
お迎え,N2
くるん,N2
こめ,N2
さようなら,N2
せいぜい,N2
つて,N2
てこ,N2
どうにも,N2
なつ,N2
にわたり,N2
ぶつ,N2
まとまっ,N2
めぐみ,N2
アクリル,N2
アダム,N2
アンチ,N2
インフルエンザ,N2
カム,N2
クルー,N2
シャトル,N2
ジャム,N2
ゼリー,N2
ソード,N2
バレンタイン,N2
パキスタン,N2
ビス,N2
フィクション,N2
フラワー,N2
ヤギ,N2
ユニーク,N2
ライヴ,N2
リビング,N2
万全,N2
不自由,N2
中年,N2
中盤,N2
二郎,N2
代謝,N2
似合っ,N2
作り上げ,N2
侮辱,N2
債権,N2
出馬,N2
分配,N2
別荘,N2
到来,N2
前線,N2
加わる,N2
労,N2
区画,N2
原宿,N2
反抗,N2
合間,N2
味わい,N2
喋り,N2
国防,N2
埋める,N2
基金,N2
壁紙,N2
売,N2
多発,N2
奈々,N2
奏,N2
子猫,N2
定年,N2
宛,N2
実務,N2
宮本,N2
巡っ,N2
広大,N2
待ち合わせ,N2
急行,N2
懐かし,N2
懲役,N2
戦時,N2
挑む,N2
挙げる,N2
接種,N2
放つ,N2
放火,N2
景品,N2
未遂,N2
束,N2
東部,N2
柳,N2
根性,N2
桂,N2
森林,N2
歌声,N2
気の毒,N2
決算,N2
洪水,N2
湿度,N2
炒め,N2
生体,N2
生息,N2
生態,N2
真に,N2
短編,N2
破り,N2
破れ,N2
終始,N2
繊細,N2
繋げ,N2
織田,N2
考えろ,N2
股,N2
脳みそ,N2
自力,N2
荘,N2
裏切り,N2
解ら,N2
触り,N2
豊田,N2
資材,N2
賢く,N2
起源,N2
途上,N2
適合,N2
長女,N2
間近,N2
阿,N2
除け,N2
音量,N2
順次,N2
頼る,N2
飛ばさ,N2
高松,N2
鳴っ,N2
album,N2
hr,N2
ob,N2
office,N2
party,N2
soul,N2
store,N2
think,N2
wii,N2
いね,N2
うい,N2
えり,N2
おかけ,N2
おそ,N2
お疲れさま,N2
こく,N2
とっとと,N2
はじまり,N2
ぱ,N2
まどか,N2
やぁ,N2
やば,N2
エリ,N2
カトリック,N2
カラダ,N2
キリン,N2
クジラ,N2
グッ,N2
ゴー,N2
スグ,N2
スケベ,N2
ソファ,N2
トラップ,N2
ナナ,N2
ネオ,N2
ネック,N2
ハイブリッド,N2
ハグ,N2
ハラ,N2
バケツ,N2
パナマ,N2
ヒップ,N2
ヒール,N2
フー,N2
ブラッド,N2
ホームズ,N2
ポー,N2
マーティン,N2
ミン,N2
ミーティング,N2
リハビリ,N2
リーク,N2
ロッカー,N2
ワイヤー,N2
不愉快,N2
付加,N2
任せる,N2
作り出し,N2
修,N2
優遇,N2
兎,N2
冷,N2
制裁,N2
刺身,N2
原点,N2
原画,N2
周期,N2
唄,N2
塁,N2
外人,N2
外食,N2
多摩,N2
夜勤,N2
大塚,N2
妃,N2
婆,N2
嫌悪,N2
完売,N2
定員,N2
定食,N2
宝物,N2
小銭,N2
屋外,N2
崎,N2
川越,N2
干し,N2
店主,N2
庭園,N2
弾薬,N2
急増,N2
択,N2
排気,N2
改札,N2
斧,N2
晒す,N2
最小,N2
木材,N2
東京ドーム,N2
柏木,N2
次男,N2
派生,N2
派閥,N2
海域,N2
清楚,N2
無言,N2
特撮,N2
特番,N2
猶予,N2
獅子,N2
王妃,N2
発作,N2
白色,N2
相違,N2
真夜中,N2
短時間,N2
社交,N2
神谷,N2
箸,N2
組み立て,N2
給付,N2
続か,N2
繁栄,N2
肘,N2
自国,N2
致命,N2
船橋,N2
莫大,N2
藩,N2
血圧,N2
解像度,N2
解約,N2
討論,N2
試作,N2
読売新聞,N2
返答,N2
追い込ま,N2
造り,N2
過ごせ,N2
達する,N2
長距離,N2
降臨,N2
隠蔽,N2
頂点,N2
高山,N2
ba,N2
bf,N2
df,N2
es,N2
fa,N2
fb,N2
fbi,N2
gm,N2
java,N2
key,N2
light,N2
link,N2
lp,N2
na,N2
never,N2
other,N2
sky,N2
two,N2
want,N2
watch,N2
あれこれ,N2
おねがい,N2
くい,N2
こだわる,N2
こもり,N2
こよ,N2
ごとく,N2
さやか,N2
さんま,N2
すっごい,N2
たいへん,N2
ちゃお,N2
っしょ,N2
どり,N2
はな,N2
ひまわり,N2
ぷ,N2
よっぽど,N2
アイ,N2
アラブ,N2
イタズラ,N2
エヴァ,N2
オタ,N2
カスタマイズ,N2
カリスマ,N2
キラー,N2
キープ,N2
クリエイティブ,N2
クリニック,N2
クレア,N2
ゲリラ,N2
コンテナ,N2
シリアル,N2
シロ,N2
ジャングル,N2
スタンス,N2
スマイル,N2
タイツ,N2
デリヘル,N2
ニック,N2
ハンバーガー,N2
ハードウェア,N2
ヒマ,N2
ビザ,N2
ピラミッド,N2
フォーマット,N2
ヘン,N2
ポルトガル,N2
マグロ,N2
ヤマ,N2
ユーモア,N2
ライス,N2
ラジ,N2
レインボー,N2
下痢,N2
不可欠,N2
主力,N2
井戸,N2
付録,N2
仲良し,N2
休ま,N2
伴っ,N2
便乗,N2
信託,N2
値下げ,N2
傍,N2
傭兵,N2
処方,N2
劇的,N2
募金,N2
勧告,N2
区間,N2
原始,N2
参議院,N2
反響,N2
取,N2
台所,N2
名目,N2
土下座,N2
基調,N2
増強,N2
大きかっ,N2
大橋,N2
天神,N2
嫌う,N2
安打,N2
宏,N2
家出,N2
岩崎,N2
帰れる,N2
廊下,N2
弾丸,N2
恋する,N2
愛好,N2
感性,N2
戦記,N2
承諾,N2
持ち帰り,N2
挙句,N2
接客,N2
握り,N2
支出,N2
改定,N2
数少ない,N2
斬り,N2
断ら,N2
新井,N2
晃,N2
曇り,N2
村田,N2
梱,N2
模,N2
模索,N2
殺意,N2
母さん,N2
母乳,N2
無理矢理,N2
煽り,N2
特技,N2
狭く,N2
生む,N2
産経新聞,N2
用紙,N2
痩せる,N2
痴女,N2
直接的,N2
眠い,N2
眠く,N2
矯正,N2
砦,N2
神道,N2
秘め,N2
窃盗,N2
築地,N2
結衣,N2
絞っ,N2
給,N2
絶妙,N2
綾瀬,N2
繰り返さ,N2
羽根,N2
羽田,N2
脱走,N2
色気,N2
花見,N2
苦しく,N2
荒らし,N2
藤沢,N2
補強,N2
西側,N2
西野,N2
謝る,N2
遊べ,N2
酷,N2
重なっ,N2
降りる,N2
限る,N2
集落,N2
青色,N2
面会,N2
頂戴,N2
頭脳,N2
鬼畜,N2
魔物,N2
魚雷,N2
after,N2
iv,N2
jc,N2
mi,N2
note,N2
san,N2
wwwww,N2
xbox,N2
おいしかっ,N2
おくれ,N2
お呼び,N2
くち,N2
くっつい,N2
さらなる,N2
そろっ,N2
ただただ,N2
つま,N2
なかろ,N2
なのに,N2
ふわふわ,N2
ぼう,N2
わくわく,N2
アメリカ合衆国,N2
ウォーキング,N2
オヤジ,N2
カナ,N2
カビ,N2
カリ,N2
ガイドライン,N2
クリップ,N2
クローン,N2
ゲル,N2
コミケ,N2
サンドイッチ,N2
シャッター,N2
ジャンク,N2
ジョンソン,N2
スキャン,N2
ステッカー,N2
スロー,N2
ダル,N2
テレビ朝日,N2
ニュージーランド,N2
ネル,N2
バーン,N2
ブレ,N2
プラチナ,N2
ヘル,N2
ミッキー,N2
メモリー,N2
モス,N2
モチベーション,N2
ユキ,N2
ラベル,N2
ロッテ,N2
ワゴン,N2
三昧,N2
下野,N2
不調,N2
不適切,N2
主観,N2
乾い,N2
云々,N2
交,N2
他国,N2
使い勝手,N2
便器,N2
促す,N2
円盤,N2
動脈,N2
即座,N2
原型,N2
合衆国,N2
吉本,N2
同年,N2
同性,N2
同然,N2
吸わ,N2
呪わ,N2
味噌汁,N2
唐突,N2
噛み,N2
図書,N2
圧倒,N2
増税,N2
壊さ,N2
売り切れ,N2
外務省,N2
寂し,N2
寄与,N2
専属,N2
延,N2
戦わ,N2
打て,N2
拭い,N2
持ち上げ,N2
捕まる,N2
換算,N2
整っ,N2
断る,N2
日本テレビ,N2
明白,N2
暴力団,N2
最多,N2
朱,N2
椿,N2
模倣,N2
歌舞伎,N2
死人,N2
水槽,N2
混ん,N2
無印,N2
無数,N2
無知,N2
燃やし,N2
王者,N2
理屈,N2
生誕,N2
登,N2
白く,N2
百貨店,N2
直結,N2
空腹,N2
笛,N2
精霊,N2
絡む,N2
罪悪,N2
聴取,N2
肉食,N2
脆弱,N2
舟,N2
苦,N2
製薬,N2
見当たら,N2
解任,N2
解剖,N2
診察,N2
調和,N2
諸君,N2
警部,N2
賃貸,N2
贈る,N2
越,N2
転ん,N2
追悼,N2
退学,N2
配送,N2
錬金術,N2
阪急,N2
集約,N2
領,N2
騎手,N2
騒が,N2
高値,N2
鬱,N2
api,N2
ar,N2
edition,N2
full,N2
god,N2
grand,N2
info,N2
le,N2
mini,N2
original,N2
rx,N2
ry,N2
see,N2
あおい,N2
あがる,N2
あちら,N2
おせ,N2
きか,N2
きく,N2
くろ,N2
さる,N2
すず,N2
すっごく,N2
ずーっと,N2
たかし,N2
ちと,N2
ちょうだい,N2
ちり,N2
ついつい,N2
とことん,N2
なおし,N2
ひっ,N2
みの,N2
めんどく,N2
やま,N2
よっしゃ,N2
らっしゃい,N2
われわれ,N2
アフガニスタン,N2
イチゴ,N2
ウイスキー,N2
ウルトラマン,N2
カテゴリー,N2
カメ,N2
ケチ,N2
ゴ,N2
サンキュー,N2
シドニー,N2
ジョジョ,N2
スゴ,N2
セントラル,N2
ゼミ,N2
ソーセージ,N2
ディス,N2
トリプル,N2
トータル,N2
ニセ,N2
ハナ,N2
バスケ,N2
パーフェクト,N2
ピエール,N2
ピカ,N2
フィリップ,N2
ブッシュ,N2
ミステリー,N2
ライブラリ,N2
ルカ,N2
レム,N2
上半身,N2
上流,N2
中傷,N2
争う,N2
事案,N2
使,N2
保全,N2
倒せ,N2
倒れる,N2
偽造,N2
光学,N2
全域,N2
出展,N2
勝者,N2
化石,N2
厳格,N2
吹く,N2
哀れ,N2
団地,N2
堕ち,N2
士官,N2
大西,N2
学力,N2
工芸,N2
希少,N2
広範囲,N2
引換,N2
彰,N2
忠誠,N2
性交,N2
恋し,N2
恩恵,N2
悪影響,N2
惜しい,N2
所在,N2
所在地,N2
拓,N2
振り返る,N2
掛ける,N2
描け,N2
搬送,N2
操る,N2
改装,N2
教訓,N2
施さ,N2
明石,N2
書き方,N2
最先端,N2
最大限,N2
有益,N2
椎名,N2
横須賀,N2
武力,N2
毛布,N2
気合,N2
水色,N2
決議,N2
治す,N2
泣か,N2
涼しい,N2
温め,N2
潰さ,N2
特攻,N2
犯さ,N2
玲,N2
珠,N2
理不尽,N2
生ん,N2
病ん,N2
白黒,N2
目玉,N2
破滅,N2
祐,N2
禁断,N2
続出,N2
総督,N2
腐,N2
自民,N2
至ら,N2
英会話,N2
衰え,N2
裕福,N2
要員,N2
視察,N2
解答,N2
記入,N2
課程,N2
負わ,N2
賢者,N2
辞典,N2
追,N2
通算,N2
配備,N2
釈放,N2
陣営,N2
難波,N2
飴,N2
高まり,N2
高田,N2
鹿島,N2
cafe,N2
come,N2
cr,N2
fate,N2
flower,N2
kids,N2
kw,N2
lan,N2
second,N2
sony,N2
tb,N2
⌒,N2
くるみ,N2
こし,N2
こみ,N2
さし,N2
さす,N2
じみ,N2
ちか,N2
てっきり,N2
どい,N2
はなし,N2
ふる,N2
まゆ,N2
アイスクリーム,N2
アレックス,N2
オブジェクト,N2
カモ,N2
キッド,N2
キティ,N2
クリエイター,N2
コスチューム,N2
コル,N2
ゴロゴロ,N2
ジョーカー,N2
セーラー,N2
ゼルダ,N2
ソル,N2
ディーラー,N2
デフォルト,N2
トーナメント,N2
トーン,N2
ナノ,N2
ババア,N2
パッチ,N2
ビニール,N2
フィン,N2
フォルダ,N2
ベタ,N2
ベラ,N2
マッチング,N2
マフラー,N2
マヤ,N2
メンテ,N2
モジュール,N2
リサ,N2
レオン,N2
レコーディング,N2
ロサンゼルス,N2
上層,N2
上達,N2
両立,N2
亡命,N2
人手,N2
今季,N2
代金,N2
休業,N2
停車,N2
公明党,N2
分布,N2
初恋,N2
双,N2
口径,N2
台場,N2
固い,N2
固まっ,N2
圧迫,N2
地名,N2
夕飯,N2
外野,N2
妊婦,N2
安易,N2
定数,N2
宝塚,N2
客室,N2
屋内,N2
帽,N2
幕府,N2
年中,N2
恵比寿,N2
愉快,N2
戻ら,N2
手のひら,N2
打ち合わせ,N2
持ち出し,N2
挟ま,N2
挫折,N2
掲げる,N2
握る,N2
支度,N2
救命,N2
文春,N2
斬新,N2
昇格,N2
明かし,N2
映る,N2
暦,N2
最短,N2
月間,N2
望ま,N2
条項,N2
枯れ,N2
概ね,N2
次期,N2
歓喜,N2
民事,N2
気力,N2
治ら,N2
泊まっ,N2
浅野,N2
消毒,N2
淫乱,N2
添付,N2
添加,N2
清潔,N2
滅多,N2
漁師,N2
無力,N2
狩猟,N2
球場,N2
産経,N2
発祥,N2
発足,N2
登る,N2
的確,N2
眉,N2
秋元,N2
秘訣,N2
簿,N2
紙幣,N2
終戦,N2
総統,N2
老舗,N2
聞ける,N2
脱退,N2
薬品,N2
蟹,N2
見分け,N2
解く,N2
語彙,N2
超人,N2
近親,N2
追って,N2
退場,N2
連日,N2
運送,N2
適度,N2
邪悪,N2
部族,N2
配列,N2
除き,N2
集客,N2
雑魚,N2
飛び込ん,N2
飛躍,N2
高崎,N2
齢,N2
again,N2
got,N2
green,N2
hi,N2
inc,N2
mobile,N2
movie,N2
pp,N2
some,N2
sun,N2
wbc,N2
why,N2
work,N2
ν,N2
いり,N2
お嬢さん,N2
しかして,N2
ぜん,N2
たばこ,N2
つかっ,N2
つなぐ,N2
はてな,N2
ゆず,N2
よーし,N2
らしき,N2
アンタ,N2
アーク,N2
アーム,N2
インディアン,N2
カレン,N2
ギャング,N2
コロコロ,N2
シアター,N2
ジェリー,N2
スクエア,N2
スナック,N2
スバル,N2
スプーン,N2
ソックス,N2
タ,N2
ダサい,N2
チビ,N2
テイラー,N2
ドス,N2
ババ,N2
バルセロナ,N2
プライス,N2
マイクロソフト,N2
マツダ,N2
ミント,N2
リスナー,N2
ルパン,N2
ワザ,N2
上原,N2
不全,N2
乗り物,N2
些細,N2
付か,N2
代理人,N2
佐久間,N2
健太郎,N2
傷つい,N2
内装,N2
処罰,N2
切手,N2
刊行,N2
助成,N2
北西,N2
取ろ,N2
口コミ,N2
名所,N2
君たち,N2
咲い,N2
図っ,N2
変異,N2
夏目,N2
好調,N2
家系,N2
家計,N2
富豪,N2
寝室,N2
峠,N2
巫女,N2
幅広く,N2
幕末,N2
平安,N2
年末年始,N2
弾き,N2
徹夜,N2
思いつか,N2
思い切っ,N2
悪役,N2
意地,N2
戦線,N2
折り返し,N2
持参,N2
掘っ,N2
接する,N2
揉み,N2
援護,N2
撃つ,N2
教団,N2
文献,N2
新年,N2
昨今,N2
曲げ,N2
書ける,N2
本業,N2
杉田,N2
検知,N2
極め,N2
楽勝,N2
浅草,N2
海底,N2
激減,N2
爆乳,N2
申込,N2
発し,N2
発車,N2
相応,N2
突如,N2
等しい,N2
精密,N2
精液,N2
聖人,N2
聞かさ,N2
荒野,N2
著しく,N2
蜘蛛,N2
襲う,N2
要は,N2
調味,N2
負債,N2
転落,N2
遂げ,N2
遅かっ,N2
配っ,N2
重ねる,N2
量子,N2
金メダル,N2
金色,N2
金魚,N2
銃撃,N2
関税,N2
阻害,N2
陽気,N2
隣接,N2
音響,N2
願,N2
馬力,N2
駿,N2
高層,N2
麻衣,N2
bad,N2
bp,N2
core,N2
dd,N2
docomo,N2
final,N2
our,N2
song,N2
too,N2
wikipedia,N2
yo,N2
あふれる,N2
いた事,N2
いやあ,N2
かっこ,N2
くす,N2
こだわっ,N2
これぞ,N2
しつこい,N2
しみ,N2
たけれ,N2
たまる,N2
つぶやき,N2
ときどき,N2
とりわけ,N2
のけ,N2
みそ,N2
もうちょい,N2
アクセル,N2
アンドロイド,N2
イザ,N2
オッパイ,N2
カジュアル,N2
カッ,N2
キャバクラ,N2
キュー,N2
キラ,N2
クラーク,N2
グラウンド,N2
コウ,N2
コミックス,N2
コメディ,N2
コンクール,N2
サバイバル,N2
サーカス,N2
シャン,N2
シルエット,N2
スニーカー,N2
チョイス,N2
テラ,N2
ドヤ,N2
ナショナル,N2
ナチ,N2
ノルウェー,N2
ハザード,N2
ハーブ,N2
バニラ,N2
バーベキュー,N2
パワーアップ,N2
パンケーキ,N2
フレンチ,N2
ブ,N2
ミラクル,N2
ムード,N2
ユース,N2
リソース,N2
レナ,N2
主権,N2
乃木坂,N2
乾,N2
事象,N2
二宮,N2
亡くし,N2
仇,N2
今晩,N2
仕入れ,N2
仕立て,N2
住まい,N2
修道院,N2
倍率,N2
免除,N2
割り当て,N2
勃,N2
半沢,N2
南米,N2
却下,N2
及ん,N2
反する,N2
只,N2
同窓会,N2
向ける,N2
和也,N2
咳,N2
営利,N2
四郎,N2
在宅,N2
地理,N2
地裁,N2
多大,N2
大田,N2
大金,N2
好ま,N2
宇治,N2
宣,N2
小松,N2
小鳥,N2
尽く,N2
廃墟,N2
当分,N2
役に立た,N2
成熟,N2
或いは,N2
所詮,N2
折,N2
持ち込み,N2
接待,N2
改名,N2
故意,N2
新婚,N2
時空,N2
最優秀,N2
木造,N2
未定,N2
本数,N2
本線,N2
梅雨,N2
極秘,N2
楽譜,N2
武藤,N2
死神,N2
民営,N2
水面,N2
洗い,N2
消失,N2
混同,N2
濃く,N2
瀬戸,N2
無くし,N2
焼きそば,N2
登記,N2
秀吉,N2
移す,N2
移る,N2
策定,N2
終える,N2
絶頂,N2
腎臓,N2
膣,N2
航,N2
艶,N2
表彰,N2
被る,N2
見捨て,N2
言い出し,N2
誤字,N2
辛かっ,N2
迫ら,N2
退院,N2
遊,N2
遊園,N2
那覇,N2
配線,N2
鑑,N2
長かっ,N2
長生き,N2
階層,N2
雇わ,N2
響く,N2
顕著,N2
骨格,N2
has,N2
low,N2
made,N2
master,N2
mhz,N2
psp,N2
sb,N2
tel,N2
uk,N2
xx,N2
あした,N2
いす,N2
しょっちゅう,N2
じゃぁ,N2
たいした,N2
つぶし,N2
どういたしまして,N2
なんぞ,N2
ひろし,N2
まるごと,N2
まわし,N2
わたくし,N2
アルト,N2
エドワード,N2
エフェクト,N2
オト,N2
オファー,N2
カウントダウン,N2
カギ,N2
カルト,N2
カルロス,N2
カーブ,N2
ガッカリ,N2
コキ,N2
サイバー,N2
ジミー,N2
スズキ,N2
スタバ,N2
スプリング,N2
ズル,N2
チャイナ,N2
テック,N2
デンマーク,N2
ドラクエ,N2
ハズレ,N2
パラダイス,N2
ビキニ,N2
フェラーリ,N2
フン,N2
ブドウ,N2
ベストセラー,N2
ホップ,N2
ホームレス,N2
マクロ,N2
ラノベ,N2
リサイクル,N2
一線,N2
上旬,N2
不自然,N2
両国,N2
中高生,N2
五月,N2
伊東,N2
伏せ,N2
保留,N2
修学旅行,N2
値上げ,N2
偏差,N2
凶悪,N2
加わり,N2
加算,N2
卒業生,N2
南北,N2
及ぼす,N2
反動,N2
取り組む,N2
台無し,N2
吉祥寺,N2
吉野,N2
呂,N2
呉,N2
和風,N2
啓発,N2
固有,N2
地形,N2
境,N2
大作,N2
女児,N2
好感,N2
宙,N2
実体,N2
封筒,N2
専念,N2
山頂,N2
巡査,N2
広げる,N2
座標,N2
引き換え,N2
後編,N2
思いやり,N2
悩まさ,N2
想,N2
態勢,N2
所長,N2
手塚,N2
手続,N2
担っ,N2
敗れ,N2
既婚,N2
日和,N2
旨い,N2
景,N2
柿,N2
死去,N2
河野,N2
法制,N2
深め,N2
炭水化物,N2
炭素,N2
無難,N2
熱狂,N2
牛肉,N2
物流,N2
猛烈,N2
獲,N2
生える,N2
異例,N2
痕跡,N2
発現,N2
発酵,N2
目立ち,N2
直人,N2
真っ白,N2
真空,N2
眠,N2
着手,N2
確かめる,N2
積み重ね,N2
答弁,N2
籍,N2
納め,N2
脂,N2
脱ぎ,N2
自発,N2
苦戦,N2
蜂,N2
補足,N2
記さ,N2
講談社,N2
貫通,N2
賞味,N2
蹴っ,N2
車椅子,N2
車線,N2
近辺,N2
追記,N2
連打,N2
道中,N2
違,N2
配分,N2
釘,N2
釜,N2
長期間,N2
開花,N2
防,N2
陥る,N2
離し,N2
青葉,N2
頁,N2
飛ば,N2
鳩,N2
鳴る,N2
黒く,N2
cat,N2
give,N2
gk,N2
ha,N2
mf,N2
playstation,N2
room,N2
story,N2
vote,N2
いっつも,N2
うなぎ,N2
うり,N2
おっしゃる,N2
おも,N2
おもてなし,N2
お好み焼き,N2
お隣,N2
かばん,N2
きち,N2
こなす,N2
さりげ,N2
ちび,N2
つない,N2
とめ,N2
なぞ,N2
はく,N2
はじめる,N2
ばり,N2
ぴ,N2
ふれ,N2
ゆみ,N2
りす,N2
アクセント,N2
アフター,N2
アーケード,N2
ウー,N2
エロゲ,N2
キメ,N2
キャンディ,N2
ケイト,N2
ゲーマー,N2
コック,N2
コピペ,N2
サ,N2
シニア,N2
シル,N2
ジェフ,N2
スパイダーマン,N2
セールス,N2
タモリ,N2
ターミナル,N2
チラ,N2
ディズニーランド,N2
デマ,N2
バス停,N2
バルブ,N2
パンチラ,N2
パンフレット,N2
ピット,N2
フロー,N2
プラザ,N2
マヨネーズ,N2
ミサ,N2
モンゴル,N2
ヤフー,N2
ライアン,N2
リハーサル,N2
リーマン,N2
一層,N2
下品,N2
争っ,N2
以,N2
供述,N2
偽り,N2
傲慢,N2
元祖,N2
公安,N2
削っ,N2
前編,N2
半島,N2
卑猥,N2
取り消し,N2
台数,N2
嘉,N2
噛ま,N2
囚人,N2
団子,N2
地盤,N2
塚本,N2
外せ,N2
大井,N2
奇,N2
婚姻,N2
宴,N2
少な,N2
届ける,N2
巡礼,N2
弾圧,N2
当面,N2
憎しみ,N2
抽象,N2
探る,N2
探査,N2
提言,N2
救援,N2
文化財,N2
新書,N2
日本海,N2
明示,N2
時速,N2
晶,N2
暴言,N2
最高裁,N2
月収,N2
柵,N2
欠席,N2
次いで,N2
正午,N2
母国,N2
没収,N2
注い,N2
減ら,N2
溺れ,N2
漁業,N2
照らし,N2
独り,N2
略奪,N2
痛め,N2
療養,N2
登り,N2
皇,N2
盛岡,N2
相次い,N2
破る,N2
磨い,N2
秋山,N2
稲田,N2
紅葉,N2
美月,N2
肛門,N2
育,N2
苗字,N2
荷,N2
補充,N2
見知らぬ,N2
試練,N2
読み方,N2
財務省,N2
農民,N2
連帯,N2
連行,N2
運搬,N2
配合,N2
酒場,N2
醜い,N2
鐘,N2
間に合っ,N2
間違える,N2
隼,N2
離さ,N2
非公式,N2
面し,N2
頑張ろ,N2
高温,N2
bc,N2
city,N2
il,N2
number,N2
official,N2
old,N2
pk,N2
ts,N2
yeah,N2
あみ,N2
うら,N2
お姫様,N2
かぎり,N2
がけ,N2
きゅう,N2
ぎょ,N2
くさ,N2
ことし,N2
こむ,N2
さく,N2
さらば,N2
しき,N2
しゃべっ,N2
しり,N2
すこ,N2
ちい,N2
とどめ,N2
にまつわる,N2
ふみ,N2
ぼん,N2
みえる,N2
やあ,N2
やすかっ,N2
るる,N2
アカン,N2
イジメ,N2
インテリア,N2
ウォーク,N2
ウザ,N2
オモチャ,N2
カラフル,N2
カントリー,N2
ギルド,N2
クーデター,N2
コク,N2
ココア,N2
シカ,N2
シコシコ,N2
ジャージ,N2
スキ,N2
スティーブ,N2
スピン,N2
セーフ,N2
チャック,N2
テリー,N2
テル,N2
トースト,N2
ハチ,N2
ハッカー,N2
ハット,N2
ハブ,N2
バク,N2
バースデー,N2
パジャマ,N2
ビラ,N2
ピッチ,N2
ファミコン,N2
フライパン,N2
ペダル,N2
ペルー,N2
ヤフオク,N2
ヤレ,N2
ユリ,N2
ラブホ,N2
ロビン,N2
一行,N2
上っ,N2
上着,N2
下位,N2
中尉,N2
乗組,N2
交え,N2
便所,N2
先ず,N2
光っ,N2
党首,N2
入隊,N2
公益,N2
共闘,N2
切符,N2
別名,N2
刻,N2
北東,N2
十字架,N2
半田,N2
危惧,N2
取り敢えず,N2
合金,N2
味付け,N2
呼称,N2
命名,N2
哉,N2
団結,N2
夜行,N2
嫁さん,N2
家康,N2
導き,N2
展覧,N2
山中,N2
差異,N2
平凡,N2
弊社,N2
引っかかっ,N2
忙し,N2
忠,N2
快速,N2
悪人,N2
意味合い,N2
慢性,N2
慰め,N2
憂鬱,N2
手助け,N2
振ら,N2
携わっ,N2
教官,N2
教科,N2
教諭,N2
新橋,N2
早起き,N2
易い,N2
星座,N2
景観,N2
曲がっ,N2
有志,N2
有給,N2
朗報,N2
本場,N2
柔らかく,N2
正統,N2
氏名,N2
泳い,N2
洗練,N2
浴びる,N2
涼しく,N2
渚,N2
溜め,N2
滑っ,N2
瀧,N2
爽快,N2
男児,N2
盗難,N2
盛大,N2
相模原,N2
社畜,N2
祝う,N2
神宮,N2
福袋,N2
空け,N2
立花,N2
終われ,N2
翌年,N2
若年,N2
苦悩,N2
衣服,N2
補完,N2
要る,N2
読,N2
貸切,N2
速やか,N2
鉛筆,N2
長寿,N2
閣下,N2
限,N2
震える,N2
頑丈,N2
食糧,N2
首位,N2
香取,N2
駆けつけ,N2
body,N2
code,N2
collection,N2
exile,N2
find,N2
fs,N2
gi,N2
iq,N2
map,N2
order,N2
page,N2
stage,N2
tpp,N2
vo,N2
wd,N2
wifi,N2
あがり,N2
うつ病,N2
おの,N2
からには,N2
きる,N2
してやる,N2
そうすると,N2
ちまえ,N2
つと,N2
なけりゃ,N2
ふっ,N2
まさしく,N2
みこ,N2
みつけ,N2
みのり,N2
アマチュア,N2
アレン,N2
アングル,N2
イラストレーター,N2
ウ,N2
エイト,N2
エマ,N2
オリックス,N2
キャバ,N2
キューブ,N2
グレン,N2
ゴシック,N2
サイコパス,N2
サムライ,N2
ジュン,N2
スクープ,N2
セクション,N2
タッグ,N2
ダラダラ,N2
ダンボール,N2
チューブ,N2
テ,N2
デカイ,N2
デパート,N2
トライアル,N2
ネイティブ,N2
ハッシュ,N2
バディ,N2
バリー,N2
ファミ,N2
プ,N2
プラント,N2
プレゼン,N2
ヘビ,N2
ベクトル,N2
ポーチ,N2
マイン,N2
マルコ,N2
メイ,N2
モル,N2
ヨシ,N2
ロリコン,N2
三井,N2
三振,N2
上回っ,N2
不信,N2
並行,N2
丸出し,N2
乗り込ん,N2
人身,N2
今期,N2
伝わら,N2
作り出す,N2
使い捨て,N2
供養,N2
倒さ,N2
共存,N2
冷戦,N2
凄かっ,N2
分泌,N2
利便,N2
制圧,N2
刺さっ,N2
前述,N2
功,N2
北側,N2
半導体,N2
厚い,N2
受給,N2
口癖,N2
句,N2
可愛らしい,N2
向き合う,N2
呆れ,N2
商法,N2
嗜好,N2
坪,N2
多用,N2
多額,N2
大都市,N2
天空,N2
姦,N2
宝くじ,N2
寛,N2
将校,N2
年内,N2
廉,N2
心身,N2
情けない,N2
憧れる,N2
戦え,N2
抹消,N2
探そ,N2
提起,N2
撒き,N2
日系,N2
星空,N2
暗闇,N2
書こ,N2
最善,N2
有権者,N2
東証,N2
極限,N2
横綱,N2
樹脂,N2
歌唱,N2
歪み,N2
残留,N2
水上,N2
泰,N2
漂う,N2
特製,N2
玉ねぎ,N2
理科,N2
生き残る,N2
町内,N2
異議,N2
皇室,N2
直行,N2
相関,N2
真っ先,N2
祖国,N2
絡め,N2
続行,N2
綿,N2
縄,N2
繋,N2
耐える,N2
若き,N2
茹で,N2
葉っぱ,N2
薬剤師,N2
虚偽,N2
西口,N2
要塞,N2
要領,N2
解っ,N2
触手,N2
豚肉,N2
赤ん坊,N2
足首,N2
踏み,N2
車体,N2
車輪,N2
迷宮,N2
退社,N2
逝っ,N2
連敗,N2
邦,N2
重症,N2
金子,N2
防備,N2
陰陽,N2
雛,N2
雨宮,N2
題名,N2
飲,N2
馬車,N2
高騰,N2
鳴き声,N2
鳴らし,N2
黙れ,N2
el,N2
fe,N2
feat,N2
nintendo,N2
nm,N2
step,N2
xp,N2
いえいえ,N2
いくらでも,N2
ぇぇ,N2
おとなしく,N2
おなじみ,N2
したがっ,N2
しっくり,N2
じゅん,N2
じわじわ,N2
つくら,N2
にく,N2
はいっ,N2
ほのか,N2
もろ,N2
ゅう,N2
よほど,N2
よん,N2
りゅう,N2
アポ,N2
ウォン,N2
エッセイ,N2
エンターテイメント,N2
ガールズ,N2
キャロル,N2
クモ,N2
クレイ,N2
ググ,N2
サクサク,N2
サンデー,N2
シューズ,N2
ジョーダン,N2
ジーン,N2
スイカ,N2
スコットランド,N2
スムーズ,N2
スー,N2
タフ,N2
タラ,N2
トリガー,N2
ニス,N2
ハズ,N2
パトリック,N2
ファイター,N2
フォックス,N2
フットボール,N2
ペイ,N2
ペイント,N2
ボカロ,N2
ボロ,N2
リサーチ,N2
リピート,N2
レイアウト,N2
ワニ,N2
三島,N2
三田,N2
上等,N2
並びに,N2
丸い,N2
丸く,N2
乗せる,N2
乗れる,N2
乱暴,N2
余分,N2
併設,N2
入金,N2
出れ,N2
出来上がっ,N2
別途,N2
刻印,N2
力士,N2
労力,N2
動力,N2
匠,N2
南アフリカ,N2
反転,N2
可愛かっ,N2
合え,N2
合コン,N2
吉川,N2
吹き替え,N2
和泉,N2
国内外,N2
執着,N2
報わ,N2
墨,N2
大山,N2
太く,N2
奪還,N2
妨げ,N2
委,N2
孝,N2
季,N2
孤児,N2
宮田,N2
専業,N2
小僧,N2
島田,N2
巻き込ん,N2
建てる,N2
弱っ,N2
強行,N2
弾く,N2
律,N2
後世,N2
従って,N2
怒,N2
思い出さ,N2
思春,N2
愛子,N2
成し遂げ,N2
戦死,N2
戻さ,N2
擬人,N2
敢えて,N2
数える,N2
文系,N2
新卒,N2
旭,N2
春日,N2
時折,N2
暖房,N2
有村,N2
朔,N2
東アジア,N2
松下,N2
柔らか,N2
梶,N2
死因,N2
水産,N2
海水,N2
特価,N2
獲物,N2
率いる,N2
異端,N2
相応しい,N2
眺める,N2
石垣,N2
空手,N2
突っ込む,N2
符,N2
細か,N2
終末,N2
脈,N2
艇,N2
荒川,N2
蒸気,N2
衆院,N2
行進,N2
街道,N2
見せつけ,N2
見本,N2
規範,N2
角川,N2
解き,N2
詩人,N2
語尾,N2
謙虚,N2
費やし,N2
路面,N2
述べる,N2
逃げ出し,N2
遊ば,N2
過ち,N2
邸,N2
長者,N2
防水,N2
騎,N2
魅了,N2
鮮やか,N2
黒幕,N2
age,N2
dead,N2
fr,N2
his,N2
house,N2
into,N2
iso,N2
mod,N2
road,N2
stop,N2
tm,N2
true,N2
version,N2
view,N2
おおい,N2
お子さん,N2
お守り,N2
かさ,N2
こぼれ,N2
ごらん,N2
してやろ,N2
すむ,N2
ため息,N2
でっかい,N2
はずれ,N2
ひかる,N2
ひめ,N2
びん,N2
みせる,N2
めし,N2
やせ,N2
ゆったり,N2
られれ,N2
わるい,N2
アトリエ,N2
アドバイザー,N2
アニソン,N2
イングランド,N2
オオカミ,N2
カセット,N2
カレ,N2
カープ,N2
キツネ,N2
キャサリン,N2
サックス,N2
サンシャイン,N2
シャンパン,N2
シュール,N2
スタメン,N2
スチール,N2
ステレオ,N2
セーラー服,N2
ゼウス,N2
ターボ,N2
チェス,N2
デルタ,N2
トス,N2
ナマ,N2
バ,N2
パブ,N2
ピコ,N2
ファンクラブ,N2
フィル,N2
フェリー,N2
ブサイク,N2
ブラシ,N2
ムーア,N2
モダン,N2
モモ,N2
ヤマハ,N2
リアクション,N2
リバー,N2
リリー,N2
レンガ,N2
ロフト,N2
一角,N2
交互,N2
代わる,N2
件数,N2
傾け,N2
入り込ん,N2
内面,N2
冷たく,N2
出掛け,N2
分かれる,N2
刊,N2
初対面,N2
判別,N2
包,N2
千尋,N2
南西,N2
即日,N2
即死,N2
去り,N2
参院,N2
反則,N2
反逆,N2
可動,N2
台北,N2
各自,N2
告げる,N2
因みに,N2
土砂,N2
大川,N2
子犬,N2
学級,N2
学長,N2
安保,N2
安部,N2
家屋,N2
小さ,N2
少なから,N2
屁,N2
平田,N2
幻覚,N2
幼馴染,N2
幾ら,N2
引き継い,N2
引っ張る,N2
従わ,N2
得票,N2
急が,N2
懲戒,N2
成る,N2
手放し,N2
打ち切り,N2
掟,N2
採掘,N2
改訂,N2
文科,N2
断然,N2
早急,N2
普遍,N2
最小限,N2
本性,N2
気付き,N2
水野,N2
求,N2
決闘,N2
減速,N2
炭,N2
烏,N2
然,N2
狂い,N2
率い,N2
生き残り,N2
略し,N2
異動,N2
県知事,N2
着き,N2
石鹸,N2
祖先,N2
種子,N2
紋,N2
納,N2
純正,N2
紛れ,N2
素晴らし,N2
絵師,N2
絶え,N2
絶叫,N2
聴か,N2
興行,N2
苦笑,N2
苺,N2
行なわ,N2
装甲,N2
西宮,N2
西田,N2
見守る,N2
親方,N2
記し,N2
諜報,N2
諸々,N2
譲,N2
豊洲,N2
賭博,N2
赤外線,N2
込む,N2
迷わ,N2
追い出さ,N2
送金,N2
過失,N2
過疎,N2
金庫,N2
面倒くさい,N2
頂上,N2
鯨,N2
黒崎,N2
al,N2
app,N2
boy,N2
nec,N2
read,N2
set,N2
shop,N2
sl,N2
thank,N2
tt,N2
tweet,N2
°),N2
ぁぁ,N2
いまさら,N2
ぎん,N2
ここら,N2
こわ,N2
じゃー,N2
ぜんぶ,N2
ちなん,N2
てえ,N2
ばっ,N2
ひざ,N2
まったり,N2
みずほ,N2
ゆで,N2
アキ,N2
アルゼンチン,N2
アントニオ,N2
ウルフ,N2
エンタープライズ,N2
オスカー,N2
オーケストラ,N2
キッズ,N2
キムチ,N2
クロック,N2
グレ,N2
コントローラー,N2
サイコー,N2
スリ,N2
タトゥー,N2
チェリー,N2
ドラフト,N2
ハッキング,N2
ピーチ,N2
フラット,N2
フレア,N2
プロトコル,N2
ベア,N2
マウンテン,N2
マンハッタン,N2
メカニズム,N2
ライナー,N2
リュウ,N2
一挙,N2
下っ,N2
下落,N2
不況,N2
乗,N2
人殺し,N2
人的,N2
位置づけ,N2
使い分け,N2
値する,N2
備える,N2
兵隊,N2
内心,N2
再婚,N2
写し,N2
出所,N2
出雲,N2
分断,N2
列島,N2
前川,N2
包ん,N2
原告,N2
可決,N2
名人,N2
名字,N2
命中,N2
和菓子,N2
啓,N2
喘ぎ,N2
喚起,N2
土屋,N2
堀江,N2
売り場,N2
多彩,N2
奮闘,N2
学べ,N2
属し,N2
属する,N2
巧み,N2
帰省,N2
度々,N2
式典,N2
彦,N2
役職,N2
後部,N2
恭子,N2
抜粋,N2
指紋,N2
提唱,N2
撃破,N2
教わっ,N2
日替わり,N2
替わり,N2
最長,N2
最高峰,N2
朗読,N2
松島,N2
校生,N2
母子,N2
沙汰,N2
流入,N2
消,N2
涼子,N2
混じっ,N2
溶かし,N2
滝沢,N2
炊飯,N2
爺さん,N2
珈琲,N2
琉球,N2
産む,N2
男爵,N2
病棟,N2
痛かっ,N2
発情,N2
盛っ,N2
真っ直ぐ,N2
瞑想,N2
破,N2
硬,N2
磨き,N2
祈願,N2
神父,N2
種別,N2
空想,N2
端子,N2
筐,N2
素顔,N2
経理,N2
義父,N2
自律,N2
荒木,N2
蛍光,N2
親しい,N2
観覧,N2
解読,N2
討伐,N2
誘致,N2
誤差,N2
貼ら,N2
購買,N2
辞退,N2
近づけ,N2
近頃,N2
追いつか,N2
逃れる,N2
閣僚,N2
隠せ,N2
震源,N2
飛べ,N2
食器,N2
飽きる,N2
首長,N2
高原,N2
ah,N2
anniversary,N2
case,N2
face,N2
hello,N2
information,N2
nfl,N2
season,N2
sound,N2
zone,N2
♂,N2
あいさつ,N2
ありのまま,N2
あり方,N2
いたる,N2
いまだ,N2
うみ,N2
かお,N2
かたち,N2
かまわ,N2
けっ,N2
こえ,N2
さほど,N2
しつこく,N2
つなぎ,N2
つなげ,N2
なくす,N2
はた,N2
ひど,N2
ふたつ,N2
ぶる,N2
へっ,N2
アソコ,N2
イブ,N2
インテル,N2
エッジ,N2
オッサン,N2
カーニバル,N2
ガッツリ,N2
キャス,N2
キャノン,N2
ケリー,N2
コナミ,N2
ゴッド,N2
ゴロ,N2
サミット,N2
サーチ,N2
サード,N2
シワ,N2
ジル,N2
スクリプト,N2
ズ,N2
ソロモン,N2
ゾウ,N2
トイ,N2
トレーラー,N2
ナウ,N2
ナポリ,N2
ノブ,N2
バイキング,N2
バリバリ,N2
バンコク,N2
パチスロ,N2
ヒューストン,N2
ピエロ,N2
フランシス,N2
ヘッドホン,N2
ベランダ,N2
ホーク,N2
ボクサー,N2
ボーダー,N2
マキ,N2
メンツ,N2
モチ,N2
レスリング,N2
ロマンス,N2
下す,N2
不祥事,N2
中枢,N2
乗員,N2
代償,N2
仮装,N2
任さ,N2
任期,N2
低迷,N2
保健所,N2
傷害,N2
僧,N2
光栄,N2
公言,N2
凄まじい,N2
凸,N2
判,N2
前髪,N2
創価学会,N2
勝率,N2
半径,N2
半日,N2
可視,N2
号車,N2
司祭,N2
向井,N2
周知,N2
回ら,N2
国営,N2
国政,N2
土木,N2
多重,N2
大家,N2
天ぷら,N2
姓,N2
封,N2
小田原,N2
小西,N2
嶺,N2
巴,N2
常用,N2
干,N2
平行,N2
急性,N2
恐ろしく,N2
感触,N2
成り,N2
扇風機,N2
手がけ,N2
投,N2
抹殺,N2
持ち込む,N2
振り回さ,N2
振込,N2
捉える,N2
掛,N2
摩擦,N2
断片,N2
新生,N2
日誌,N2
日野,N2
昆布,N2
最下位,N2
最前線,N2
木製,N2
本命,N2
林檎,N2
歪ん,N2
段々,N2
水晶,N2
河川,N2
沿線,N2
洗剤,N2
流用,N2
浮かば,N2
深海,N2
満々,N2
満月,N2
点灯,N2
無縁,N2
焼き鳥,N2
片道,N2
物凄く,N2
瑞,N2
申し立て,N2
発砲,N2
白鳥,N2
盗聴,N2
着信,N2
祥,N2
称賛,N2
移り,N2
移設,N2
粘着,N2
精神病,N2
素晴らしかっ,N2
細工,N2
組ま,N2
結城,N2
絡ま,N2
給油,N2
繋ぐ,N2
考案,N2
舫,N2
葛藤,N2
表れ,N2
覆い,N2
言論,N2
誓っ,N2
語学,N2
諏訪,N2
豆乳,N2
輩,N2
農薬,N2
辺野古,N2
近郊,N2
近鉄,N2
追い出し,N2
送れる,N2
進捗,N2
遣い,N2
那,N2
醸造,N2
防護,N2
隣人,N2
音質,N2
駆け,N2
鶏肉,N2
another,N2
cb,N2
cf,N2
cl,N2
data,N2
death,N2
digital,N2
dv,N2
fire,N2
ga,N2
hard,N2
kb,N2
something,N2
sweet,N2
word,N2
いつのまにか,N2
いのち,N2
いやぁ,N2
いやらしい,N2
いわば,N2
えーと,N2
おかし,N2
おこし,N2
お答え,N2
かおり,N2
かか,N2
きつく,N2
きらい,N2
ご存じ,N2
ざっくり,N2
すね,N2
すみれ,N2
ずるい,N2
そうして,N2
たより,N2
ちゃえ,N2
つう,N2
つくし,N2
つも,N2
づつ,N2
どら,N2
なで,N2
ひも,N2
ふむ,N2
まかせ,N2
ゆっ,N2
アイカツ,N2
アトラクション,N2
アラーム,N2
アンディ,N2
オーロラ,N2
カタカナ,N2
カップリング,N2
カワ,N2
カーン,N2
キタ,N2
キロメートル,N2
コーラス,N2
ゴマ,N2
サボっ,N2
サンダル,N2
サーキット,N2
シオン,N2
シベリア,N2
スタミナ,N2
スリム,N2
セーター,N2
ソシャゲ,N2
ソーダ,N2
チャラ,N2
ナッツ,N2
バイバイ,N2
バナー,N2
バンダイ,N2
ピュア,N2
フレッシュ,N2
ブレスレット,N2
プチ,N2
プリンタ,N2
ベンチャー,N2
ポリス,N2
ポン,N2
マインド,N2
マズ,N2
メルカリ,N2
メーター,N2
メールアドレス,N2
ラオ,N2
リフト,N2
リーチ,N2
不動,N2
不定期,N2
並べる,N2
中堅,N2
亡くなり,N2
交わし,N2
人魚,N2
仕える,N2
体格,N2
作文,N2
作物,N2
傷つける,N2
優勢,N2
切ない,N2
則,N2
創立,N2
勃発,N2
化け,N2
北上,N2
半減,N2
南側,N2
南海,N2
厳重,N2
取り返し,N2
同棲,N2
名言,N2
噛む,N2
回帰,N2
土方,N2
大きめ,N2
大久保,N2
大工,N2
大日本帝国,N2
始,N2
守ろ,N2
官邸,N2
実名,N2
容認,N2
寄,N2
富士通,N2
対人,N2
帯び,N2
幽,N2
心境,N2
心得,N2
心情,N2
恵み,N2
悲報,N2
情緒,N2
憎悪,N2
打線,N2
承,N2
挑ん,N2
振,N2
探さ,N2
接点,N2
掲示,N2
支払,N2
敬,N2
明後日,N2
有意義,N2
服用,N2
本間,N2
栄誉,N2
標識,N2
樹木,N2
機内,N2
歌謡,N2
正に,N2
民家,N2
気まぐれ,N2
気絶,N2
気象庁,N2
江戸川,N2
決心,N2
沸騰,N2
治癒,N2
浪,N2
滅び,N2
物価,N2
玉川,N2
王座,N2
瑞穂,N2
生田,N2
留まっ,N2
留守,N2
異様,N2
監獄,N2
真っ,N2
真っ暗,N2
眠れる,N2
瞬,N2
破裂,N2
磁気,N2
管制,N2
篠田,N2
粋,N2
細部,N2
縄文,N2
肥料,N2
肥満,N2
背面,N2
脱ぐ,N2
腫れ,N2
苦し,N2
落札,N2
行える,N2
襲い,N2
親しく,N2
設ける,N2
話し合っ,N2
誘発,N2
護,N2
造ら,N2
連覇,N2
道場,N2
遠距離,N2
配属,N2
銭湯,N2
錯覚,N2
長編,N2
降板,N2
離陸,N2
風潮,N2
食い物,N2
首輪,N2
ct,N2
dance,N2
ef,N2
er,N2
hg,N2
ipod,N2
orz,N2
sg,N2
side,N2
than,N2
tsutaya,N2
very,N2
あめ,N2
いれる,N2
おしり,N2
お過ごし,N2
かご,N2
かす,N2
さとみ,N2
しば,N2
たびたび,N2
だいじょうぶ,N2
つくば,N2
つばさ,N2
なんば,N2
ひさし,N2
ひっそり,N2
ひとまず,N2
ぶどう,N2
へえ,N2
もうこ,N2
もやし,N2
わな,N2
アニ,N2
アポロ,N2
アルファベット,N2
アンコール,N2
イチロー,N2
ウィンドウ,N2
エンブレム,N2
オフィシャル,N2
オラ,N2
オンリー,N2
カッター,N2
カルシウム,N2
ゲロ,N2
コリン,N2
ショートカット,N2
ダイジェスト,N2
チョー,N2
チンピラ,N2
ツル,N2
テレ朝,N2
ドク,N2
ナトリウム,N2
ナポレオン,N2
ナレーション,N2
ニュアンス,N2
ネーミング,N2
ノベル,N2
ハマる,N2
ハンガリー,N2
パラリンピック,N2
ヒュー,N2
フェニックス,N2
ブーメラン,N2
ホビー,N2
ポンコツ,N2
ミネラル,N2
ムラムラ,N2
リンカーン,N2
一昨日,N2
三宅,N2
中期,N2
串,N2
丸見え,N2
人柄,N2
代用,N2
使い道,N2
使徒,N2
修了,N2
値引き,N2
傘下,N2
優雅,N2
全文,N2
公募,N2
出そ,N2
分担,N2
刺す,N2
削り,N2
剣道,N2
割る,N2
励まし,N2
効き,N2
協調,N2
収まる,N2
取り上げる,N2
同調,N2
囲碁,N2
国交,N2
国債,N2
壱,N2
大げさ,N2
大豆,N2
天草,N2
太り,N2
奏者,N2
完走,N2
寸,N2
封じ,N2
小便,N2
尼,N2
尽きる,N2
巧,N2
差し上げ,N2
市街地,N2
引き出す,N2
後押し,N2
心中,N2
思い込み,N2
抗生,N2
持ち物,N2
捕食,N2
撃墜,N2
文部,N2
新車,N2
旋回,N2
日の出,N2
日高,N2
春樹,N2
昼飯,N2
望ましい,N2
枠組み,N2
栓,N2
格納,N2
歩み,N2
毛皮,N2
気持,N2
気遣い,N2
沈む,N2
波動,N2
消火,N2
混ざっ,N2
渋,N2
滑り,N2
漏洩,N2
火傷,N2
猛暑,N2
率直,N2
甘味,N2
生前,N2
生姜,N2
由紀,N2
発着,N2
発端,N2
発進,N2
百科,N2
盆,N2
真っ黒,N2
着地,N2
神楽,N2
種目,N2
空白,N2
競走,N2
終身,N2
緩やか,N2
缶詰,N2
美穂,N2
羽目,N2
老け,N2
自粛,N2
花束,N2
薬剤,N2
蘇生,N2
見上げ,N2
見直す,N2
譚,N2
谷間,N2
貸す,N2
賢明,N2
超越,N2
足跡,N2
転がっ,N2
転倒,N2
迫害,N2
進入,N2
酔っ払っ,N2
鈴鹿,N2
降ら,N2
離せ,N2
霧島,N2
音波,N2
頑固,N2
頼ら,N2
顔出し,N2
鮭,N2
鮮明,N2
bbq,N2
feel,N2
group,N2
gs,N2
jal,N2
real,N2
she,N2
stay,N2
ta,N2
td,N2
touch,N2
tr,N2
█,N2
いたっ,N2
うさ,N2
うまかっ,N2
ぐる,N2
ぐるぐる,N2
すすめ,N2
それなのに,N2
たこ焼き,N2
だまし,N2
つまんない,N2
ならびに,N2
はじまっ,N2
はじまる,N2
ふじ,N2
ぼんやり,N2
まて,N2
みき,N2
みなし,N2
よろしけれ,N2
アサ,N2
アジ,N2
アスリート,N2
アース,N2
インスタント,N2
ウケる,N2
ガレージ,N2
クック,N2
クラウン,N2
ゲーセン,N2
コケ,N2
コネ,N2
ジェル,N2
ジョセフ,N2
タックル,N2
ダ,N2
ナタリー,N2
ナンバーワン,N2
ニヤニヤ,N2
ハイテク,N2
ハワード,N2
ハンス,N2
フィット,N2
フィニッシュ,N2
フェンス,N2
ブー,N2
プリパラ,N2
マーチ,N2
ミカ,N2
ミソ,N2
メチャクチャ,N2
メンヘラ,N2
モニカ,N2
ラフ,N2
リマ,N2
ルーツ,N2
ロッド,N2
ローラー,N2
ワープ,N2
一掃,N2
一途,N2
万博,N2
丈夫,N2
上がれ,N2
上京,N2
上演,N2
中居,N2
久美子,N2
乗っ取ら,N2
伊豆,N2
伸,N2
似合わ,N2
低温,N2
何一つ,N2
係る,N2
係数,N2
俊,N2
信条,N2
僧侶,N2
免れ,N2
党員,N2
冊子,N2
刺青,N2
劉,N2
包装,N2
受け継い,N2
古墳,N2
叶う,N2
含み,N2
吸引,N2
器用,N2
国宝,N2
塩分,N2
変数,N2
大概,N2
孔,N2
寄生虫,N2
対照,N2
小声,N2
就い,N2
帰,N2
帰り道,N2
平面,N2
年々,N2
年月,N2
引,N2
強大,N2
当てはまる,N2
後々,N2
念願,N2
急上昇,N2
怪談,N2
悩ま,N2
打席,N2
拾う,N2
捧げる,N2
文脈,N2
新入,N2
施策,N2
昨晩,N2
時事,N2
暗示,N2
曲線,N2
書き換え,N2
東山,N2
格闘技,N2
案の定,N2
極み,N2
極力,N2
欠ける,N2
死ねる,N2
沈め,N2
沼津,N2
法務,N2
準決勝,N2
漫才,N2
潔,N2
犯す,N2
狭,N2
現職,N2
画期的,N2
番長,N2
目安,N2
直近,N2
相方,N2
真央,N2
碧,N2
祝っ,N2
称号,N2
税率,N2
突い,N2
立ち上がっ,N2
締め切り,N2
胴,N2
脊髄,N2
脱獄,N2
自在,N2
自販機,N2
苦しめ,N2
萩,N2
落ち着け,N2
蒸し,N2
被爆,N2
装っ,N2
解る,N2
試さ,N2
資質,N2
賛否,N2
跳ね,N2
踊ら,N2
軍曹,N2
返品,N2
遊ぼ,N2
過ごせる,N2
酔っ払い,N2
重なる,N2
重宝,N2
釣れ,N2
長所,N2
隕石,N2
難しかっ,N2
電磁,N2
面談,N2
預かり,N2
高圧,N2
齋藤,N2
boys,N2
center,N2
die,N2
earth,N2
em,N2
ice,N2
li,N2
neo,N2
point,N2
school,N2
sw,N2
tl,N2
today,N2
use,N2
welcome,N2
いわき,N2
おもしろかっ,N2
おんな,N2
おーい,N2
かめ,N2
がんばる,N2
こんにちわ,N2
ご苦労,N2
さわやか,N2
すじ,N2
たのしい,N2
つゆ,N2
ときめき,N2
ともだち,N2
につれ,N2
のぞみ,N2
はり,N2
もて,N2
アーチャー,N2
アール,N2
ウィルソン,N2
ウリ,N2
エコー,N2
エラ,N2
オバマ,N2
オメガ,N2
オールド,N2
コロッケ,N2
ゴードン,N2
サントリー,N2
シチュー,N2
シリアス,N2
ジョナサン,N2
スクロール,N2
スタ,N2
スパイス,N2
ソフィア,N2
タスク,N2
チェコ,N2
チート,N2
トリオ,N2
トール,N2
ニット,N2
ハック,N2
バイブ,N2
ヒモ,N2
ビーフ,N2
ピストン,N2
プロダクション,N2
プロフェッショナル,N2
ポット,N2
ポリシー,N2
マニアック,N2
ミリオン,N2
モニタ,N2
一同,N2
下北沢,N2
中でも,N2
丸ごと,N2
乗務,N2
仙,N2
任,N2
伝承,N2
佐川,N2
使者,N2
例年,N2
促し,N2
停滞,N2
儲かる,N2
光線,N2
免,N2
入賞,N2
凝っ,N2
到底,N2
剥奪,N2
勤,N2
包み,N2
包括,N2
化合,N2
医院,N2
南京,N2
単価,N2
単身,N2
占拠,N2
原油,N2
名声,N2
君主,N2
吹雪,N2
固く,N2
国々,N2
圏内,N2
坂田,N2
大津,N2
学ば,N2
専,N2
従え,N2
思惑,N2
悪用,N2
打者,N2
抱っこ,N2
掛かり,N2
探知,N2
換金,N2
政界,N2
救世主,N2
新居,N2
最寄り,N2
有難い,N2
本書,N2
村人,N2
東口,N2
栄え,N2
業種,N2
毅,N2
気取り,N2
泊まり,N2
注ぐ,N2
海老,N2
海苔,N2
滴,N2
無名,N2
照射,N2
熟練,N2
片付ける,N2
片山,N2
片隅,N2
特色,N2
狩,N2
王家,N2
生まれ変わっ,N2
申し込ん,N2
的中,N2
皇太子,N2
目覚める,N2
硬貨,N2
稼動,N2
立法,N2
築く,N2
素手,N2
置け,N2
署長,N2
聖なる,N2
聖職,N2
聞こ,N2
脱げ,N2
舞踏,N2
菅原,N2
血統,N2
街頭,N2
裏切っ,N2
覆う,N2
解い,N2
言い分,N2
読も,N2
譲り,N2
責める,N2
買い取り,N2
踏む,N2
軌跡,N2
追いかける,N2
追いつい,N2
逃避,N2
遠慮なく,N2
部外,N2
郷土,N2
配偶,N2
酒井,N2
重度,N2
際し,N2
電通,N2
順序,N2
養殖,N2
駆,N2
魅惑,N2
鳩山,N2
鳴,N2
chrome,N2
cool,N2
great,N2
head,N2
her,N2
jd,N2
js,N2
md,N2
mk,N2
osaka,N2
radio,N2
sports,N2
vi,N2
would,N2
wwwwww,N2
いたい,N2
えい,N2
おっしゃっ,N2
がく,N2
ぎりぎり,N2
さておき,N2
しゃべる,N2
なさっ,N2
ふしぎ,N2
まう,N2
みか,N2
めんどい,N2
アンドリュー,N2
イヌ,N2
カフェイン,N2
カブ,N2
キリッ,N2
クライマックス,N2
クレーン,N2
グリッド,N2
コイ,N2
コブ,N2
サイエンス,N2
サクッ,N2
サーフィン,N2
シティー,N2
スゲー,N2
スタイリスト,N2
ストリーム,N2
スリップ,N2
チェロ,N2
チベット,N2
ツキ,N2
ティーン,N2
デラックス,N2
トップクラス,N2
トランク,N2
ノルマ,N2
ハリ,N2
バットマン,N2
パンパン,N2
ピカチュウ,N2
ブックス,N2
プリンター,N2
ベータ,N2
メソッド,N2
ルナ,N2
レジャー,N2
レター,N2
ワイドショー,N2
一律,N2
上杉,N2
下さる,N2
中略,N2
乱用,N2
乱闘,N2
事柄,N2
個展,N2
倍増,N2
兄妹,N2
内野,N2
刃物,N2
初戦,N2
効力,N2
南東,N2
収支,N2
収束,N2
取り除く,N2
受験生,N2
同感,N2
呪,N2
味覚,N2
喰い,N2
四天王,N2
地中,N2
埋もれ,N2
変装,N2
外資,N2
大差,N2
大砲,N2
大門,N2
嫌がる,N2
子守,N2
宇野,N2
実話,N2
家政,N2
対等,N2
尋常,N2
局面,N2
市議会,N2
弥生,N2
張る,N2
強風,N2
当方,N2
待望,N2
後援,N2
恐い,N2
惨事,N2
懸賞,N2
成り立つ,N2
手下,N2
手掛け,N2
押せ,N2
指向,N2
換え,N2
撤廃,N2
支局,N2
新田,N2
時代遅れ,N2
暫定,N2
本件,N2
朴,N2
杭,N2
東京大学,N2
校舎,N2
極上,N2
欠片,N2
民放,N2
気質,N2
泣ける,N2
洋楽,N2
浜崎,N2
滅茶苦茶,N2
滑走,N2
牡蠣,N2
特大,N2
牽引,N2
王冠,N2
王朝,N2
生意気,N2
田口,N2
甲府,N2
番外,N2
癒,N2
真希,N2
石炭,N2
社名,N2
童話,N2
竹中,N2
答,N2
精力,N2
絶,N2
総集編,N2
繋がら,N2
美波,N2
肖像,N2
膨張,N2
藝,N2
蛍,N2
行なう,N2
見当,N2
見習い,N2
話し方,N2
豊島,N2
負い,N2
路地,N2
近づき,N2
退去,N2
過半数,N2
長文,N2
開会,N2
閣議,N2
静止,N2
題し,N2
食らっ,N2
飯田,N2
ana,N2
bmw,N2
dark,N2
edge,N2
rs,N2
si,N2
ske,N2
try,N2
γ,N2
あく,N2
あげれ,N2
あーあ,N2
いじり,N2
いろは,N2
ううん,N2
かすみ,N2
かや,N2
こぼし,N2
ざい,N2
しっぽ,N2
すし,N2
だせ,N2
ちがい,N2
つかめ,N2
つよい,N2
てら,N2
どく,N2
なおさら,N2
ふい,N2
ほほ,N2
ほめ,N2
やさしく,N2
ゆか,N2
わさび,N2
アイヌ,N2
アサヒ,N2
アブ,N2
イノベーション,N2
エロス,N2
オイ,N2
カウンセリング,N2
キズ,N2
キース,N2
ギミック,N2
クリストファー,N2
クリーニング,N2
コマーシャル,N2
サイヤ,N2
シグナル,N2
シャフト,N2
ジャガイモ,N2
スカーレット,N2
ステンレス,N2
スパ,N2
タイムリー,N2
チャリ,N2
ツンデレ,N2
テク,N2
トカゲ,N2
ニンニク,N2
ノック,N2
ハガキ,N2
ハムスター,N2
パイパン,N2
パット,N2
パロディ,N2
パンティ,N2
ヘビー,N2
ペナルティ,N2
マクロス,N2
マズイ,N2
マメ,N2
ミュージアム,N2
ミート,N2
メロディー,N2
モノクロ,N2
ラク,N2
リーフ,N2
一式,N2
三木,N2
上る,N2
下車,N2
中核,N2
予め,N2
予知,N2
二酸化炭素,N2
亜美,N2
交響,N2
人参,N2
仕込み,N2
佐倉,N2
例える,N2
依,N2
価,N2
俳句,N2
健在,N2
傷つく,N2
凍ら,N2
出題,N2
分別,N2
判る,N2
加担,N2
勝た,N2
北村,N2
北条,N2
厳し,N2
受け継が,N2
台頭,N2
同点,N2
味わう,N2
呼ばわり,N2
喋ら,N2
固,N2
土台,N2
培養,N2
塀,N2
増設,N2
売ろ,N2
変人,N2
変革,N2
夏場,N2
大喜,N2
大樹,N2
女房,N2
密接,N2
寝かせ,N2
小笠原,N2
少量,N2
属,N2
履く,N2
左派,N2
市街,N2
布教,N2
常務,N2
径,N2
心霊,N2
思いつき,N2
怯え,N2
恐怖症,N2
愛しい,N2
愛称,N2
慈善,N2
慧,N2
戸籍,N2
手先,N2
指先,N2
指針,N2
接着,N2
携わる,N2
撃退,N2
支配人,N2
敦,N2
文芸,N2
日報,N2
暗記,N2
曹操,N2
有線,N2
期日,N2
木下,N2
未亡人,N2
本州,N2
本棚,N2
格好いい,N2
檻,N2
正しかっ,N2
歯磨き,N2
没,N2
浪人,N2
浪費,N2
浸水,N2
混入,N2
混沌,N2
渓谷,N2
溶接,N2
激戦,N2
火葬,N2
熊谷,N2
熱意,N2
父さん,N2
生殖,N2
番台,N2
白井,N2
目隠し,N2
磯,N2
社団,N2
神殿,N2
稲,N2
立ち寄っ,N2
竹島,N2
筆者,N2
篤,N2
粘土,N2
素晴らしく,N2
終結,N2
絵描き,N2
繋ぎ,N2
翠,N2
胃腸,N2
自白,N2
興,N2
色合い,N2
芝生,N2
苗,N2
草原,N2
要約,N2
見返り,N2
跡地,N2
農園,N2
造,N2
違え,N2
邪,N2
郡山,N2
配当,N2
配管,N2
里親,N2
長岡,N2
静脈,N2
鞭,N2
預言,N2
風間,N2
any,N2
color,N2
dqn,N2
fax,N2
file,N2
fuck,N2
international,N2
jra,N2
ko,N2
model,N2
np,N2
piece,N2
pl,N2
voice,N2
〆,N2
〒,N2
うるさく,N2
お化け,N2
きら,N2
きらら,N2
くず,N2
こんなにも,N2
しかけ,N2
ちょっぴり,N2
ちよ,N2
ついていけ,N2
づ,N2
づき,N2
づらく,N2
てっ,N2
でかく,N2
とらえ,N2
なう,N2
はーい,N2
ひか,N2
びく,N2
ほた,N2
ほのぼの,N2
ほり,N2
まみ,N2
みっ,N2
もれ,N2
よら,N2
るい,N2
アドベンチャー,N2
アヒル,N2
エディション,N2
エプロン,N2
カウンセラー,N2
カンボジア,N2
ガチガチ,N2
クローゼット,N2
コミュニティー,N2
コーディネート,N2
サイコロ,N2
サマ,N2
サーモン,N2
ショタ,N2
シンガー,N2
シード,N2
ジ,N2
ジェシカ,N2
スクショ,N2
ストレージ,N2
スポ,N2
スーツケース,N2
ソファー,N2
ティム,N2
テイ,N2
ナイン,N2
ナニ,N2
ネパール,N2
ハドソン,N2
バスケットボール,N2
バドミントン,N2
パトカー,N2
ファイア,N2
ファーム,N2
プッシュ,N2
ポテンシャル,N2
マント,N2
メリー,N2
モヤモヤ,N2
ヤンキース,N2
ユウ,N2
ラウンジ,N2
ラスベガス,N2
ラテン語,N2
リバウンド,N2
七つ,N2
不器用,N2
両面,N2
中隊,N2
予備校,N2
二日酔い,N2
云う,N2
付着,N2
伏見,N2
会計士,N2
低め,N2
何ら,N2
供,N2
倉敷,N2
先着,N2
全盛期,N2
八幡,N2
内外,N2
凶,N2
出よ,N2
判例,N2
刻ま,N2
前科,N2
務,N2
千里,N2
南極,N2
単一,N2
単勝,N2
取り出す,N2
取り扱う,N2
取り込ん,N2
口実,N2
咥,N2
喋れ,N2
因子,N2
因果,N2
園芸,N2
地道,N2
執拗,N2
壮絶,N2
変われ,N2
奨励,N2
女体,N2
好ん,N2
定額,N2
客席,N2
宣誓,N2
寛容,N2
対価,N2
小麦,N2
小麦粉,N2
尽力,N2
屍,N2
工具,N2
巧妙,N2
布告,N2
幼なじみ,N2
府中,N2
引き継ぐ,N2
強み,N2
弾道,N2
思い通り,N2
成り立っ,N2
戦える,N2
扇,N2
投じ,N2
投影,N2
抜,N2
抜け出し,N2
担い,N2
据え,N2
掌,N2
故人,N2
断り,N2
方位,N2
日本経済新聞,N2
早稲田,N2
旭川,N2
明言,N2
書き下ろし,N2
有吉,N2
朝鮮半島,N2
本丸,N2
東京電力,N2
東海道,N2
東電,N2
松戸,N2
染色,N2
残虐,N2
母ちゃん,N2
永井,N2
汚し,N2
済まない,N2
準拠,N2
火薬,N2
無くなり,N2
生き延び,N2
甲状腺,N2
留,N2
痕,N2
登板,N2
真珠,N2
碑,N2
礼拝,N2
空襲,N2
突っ込み,N2
競泳,N2
粉末,N2
粉砕,N2
終焉,N2
絶大,N2
総括,N2
練馬,N2
翌朝,N2
翔太,N2
聴け,N2
腰痛,N2
自慰,N2
自業自得,N2
至,N2
舎,N2
若しくは,N2
華やか,N2
虜,N2
衆,N2
襟,N2
襲来,N2
見受け,N2
見落とし,N2
詰め込ん,N2
赴任,N2
身元,N2
部類,N2
配,N2
重点,N2
野望,N2
釣っ,N2
鉢,N2
閉じる,N2
開場,N2
防弾,N2
陽子,N2
青少年,N2
領収,N2
飛び降り,N2
馬券,N2
高画質,N2
ban,N2
class,N2
design,N2
festival,N2
galaxy,N2
moon,N2
npc,N2
ns,N2
phone,N2
place,N2
pta,N2
rc,N2
snow,N2
staff,N2
start,N2
war,N2
xperia,N2
♪♪,N2
いいっ,N2
いるか,N2
おもろい,N2
お似合い,N2
お宝,N2
かに,N2
かまっ,N2
かる,N2
くださ,N2
くみ,N2
けが,N2
ごまかし,N2
さも,N2
しゅう,N2
たかが,N2
たこ,N2
ちっちゃい,N2
つや,N2
てめえ,N2
ねずみ,N2
はて,N2
ひき,N2
ふえ,N2
めちゃめちゃ,N2
ゃん,N2
やく,N2
わき,N2
アウトドア,N2
アキバ,N2
アッパー,N2
アーロン,N2
イスラム教,N2
イーグル,N2
エスカレーター,N2
エリー,N2
オールスター,N2
ゲン,N2
サザエさん,N2
サリー,N2
シマ,N2
シャイ,N2
シューティング,N2
シーク,N2
ジャッキー,N2
スクランブル,N2
スーダン,N2
セラピスト,N2
セレクト,N2
ダイレクト,N2
チャーハン,N2
ディーゼル,N2
ハリス,N2
バスケット,N2
バラエティー,N2
バージニア,N2
パーマ,N2
ビクター,N2
フリーズ,N2
プロテイン,N2
ボビー,N2
ボンド,N2
マスメディア,N2
ミシェル,N2
ユニバーサル,N2
ライブハウス,N2
ラッセル,N2
レフ,N2
ロマンチック,N2
一帯,N2
不完全,N2
中原,N2
乱入,N2
京王,N2
今治,N1
仕草,N1
代々木,N1
代打,N1
伝わり,N1
伝染,N1
保た,N1
保ち,N1
働ける,N1
入ろう,N1
内戦,N1
円形,N1
出費,N1
利か,N1
動かさ,N1
勘定,N1
北山,N1
匹敵,N1
取り込み,N1
取締,N1
告訴,N1
呼べる,N1
四つ,N1
回せ,N1
土俵,N1
坂口,N1
垂直,N1
大森,N1
天狗,N1
天王寺,N1
失恋,N1
好き嫌い,N1
学べる,N1
安置,N1
完備,N1
対比,N1
射程,N1
小町,N1
尾崎,N1
川内,N1
常駐,N1
平井,N1
待,N1
恐縮,N1
悪徳,N1
抑圧,N1
抗争,N1
招集,N1
持ち合わせ,N1
挙動,N1
排泄,N1
控える,N1
掴む,N1
損ね,N1
敬語,N1
敷居,N1
斬,N1
断面,N1
新党,N1
新潮,N1
方程式,N1
昼休み,N1
暇つぶし,N1
更生,N1
有田,N1
杜,N1
東武,N1
棋士,N1
模範,N1
池上,N1
浅田,N1
漁,N1
熟成,N1
物凄い,N1
玉子,N1
王位,N1
現物,N1
瓦,N1
生駒,N1
略称,N1
相姦,N1
磁石,N1
祭典,N1
私服,N1
私物,N1
空爆,N1
窮地,N1
竹田,N1
簡潔,N1
紛失,N1
紫外線,N1
絞め,N1
練,N1
義母,N1
耐震,N1
致死,N1
莉,N1
藻,N1
被り,N1
裏面,N1
西海岸,N1
見舞わ,N1
謝ら,N1
貯蓄,N1
贈っ,N1
農,N1
迷彩,N1
道のり,N1
遭難,N1
遺物,N1
郁,N1
長門,N1
降水,N1
離島,N1
電灯,N1
音色,N1
食卓,N1
食生活,N1
飾ら,N1
養育,N1
骨盤,N1
鴨,N1
黒木,N1
date,N1
ea,N1
every,N1
gdp,N1
intel,N1
mixi,N1
need,N1
run,N1
ssd,N1
text,N1
then,N1
un,N1
ya,N1
year,N1
ζ,N1
あずさ,N1
ぇな,N1
お仕置き,N1
けし,N1
さっ,N1
たどり着い,N1
だまさ,N1
ちゃり,N1
つまん,N1
てつ,N1
どし,N1
ひょっと,N1
ひる,N1
ふら,N1
ぶち込ん,N1
まけ,N1
まめ,N1
よこせ,N1
りこ,N1
ウェディング,N1
ウンコ,N1
エッグ,N1
エナジー,N1
エメラルド,N1
オリコン,N1
オンエア,N1
オーブン,N1
カーペット,N1
クスリ,N1
シックス,N1
ジェームス,N1
ジジイ,N1
ジュリエット,N1
スリル,N1
ソーラー,N1
タイマー,N1
チュートリアル,N1
テッド,N1
ハサミ,N1
ハードディスク,N1
ビビる,N1
ファミレス,N1
フィルタ,N1
フリーター,N1
フロンティア,N1
ブースター,N1
リナ,N1
レイヤー,N1
レポ,N1
ヲタ,N1
ヴァンパイア,N1
下町,N1
不公平,N1
不可避,N1
乏しい,N1
乖離,N1
亡くなる,N1
今時,N1
仕込ん,N1
低音,N1
体勢,N1
元年,N1
先駆け,N1
八木,N1
刀剣,N1
利害,N1
化け物,N1
単品,N1
占い師,N1
厚く,N1
参,N1
参画,N1
叔母,N1
右腕,N1
叶,N1
合致,N1
吊り,N1
含める,N1
唱える,N1
噴射,N1
外れる,N1
多忙,N1
大して,N1
大和田,N1
委ね,N1
宿命,N1
察,N1
尊厳,N1
就寝,N1
市議,N1
引き取っ,N1
引き継ぎ,N1
後回し,N1
心がけ,N1
恐ろし,N1
惨め,N1
感知,N1
懇願,N1
戸塚,N1
掌握,N1
探求,N1
掴み,N1
損する,N1
撃,N1
放電,N1
敷,N1
新垣,N1
日帰り,N1
昼夜,N1
時差,N1
暮れ,N1
最良,N1
本心,N1
歓声,N1
止,N1
沈没,N1
津田,N1
渉,N1
測っ,N1
潜伏,N1
無所属,N1
無謀,N1
猪,N1
玲奈,N1
生贄,N1
発する,N1
発光,N1
発熱,N1
白髪,N1
百合子,N1
相馬,N1
真摯,N1
知らせる,N1
短歌,N1
破片,N1
磨く,N1
積む,N1
立ち向かう,N1
竿,N1
笑み,N1
算出,N1
細川,N1
組み込ま,N1
絵文字,N1
絶好,N1
職種,N1
腹部,N1
自重,N1
至高,N1
舵,N1
茎,N1
見慣れ,N1
見送り,N1
親し,N1
親衛隊,N1
託し,N1
詩織,N1
調停,N1
豊橋,N1
豪快,N1
財源,N1
踏ま,N1
軍艦,N1
農地,N1
選別,N1
遼,N1
重み,N1
重傷,N1
金貨,N1
降,N1
雀,N1
雫,N1
電球,N1
非常識,N1
頭皮,N1
食用,N1
魔界,N1
鯉,N1
before,N1
call,N1
dog,N1
episode,N1
fun,N1
help,N1
hero,N1
image,N1
magic,N1
must,N1
qr,N1
softbank,N1
well,N1
ε,N1
あし,N1
あすか,N1
あったかい,N1
おおお,N1
おやじ,N1
お手数,N1
かの,N1
きめ,N1
こたつ,N1
さかな,N1
すく,N1
そり,N1
たのし,N1
なべ,N1
ねじ,N1
ひどかっ,N1
むかし,N1
やみ,N1
よぅ,N1
られん,N1
アア,N1
アルバート,N1
イチャイチャ,N1
ウィキペディア,N1
エアロ,N1
エロゲー,N1
オシ,N1
オリ,N1
カキ,N1
クリーナー,N1
グーグル,N1
ケージ,N1
コースター,N1
サンクス,N1
ザック,N1
シュガー,N1
シュー,N1
ジェーン,N1
ジョージア,N1
ジーンズ,N1
スパム,N1
スパルタ,N1
スペル,N1
セレクション,N1
タイル,N1
チャンピオンシップ,N1
ツラ,N1
デス,N1
デュオ,N1
ドバイ,N1
ナルト,N1
ニール,N1
ハミルトン,N1
パトロール,N1
パンドラ,N1
フライデー,N1
ホワイトハウス,N1
マッハ,N1
マツコ,N1
ランジェリー,N1
リニア,N1
ルーマニア,N1
ワークス,N1
一人物,N1
予告編,N1
人件,N1
修道,N1
偉人,N1
健一,N1
備,N1
働きかけ,N1
元号,N1
元帥,N1
共用,N1
内訳,N1
冬季,N1
凶暴,N1
出願,N1
切り替える,N1
刻ん,N1
前世,N1
勉,N1
動詞,N1
半袖,N1
即時,N1
即興,N1
名門,N1
向き合っ,N1
向く,N1
吠え,N1
和食,N1
囚,N1
坂道,N1
堀川,N1
塚,N1
外伝,N1
夜景,N1
大原,N1
太る,N1
太刀,N1
始発,N1
孵化,N1
官能,N1
宛て,N1
実戦,N1
害虫,N1
寸法,N1
尾根,N1
山岳,N1
崇,N1
差し替え,N1
帰属,N1
幾,N1
度胸,N1
強固,N1
強気,N1
彼等,N1
思,N1
性行為,N1
怪盗,N1
悪者,N1
愛着,N1
慣習,N1
憑依,N1
所要,N1
授け,N1
提訴,N1
敷い,N1
日銀,N1
曲名,N1
服従,N1
染み,N1
桑原,N1
構っ,N1
樋口,N1
歌え,N1
正論,N1
歯ブラシ,N1
残高,N1
殿下,N1
水木,N1
水没,N1
氾濫,N1
汝,N1
泣け,N1
洞,N1
浅,N1
炎症,N1
無き,N1
煽っ,N1
熱帯,N1
生み,N1
目前,N1
直さ,N1
着実,N1
砲撃,N1
稲垣,N1
笑わせ,N1
素朴,N1
総数,N1
緑茶,N1
繁,N1
老化,N1
胎児,N1
脱が,N1
至り,N1
航路,N1
裏付け,N1
製作所,N1
西尾,N1
話しかける,N1
誇っ,N1
誠意,N1
買い替え,N1
賄賂,N1
質疑,N1
足利,N1
車庫,N1
迂回,N1
返却,N1
透,N1
通り過ぎ,N1
通告,N1
遭う,N1
酒造,N1
銃弾,N1
障壁,N1
電線,N1
電脳,N1
頂,N1
顔色,N1
食える,N1
鳴り,N1
黒澤,N1
chan,N1
comment,N1
ghz,N1
going,N1
list,N1
north,N1
pink,N1
series,N1
suica,N1
toeic,N1
used,N1
あっという間,N1
いち早く,N1
おこなっ,N1
かかわる,N1
かわいかっ,N1
きが,N1
くわえ,N1
ごま,N1
ささやか,N1
しあわせ,N1
しげる,N1
ずる,N1
そうね,N1
それと,N1
ぞい,N1
たき,N1
たまり,N1
てりゃ,N1
どき,N1
ふれあい,N1
ぶれ,N1
まわる,N1
ゐ,N1
アバター,N1
アミノ酸,N1
アムステルダム,N1
アンカー,N1
イベ,N1
インターン,N1
カイロ,N1
カービィ,N1
ガイドブック,N1
ギャラ,N1
クロム,N1
コツコツ,N1
コロニー,N1
コンソール,N1
コントローラ,N1
サイレント,N1
サリ,N1
シネマ,N1
シルク,N1
ジャンボ,N1
ジョギング,N1
スイング,N1
スギ,N1
ソニック,N1
ダイビング,N1
テキ,N1
ディーン,N1
ドジ,N1
ハエ,N1
ハンカチ,N1
パルス,N1
フレーバー,N1
ブツ,N1
ブラックホール,N1
ブランチ,N1
ブリーフ,N1
ボウ,N1
ポルシェ,N1
マイアミ,N1
マシーン,N1
マーシャル,N1
ミャンマー,N1
メルマガ,N1
モロ,N1
ヨット,N1
リアリティ,N1
リターン,N1
リベラル,N1
レシート,N1
レジェンド,N1
一刻,N1
下水,N1
下院,N1
不備,N1
交差,N1
仕掛ける,N1
代々,N1
似顔絵,N1
作中,N1
修羅,N1
冴え,N1
出来上がり,N1
出汁,N1
出迎え,N1
切除,N1
別物,N1
前例,N1
劣る,N1
北方,N1
千秋,N1
南国,N1
取り残さ,N1
受容,N1
受講,N1
叶わ,N1
唾,N1
型式,N1
大河,N1
大破,N1
威嚇,N1
学費,N1
宣戦,N1
富裕,N1
察知,N1
対し,N1
小柄,N1
岡村,N1
岬,N1
崩れる,N1
平穏,N1
年頃,N1
幸子,N1
度合い,N1
弱体,N1
役に立っ,N1
従兄弟,N1
徴兵,N1
思いつく,N1
恐れる,N1
悟り,N1
悪事,N1
意匠,N1
愛想,N1
成し,N1
折っ,N1
折れる,N1
拡充,N1
採点,N1
攻める,N1
敬遠,N1
明かす,N1
明る,N1
明日香,N1
有数,N1
本国,N1
東側,N1
松村,N1
染まっ,N1
柴,N1
止めろ,N1
水銀,N1
江東,N1
沖田,N1
法定,N1
泳ぐ,N1
洋画,N1
洗礼,N1
混ぜる,N1
減量,N1
澪,N1
焦り,N1
狂う,N1
王室,N1
王族,N1
現し,N1
生み出さ,N1
留まる,N1
留置,N1
畜生,N1
白紙,N1
目印,N1
眞,N1
矢印,N1
私生活,N1
積み上げ,N1
編み,N1
耕,N1
自我,N1
自演,N1
落とせ,N1
葉月,N1
蓄え,N1
要し,N1
覆っ,N1
見つめる,N1
覚める,N1
解り,N1
談話,N1
谷口,N1
豊中,N1
賀,N1
起因,N1
転移,N1
造っ,N1
選曲,N1
配給,N1
野心,N1
錯乱,N1
開通,N1
開閉,N1
防い,N1
防具,N1
飼う,N1
高野,N1
鯛,N1
鷲,N1
黙示録,N1
﨑,N1
because,N1
change,N1
company,N1
dear,N1
ibm,N1
mad,N1
mh,N1
mind,N1
premium,N1
still,N1
sv,N1
tokio,N1
ui,N1
vc,N1
๑,N1
あつ,N1
いじる,N1
おじいさん,N1
お披露目,N1
かぜ,N1
ぐっすり,N1
ごとき,N1
ずらし,N1
ただちに,N1
つん,N1
まくれる,N1
アラビア,N1
アルプス,N1
アンダーソン,N1
エイズ,N1
オオ,N1
キャッ,N1
キャー,N1
ギガ,N1
クラゲ,N1
クラッチ,N1
クリントン,N1
コスメ,N1
サイボーグ,N1
サウス,N1
サスペンス,N1
ジブリ,N1
スレッド,N1
タンス,N1
ダイナマイト,N1
ダニー,N1
ディン,N1
デトロイト,N1
デニス,N1
トキ,N1
トコ,N1
トッピング,N1
ハマり,N1
ハンガー,N1
バイオリン,N1
バタバタ,N1
バレーボール,N1
パラメータ,N1
ビンゴ,N1
ビーズ,N1
ピル,N1
ファミマ,N1
フォース,N1
プログラマー,N1
ヘルス,N1
ベール,N1
ボウル,N1
ボコボコ,N1
マンゴー,N1
マーガレット,N1
ユニオン,N1
ユーリ,N1
リンダ,N1
ワークショップ,N1
一人称,N1
下地,N1
中級,N1
人目,N1
休養,N1
会津,N1
低減,N1
何やら,N1
入所,N1
冷凍庫,N1
出回っ,N1
判っ,N1
利き,N1
削る,N1
勧める,N1
北野,N1
博し,N1
危うく,N1
厨房,N1
古川,N1
右肩,N1
叶える,N1
各所,N1
呼び名,N1
和平,N1
噴出,N1
團,N1
埃,N1
報知,N1
外装,N1
大昔,N1
婆ちゃん,N1
学位,N1
寅,N1
小田急,N1
就業,N1
屈指,N1
履き,N1
平常,N1
広域,N1
忘れ物,N1
応える,N1
忠告,N1
怪,N1
愛犬,N1
手放す,N1
技師,N1
投球,N1
掘る,N1
描ける,N1
放,N1
敗者,N1
教習所,N1
散っ,N1
散らし,N1
文字数,N1
明かさ,N1
末端,N1
束縛,N1
棺,N1
欠如,N1
死にかけ,N1
段ボール,N1
殺そ,N1
気合い,N1
汚職,N1
泊まる,N1
淡々,N1
湿,N1
源泉,N1
無実,N1
燃やす,N1
片づけ,N1
版権,N1
特例,N1
特産,N1
独り言,N1
琵琶湖,N1
目の当たり,N1
省庁,N1
知らさ,N1
確,N1
秋葉,N1
移送,N1
稲荷,N1
空っぽ,N1
突か,N1
立ち入り,N1
精通,N1
紋章,N1
統,N1
縁起,N1
置き場,N1
罵倒,N1
老い,N1
考,N1
肺炎,N1
蒸発,N1
虫歯,N1
蜂蜜,N1
行え,N1
裂け,N1
親密,N1
警護,N1
貫,N1
貯蔵,N1
贈ら,N1
車道,N1
追っかけ,N1
通れ,N1
遵守,N1
都度,N1
長らく,N1
隠れ家,N1
頑張ら,N1
風習,N1
飛べる,N1
餓死,N1
base,N1
been,N1
bluetooth,N1
break,N1
dis,N1
et,N1
five,N1
friends,N1
ge,N1
ips,N1
jump,N1
ken,N1
left,N1
lo,N1
ra,N1
space,N1
zepp,N1
あご,N1
あざ,N1
あぶない,N1
いつの間に,N1
いぬ,N1
おおよそ,N1
おとな,N1
お子様,N1
お方,N1
かこ,N1
かじ,N1
かぼちゃ,N1
きわめて,N1
さつき,N1
さび,N1
しゃべり,N1
ちょくちょく,N1
なぎ,N1
に関し,N1
のぶ,N1
ひみ,N1
びびっ,N1
ふろ,N1
ほお,N1
やりがい,N1
わく,N1
アイデンティティ,N1
アツ,N1
アロー,N1
インチキ,N1
ウォッカ,N1
エアー,N1
エミ,N1
オフライン,N1
オムツ,N1
カノ,N1
ガラケー,N1
ガリガリ,N1
クラスメイト,N1
クロエ,N1
グル,N1
ケ,N1
コイル,N1
コブラ,N1
サウナ,N1
サタン,N1
サンリオ,N1
シアトル,N1
シリコン,N1
シンクロ,N1
スパーク,N1
スラム,N1
セクター,N1
チック,N1
チャーム,N1
チラッ,N1
テクノ,N1
テレビ東京,N1
テロップ,N1
デーモン,N1
ドーン,N1
ノミネート,N1
ハプニング,N1
ハルヒ,N1
バリア,N1
ヒ,N1
ヒカル,N1
ピッチャー,N1
ピーマン,N1
ファインダー,N1
ファンド,N1
フォーカス,N1
フタ,N1
フットサル,N1
フルート,N1
フレ,N1
ブルックリン,N1
ヘルプ,N1
ヘレン,N1
ペルソナ,N1
ホールディングス,N1
ホールド,N1
ボディー,N1
マダム,N1
メル,N1
モラル,N1
ラグ,N1
ルック,N1
レコーダー,N1
レザー,N1
レタス,N1
ロスト,N1
ーーーー,N1
一転,N1
万里,N1
三郎,N1
下水道,N1
且つ,N1
両側,N1
主宰,N1
争奪,N1
二階堂,N1
亡き,N1
休息,N1
元老,N1
充填,N1
再編,N1
出社,N1
切り取っ,N1
初頭,N1
剃っ,N1
創刊,N1
動ける,N1
双葉,N1
収監,N1
取り調べ,N1
合図,N1
呼ぼ,N1
商社,N1
啓蒙,N1
圧勝,N1
境内,N1
墓場,N1
壮,N1
大小,N1
天体,N1
太一,N1
太平洋戦争,N1
奄美,N1
奴等,N1
存じ,N1
尊い,N1
屈辱,N1
山脈,N1
市営,N1
年数,N1
引き上げる,N1
引き渡し,N1
復習,N1
心底,N1
心斎橋,N1
思い入れ,N1
性器,N1
懸命,N1
抗体,N1
授与,N1
採択,N1
探,N1
控除,N1
揃う,N1
揶揄,N1
撫で,N1
操り,N1
放浪,N1
整,N1
文言,N1
断層,N1
新米,N1
昭恵,N1
最上,N1
月給,N1
来世,N1
栗山,N1
検察官,N1
楽観,N1
橋下,N1
歌舞伎町,N1
殺戮,N1
民法,N1
治り,N1
洒落,N1
流動,N1
海水浴,N1
渦,N1
満た,N1
滑らか,N1
漁船,N1
点滴,N1
点火,N1
無垢,N1
焦る,N1
照準,N1
熊野,N1
牌,N1
生かす,N1
生年月日,N1
産ま,N1
田んぼ,N1
町村,N1
疑念,N1
痛む,N1
皆殺し,N1
目録,N1
着色,N1
神山,N1
稿,N1
空調,N1
立証,N1
算数,N1
粗,N1
終っ,N1
絵かき,N1
聴覚,N1
脱落,N1
苦い,N1
蒲田,N1
薪,N1
装填,N1
見物,N1
見逃す,N1
規,N1
試みる,N1
語源,N1
読み込み,N1
誹謗,N1
貸,N1
軽自動車,N1
送り出し,N1
過労,N1
避妊,N1
配る,N1
野蛮,N1
鍛える,N1
闘う,N1
阿蘇,N1
雇う,N1
顕,N1
養護,N1
駐,N1
骨董,N1
😊,N1
ann,N1
books,N1
channel,N1
check,N1
dlc,N1
dragon,N1
film,N1
hope,N1
kcal,N1
morning,N1
npb,N1
sk,N1
sorry,N1
speed,N1
sub,N1
three,N1
user,N1
via,N1
̆,N1
あたかも,N1
いふ,N1
うれしかっ,N1
かなわ,N1
がんばり,N1
くう,N1
ことごとく,N1
こんばんわ,N1
じき,N1
ぜったい,N1
つづけ,N1
つよ,N1
とたん,N1
にんにく,N1
はずし,N1
ばば,N1
ひら,N1
ほっとい,N1
めぐ,N1
やけ,N1
ややこしい,N1
ゆえに,N1
りえ,N1
アイロン,N1
アルフレッド,N1
イク,N1
インターナショナル,N1
インフレ,N1
ウォーカー,N1
エゴ,N1
オードリー,N1
カゴ,N1
カサ,N1
カズ,N1
カツオ,N1
ガンプラ,N1
グアム,N1
ケビン,N1
コウモリ,N1
ジャイアンツ,N1
ジャガー,N1
スポンジ,N1
ソビエト,N1
ダイソー,N1
デキ,N1
デレステ,N1
ハス,N1
ハッチ,N1
ヒューマン,N1
ピンク色,N1
フクロウ,N1
ブーン,N1
プー,N1
ベイスターズ,N1
ボールペン,N1
ポンポン,N1
ポーカー,N1
マッチョ,N1
ミック,N1
ミミ,N1
メドレー,N1
モーリス,N1
ライム,N1
ローレンス,N1
ワッフル,N1
ワトソン,N1
一向に,N1
一息,N1
上乗せ,N1
中谷,N1
中退,N1
乗り込む,N1
亡霊,N1
交戦,N1
京大,N1
代物,N1
伝授,N1
何卒,N1
依然として,N1
偏っ,N1
健太,N1
傾斜,N1
全巻,N1
出走,N1
劣等,N1
同名,N1
呼び出さ,N1
哺乳類,N1
器官,N1
四球,N1
国歌,N1
均衡,N1
基板,N1
多田,N1
多量,N1
大当たり,N1
失調,N1
小嶋,N1
就労,N1
尼崎,N1
岸田,N1
帝王,N1
幼,N1
延々と,N1
引きずっ,N1
引っ張ら,N1
弱者,N1
彷彿,N1
従順,N1
微生物,N1
応じる,N1
悟っ,N1
戦犯,N1
手抜き,N1
折角,N1
捕鯨,N1
改ざん,N1
敗退,N1
教義,N1
敦子,N1
新種,N1
有馬,N1
未婚,N1
東亜,N1
板橋,N1
正し,N1
歩ん,N1
水谷,N1
江口,N1
河合,N1
洗車,N1
洲,N1
消極,N1
混み,N1
滅ぼす,N1
演,N1
濃縮,N1
無条件,N1
無邪気,N1
物足りない,N1
獣医,N1
玉木,N1
産み,N1
疾走,N1
痛感,N1
盛りだくさん,N1
目覚まし,N1
県庁,N1
知恵袋,N1
神崎,N1
税制,N1
穀物,N1
竜巻,N1
築,N1
精製,N1
経ち,N1
絶好調,N1
綱,N1
背筋,N1
脅さ,N1
自閉症,N1
臭く,N1
船員,N1
良質,N1
落ち込む,N1
葛飾,N1
蘇る,N1
裁量,N1
見合い,N1
規律,N1
賞品,N1
赤城,N1
返上,N1
追い込ん,N1
遙,N1
部会,N1
里奈,N1
野良,N1
阪,N1
陽性,N1
隠そ,N1
集積,N1
電化,N1
養,N1
麻美,N1
黒字,N1
ddr,N1
di,N1
fifa,N1
games,N1
internet,N1
look,N1
lost,N1
mlb,N1
naver,N1
netflix,N1
ova,N1
them,N1
♪」,N1
いいかげん,N1
いとう,N1
いまや,N1
かえる,N1
かっこよく,N1
じゃがいも,N1
ずみ,N1
たどり着く,N1
でかけ,N1
ともあれ,N1
とろ,N1
ねぎ,N1
はし,N1
はま,N1
もしもし,N1
もたらさ,N1
わる,N1
わーい,N1
アリゾナ,N1
アンプ,N1
エキス,N1
オカマ,N1
カボチャ,N1
ギリシア,N1
ココロ,N1
コストコ,N1
コンサルティング,N1
コンパス,N1
サントラ,N1
スケッチ,N1
スティーブン,N1
ストローク,N1
スローガン,N1
スーパーマン,N1
トク,N1
トロフィー,N1
ドラゴンズ,N1
ドロシー,N1
ハァ,N1
ハハ,N1
バズ,N1
バックス,N1
バッファ,N1
バラード,N1
パイナップル,N1
フラッグ,N1
ブラジャー,N1
プラズマ,N1
ポップコーン,N1
マイペース,N1
ミュゼ,N1
ヤク,N1
ユネスコ,N1
ララ,N1
リクルート,N1
リストラ,N1
リベンジ,N1
リンパ,N1
レズビアン,N1
レベルアップ,N1
ロースト,N1
ワキ,N1
一大,N1
七瀬,N1
万引き,N1
上方,N1
中性,N1
丸の内,N1
事後,N1
交通省,N1
京子,N1
仕事場,N1
代名詞,N1
伯父,N1
候,N1
側近,N1
先代,N1
先住民,N1
公文書,N1
公約,N1
別府,N1
前夜,N1
動き出し,N1
勝敗,N1
包茎,N1
千代,N1
取り扱っ,N1
古来,N1
吉岡,N1
同種,N1
名詞,N1
回さ,N1
園児,N1
土佐,N1
均一,N1
城壁,N1
堅い,N1
塵,N1
外傷,N1
夢見る,N1
大いなる,N1
天野,N1
子役,N1
密室,N1
対峙,N1
小隊,N1
座れ,N1
建っ,N1
引き下げ,N1
弾け,N1
弾ける,N1
役に立ち,N1
思い浮かべ,N1
怪人,N1
恐る,N1
投げつけ,N1
投獄,N1
持ち歩い,N1
控訴,N1
揉ん,N1
換気,N1
援軍,N1
教え子,N1
整体,N1
斡旋,N1
日大,N1
是正,N1
書物,N1
月頃,N1
有望,N1
松尾,N1
果たせ,N1
柊,N1
構内,N1
模擬,N1
歯車,N1
没頭,N1
泥酔,N1
洗顔,N1
浮かべ,N1
浴,N1
清原,N1
清算,N1
満開,N1
瀕死,N1
牡,N1
生後,N1
異論,N1
疑似,N1
痙攣,N1
皇族,N1
盗み,N1
盲目,N1
直送,N1
相模,N1
眠気,N1
税関,N1
突っ込ま,N1
素子,N1
結集,N1
絶景,N1
網羅,N1
編曲,N1
老朽,N1
腹立つ,N1
舐める,N1
薄れ,N1
薩摩,N1
裾,N1
親しみ,N1
観音,N1
触媒,N1
計上,N1
買い取っ,N1
贈り,N1
超過,N1
追え,N1
送迎,N1
途絶え,N1
野原,N1
野口,N1
鋼鉄,N1
闘士,N1
闘技,N1
雄大,N1
電機,N1
電磁波,N1
響い,N1
風刺,N1
高官,N1
鳥越,N1
鼻水,N1
action,N1
dcg,N1
dk,N1
ev,N1
ka,N1
kddi,N1
nexus,N1
ph,N1
sea,N1
service,N1
single,N1
site,N1
smile,N1
stand,N1
su,N1
tag,N1
tk,N1
uc,N1
vocaloid,N1
woman,N1
years,N1
®,N1
あゆ,N1
えみ,N1
おいら,N1
お誘い,N1
かかれ,N1
かぐ,N1
くわ,N1
しく,N1
たけし,N1
たらしい,N1
ちひろ,N1
ちや,N1
ちょこちょこ,N1
つぎ,N1
となり,N1
どす,N1
なんてこった,N1
ひく,N1
ふわ,N1
ほれ,N1
まく,N1
ましてや,N1
ゆうこ,N1
りつ,N1
わいせつ,N1
アインシュタイン,N1
アテネ,N1
アパレル,N1
アラスカ,N1
アリバイ,N1
アーチ,N1
ウラ,N1
エイプリルフール,N1
エクセル,N1
ガイア,N1
キッ,N1
キャラメル,N1
キャンディー,N1
クイック,N1
クリスチャン,N1
コメンテーター,N1
コロラド,N1
ザル,N1
ジャニ,N1
スライム,N1
ゼット,N1
ソレ,N1
タイムズ,N1
ダイヤル,N1
ダスト,N1
ダニ,N1
チャイルド,N1
デタラメ,N1
トランスフォーマー,N1
ドラマー,N1
ネトウヨ,N1
バージョンアップ,N1
バースト,N1
パケット,N1
パワフル,N1
ビ,N1
ピッ,N1
ムスリム,N1
ヨルダン,N1
リスペクト,N1
リプ,N1
一因,N1
不謹慎,N1
中井,N1
中西,N1
主題,N1
予期,N1
人力,N1
人脈,N1
仮設,N1
仲直り,N1
会派,N1
倒壊,N1
元素,N1
入れ替わり,N1
全土,N1
全編,N1
公営,N1
共生,N1
冤罪,N1
切り離し,N1
削ら,N1
力強い,N1
勝る,N1
協同,N1
即効,N1
収,N1
受,N1
号泣,N1
同伴,N1
含有,N1
商用,N1
回想,N1
因,N1
地中海,N1
地球人,N1
地蔵,N1
境遇,N1
外相,N1
大口,N1
大名,N1
大晦日,N1
大杉,N1
大通り,N1
委任,N1
嫌がっ,N1
存分,N1
寺島,N1
封入,N1
尋ねる,N1
尋問,N1
小田,N1
居眠り,N1
左上,N1
常備,N1
引き取り,N1
強奪,N1
意地悪,N1
愛す,N1
手がける,N1
手渡し,N1
打ち出し,N1
折り,N1
振り返り,N1
救え,N1
散る,N1
整える,N1
断定,N1
昔ながら,N1
映え,N1
最古,N1
最寄り駅,N1
有楽町,N1
根底,N1
根源,N1
格子,N1
桃太郎,N1
桃子,N1
機長,N1
母体,N1
母校,N1
決まら,N1
波長,N1
洗わ,N1
浴室,N1
淵,N1
湧き,N1
湾岸,N1
満州,N1
漂っ,N1
演算,N1
潜ん,N1
無人島,N1
焼却,N1
煮込み,N1
独断,N1
琥珀,N1
産物,N1
甲板,N1
発火,N1
白熱,N1
盗む,N1
直せ,N1
直美,N1
眉毛,N1
真顔,N1
矢野,N1
硬く,N1
神経質,N1
等級,N1
糧,N1
純情,N1
紫色,N1
給水,N1
継い,N1
老後,N1
聖域,N1
脱線,N1
自家,N1
舞う,N1
荒廃,N1
葬,N1
表向き,N1
裏切る,N1
補う,N1
見積もり,N1
覗く,N1
親権,N1
調布,N1
貨幣,N1
踏切,N1
蹴ら,N1
透過,N1
通さ,N1
連装,N1
道理,N1
適性,N1
鉛,N1
長澤,N1
集まれ,N1
霞,N1
黒子,N1
黙ら,N1
american,N1
birthday,N1
bt,N1
business,N1
classic,N1
did,N1
fox,N1
gate,N1
gta,N1
ie,N1
jam,N1
kk,N1
level,N1
mvp,N1
mw,N1
under,N1
いわく,N1
おおっ,N1
かおる,N1
かぶる,N1
きき,N1
けつ,N1
けら,N1
ざっと,N1
しおり,N1
しめる,N1
それどころか,N1
ちっとも,N1
ちょいちょい,N1
どっ,N1
どる,N1
むし,N1
やれやれ,N1
よくも,N1
りか,N1
アンドレ,N1
イタリアン,N1
ウイング,N1
エレナ,N1
オハイオ,N1
カマ,N1
ガタガタ,N1
ガーディアン,N1
キーホルダー,N1
クシ,N1
クラウドファンディング,N1
クロウ,N1
グリル,N1
ケチャップ,N1
ケント,N1
ココナッツ,N1
ゴリ,N1
サプリメント,N1
シーツ,N1
スキップ,N1
スク,N1
スタイリッシュ,N1
ストッキング,N1
チャーシュー,N1
ツーリング,N1
デュアル,N1
トピック,N1
ナメ,N1
ネルソン,N1
ハッピーエンド,N1
ハーモニー,N1
パーソナリティ,N1
ヒルズ,N1
ビジネスマン,N1
ピカピカ,N1
フライング,N1
ブルマ,N1
プーチン,N1
ペロペロ,N1
ホープ,N1
ホーン,N1
マナ,N1
モナコ,N1
ラバー,N1
ランス,N1
ルックス,N1
ルーシー,N1
三条,N1
下降,N1
不可解,N1
不細工,N1
不規則,N1
中京,N1
乗っ取り,N1
乗船,N1
交尾,N1
京セラ,N1
仕切り,N1
伺っ,N1
低かっ,N1
作風,N1
修士,N1
僕達,N1
先手,N1
兵衛,N1
処方箋,N1
凪,N1
出航,N1
制し,N1
勇敢,N1
勿体,N1
原文,N1
参列,N1
参謀,N1
叱ら,N1
右足,N1
同胞,N1
否め,N1
哲也,N1
唐辛子,N1
善意,N1
嘆い,N1
嘔吐,N1
囲い,N1
増量,N1
夕日,N1
夜空,N1
失神,N1
奉納,N1
始まら,N1
寄る,N1
寝取ら,N1
少なめ,N1
川村,N1
巨額,N1
幕張,N1
引き金,N1
強硬,N1
当人,N1
後任,N1
後遺症,N1
徘徊,N1
心拍,N1
応,N1
悪党,N1
憲兵,N1
戦法,N1
戻せ,N1
抜け出せ,N1
拍子,N1
招か,N1
持ち帰っ,N1
振替,N1
斜面,N1
新入生,N1
旺盛,N1
昇天,N1
東映,N1
松坂,N1
松竹,N1
梓,N1
横田,N1
次ぐ,N1
武道,N1
沙織,N1
泊り,N1
海辺,N1
淫夢,N1
深田,N1
淹,N1
渡航,N1
温室,N1
湿気,N1
満塁,N1
溜まる,N1
災い,N1
無口,N1
無駄遣い,N1
生死,N1
用心,N1
痔,N1
直っ,N1
相まって,N1
睡眠薬,N1
瞬時,N1
砂浜,N1
紘,N1
結びつい,N1
結束,N1
続報,N1
纏め,N1
胴体,N1
脱却,N1
臆病,N1
薦め,N1
蛙,N1
表参道,N1
褐色,N1
見逃せ,N1
言い出す,N1
訳し,N1
論点,N1
講,N1
譲る,N1
賑やか,N1
質感,N1
走れる,N1
軍勢,N1
転勤,N1
軽井沢,N1
農村,N1
送電,N1
途切れ,N1
造る,N1
連呼,N1
過言,N1
部数,N1
都民,N1
酔,N1
量販,N1
長老,N1
間抜け,N1
防げ,N1
難点,N1
震,N1
須田,N1
食パン,N1
高岡,N1
高杉,N1
高槻,N1
高畑,N1
鳴らす,N1
abematv,N1
ak,N1
beat,N1
beauty,N1
br,N1
even,N1
excel,N1
fantasy,N1
fine,N1
force,N1
forever,N1
gc,N1
javascript,N1
lg,N1
much,N1
nmb,N1
oa,N1
said,N1
shock,N1
thanks,N1
their,N1
thing,N1
utc,N1
water,N1
δ,N1
あらためて,N1
きゅうり,N1
ごちそうさま,N1
しまわ,N1
せり,N1
そうなると,N1
つぶれ,N1
とち,N1
なつみ,N1
なでしこ,N1
のぼる,N1
はやい,N1
ばっち,N1
ぶつかり,N1
ぶつかる,N1
まだしも,N1
めまい,N1
わかめ,N1
アイスランド,N1
アクア,N1
アスカ,N1
アタシ,N1
アッシュ,N1
イニング,N1
イヤリング,N1
エルサ,N1
エンジョイ,N1
オアシス,N1
オウム,N1
オールナイト,N1
カーター,N1
キャッチャー,N1
ジャーナル,N1
スターリン,N1
ストライキ,N1
ストーブ,N1
タケ,N1
タブー,N1
ダイナミック,N1
ダーリン,N1
チュー,N1
チューリップ,N1
トレイ,N1
ニワトリ,N1
ハク,N1
ハマ,N1
パブリック,N1
ビューティー,N1
ピクニック,N1
フフフ,N1
フリーランス,N1
フレッド,N1
プレビュー,N1
ホルダー,N1
ポーター,N1
マサ,N1
マシュマロ,N1
ミラノ,N1
モットー,N1
モロッコ,N1
ランドセル,N1
ルミ,N1
ルーク,N1
レンタカー,N1
一変,N1
下層,N1
不利益,N1
両足,N1
主食,N1
乗用車,N1
乱舞,N1
交番,N1
仕上がり,N1
他方,N1
代役,N1
伊丹,N1
余儀なく,N1
作法,N1
停め,N1
催し,N1
傾い,N1
公然,N1
兵力,N1
凍っ,N1
凱旋,N1
出向,N1
出没,N1
前橋,N1
剥い,N1
剥がれ,N1
即ち,N1
原価,N1
原案,N1
収まっ,N1
口内,N1
口論,N1
告,N1
味わえ,N1
咲き,N1
問答,N1
国体,N1
垣間見,N1
堤防,N1
増幅,N1
大王,N1
大神,N1
奥義,N1
嫌気,N1
安室,N1
定住,N1
実業,N1
対局,N1
専務,N1
屈し,N1
履修,N1
崩す,N1
左足,N1
底辺,N1
応急,N1
忠義,N1
悔し,N1
悪戯,N1
愛車,N1
慎吾,N1
所沢,N1
抑止,N1
挟む,N1
捕まえる,N1
探っ,N1
擬似,N1
旅人,N1
昇,N1
春休み,N1
望月,N1
殿堂,N1
気付け,N1
沸い,N1
海鮮,N1
渋い,N1
熱海,N1
牝,N1
特訓,N1
現存,N1
番線,N1
盛り上げる,N1
眼科,N1
知覚,N1
破ら,N1
硬化,N1
窒素,N1
笹,N1
篠原,N1
組み込ん,N1
継ぐ,N1
綾子,N1
緋,N1
義務付け,N1
胸元,N1
腎,N1
舗装,N1
花びら,N1
若葉,N1
落合,N1
葉山,N1
藤本,N1
血糖,N1
表題,N1
被曝,N1
言い過ぎ,N1
許せる,N1
試行,N1
請負,N1
謂,N1
謝り,N1
貫い,N1
躍進,N1
迷路,N1
送付,N1
逃す,N1
逆襲,N1
這い,N1
逢い,N1
進軍,N1
金田一,N1
釧路,N1
陥り,N1
隼人,N1
露骨,N1
青く,N1
静香,N1
預かっ,N1
頒布,N1
騙す,N1
鵬,N1
鼻血,N1
act,N1
ae,N1
auto,N1
away,N1
band,N1
boss,N1
brothers,N1
dash,N1
dt,N1
easy,N1
fd,N1
friend,N1
future,N1
jazz,N1
mit,N1
mode,N1
python,N1
ro,N1
sn,N1
ssr,N1
ti,N1
title,N1
trpg,N1
works,N1
λ,N1
うぅ,N1
うれしく,N1
おっちゃん,N1
おなじ,N1
おまかせ,N1
お手本,N1
かち,N1
ぐっと,N1
こまめ,N1
さり,N1
しまお,N1
だからといって,N1
だらし,N1
っし,N1
つかむ,N1
てよ,N1
はちみつ,N1
ひびき,N1
ひん,N1
むけ,N1
むす,N1
りさ,N1
アトランタ,N1
アニメーター,N1
アー,N1
イッ,N1
インナー,N1
イースト,N1
ウィーク,N1
ウッ,N1
ウラン,N1
オカルト,N1
オペレーター,N1
カリウム,N1
ガッツ,N1
グレート,N1
コレクター,N1
コロ,N1
ゴールデンウィーク,N1
サミュエル,N1
シェルター,N1
シスコ,N1
ジェシー,N1
スカーフ,N1
スコープ,N1
ストーム,N1
スパイラル,N1
スピンオフ,N1
スマホアプリ,N1
スワン,N1
セバスチャン,N1
ダイバー,N1
ダミー,N1
ダービー,N1
ツケ,N1
テーマパーク,N1
ディスコ,N1
ディック,N1
トモ,N1
ドーピング,N1
ナミ,N1
ニオイ,N1
バネ,N1
パウダー,N1
パズドラ,N1
パレスチナ,N1
ピック,N1
ヘルシー,N1
ホームセンター,N1
ヤル,N1
ラテン,N1
ラブラブ,N1
リフレッシュ,N1
レジスタンス,N1
ワル,N1
一昨年,N1
一派,N1
下る,N1
中国共産党,N1
中絶,N1
事典,N1
代え,N1
仮名,N1
仲間入り,N1
儀,N1
兆候,N1
兜,N1
凶器,N1
初耳,N1
利権,N1
前立腺,N1
勝ち越し,N1
区内,N1
参上,N1
只今,N1
同類,N1
名づけ,N1
名乗り,N1
嗣,N1
在学,N1
堕落,N1
堤,N1
塩素,N1
夕暮れ,N1
外壁,N1
多岐,N1
大盛り,N1
太陽系,N1
奇襲,N1
宇佐美,N1
実例,N1
実情,N1
寄稿,N1
密輸,N1
寝ろ,N1
山城,N1
左利き,N1
年賀状,N1
廃人,N1
引き分け,N1
引き寄せ,N1
征,N1
後進,N1
必至,N1
必需,N1
忍耐,N1
志村,N1
急ぐ,N1
悪霊,N1
悶絶,N1
情報処理,N1
感銘,N1
慈悲,N1
憎い,N1
戦中,N1
戦慄,N1
手札,N1
押し寄せ,N1
拓也,N1
招致,N1
摘出,N1
斎,N1
映り,N1
景子,N1
杉並,N1
村山,N1
松原,N1
桜木,N1
梅酒,N1
極度,N1
楽団,N1
楽屋,N1
標本,N1
次長,N1
歩兵,N1
泳ぎ,N1
渡邉,N1
渡部,N1
激突,N1
火炎,N1
炸裂,N1
片足,N1
特捜,N1
献身,N1
由美子,N1
町長,N1
疾風,N1
着目,N1
祖父母,N1
福音,N1
禿げ,N1
税務署,N1
立案,N1
策略,N1
粛清,N1
精進,N1
紙面,N1
絶えず,N1
絹,N1
総称,N1
縛っ,N1
置き換える,N1
翻弄,N1
脱水,N1
腕前,N1
腹痛,N1
膨らん,N1
舞い,N1
船舶,N1
色素,N1
蔓延,N1
藁,N1
行き来,N1
補,N1
製法,N1
西暦,N1
見極め,N1
覚,N1
誓う,N1
読み返し,N1
貫く,N1
貯まる,N1
買,N1
蹴,N1
退役,N1
透視,N1
通り越し,N1
逸脱,N1
運勢,N1
道端,N1
陶器,N1
電鉄,N1
頼,N1
飛行場,N1
饅頭,N1
駅伝,N1
駅員,N1
魅せ,N1
angel,N1
china,N1
comic,N1
cup,N1
family,N1
firefox,N1
hs,N1
metal,N1
monster,N1
natural,N1
non,N1
rb,N1
sexy,N1
suv,N1
talk,N1
these,N1
あげく,N1
おんなじ,N1
かわし,N1
くだり,N1
しまむら,N1
せき,N1
ぜひとも,N1
だらだら,N1
ちろ,N1
つかみ,N1
つくづく,N1
とらわれ,N1
なおす,N1
なりすまし,N1
はげ,N1
はれ,N1
ばく,N1
まさみ,N1
もっぱら,N1
りく,N1
ろくな,N1
をめぐって,N1
アイリス,N1
アテ,N1
アトム,N1
イヴ,N1
ウィスキー,N1
ギタリスト,N1
クッキング,N1
クランク,N1
クレイジー,N1
クレカ,N1
コンセント,N1
ゴーグル,N1
ザク,N1
シャドー,N1
シロップ,N1
シー,N1
スプラトゥーン,N1
セラピー,N1
セルビア,N1
タイアップ,N1
ダブルス,N1
チェックイン,N1
チャリティー,N1
トウモロコシ,N1
トゲ,N1
トランペット,N1
ニンジン,N1
ニンテンドー,N1
ハト,N1
ハンサム,N1
パラレル,N1
パル,N1
パワハラ,N1
ビスケット,N1
ピー,N1
フィードバック,N1
ブッ,N1
ブロード,N1
プラ,N1
ポジ,N1
マリファナ,N1
モニタリング,N1
モンキー,N1
リコール,N1
リモート,N1
リンチ,N1
レディー,N1
ロイター,N1
ロジック,N1
ロミオ,N1
三月,N1
下流,N1
不通,N1
不都合,N1
世辞,N1
中出,N1
乳房,N1
亀裂,N1
今どき,N1
保て,N1
信州,N1
備蓄,N1
入れ替わっ,N1
入団,N1
全曲,N1
共犯,N1
再販,N1
出稼ぎ,N1
分身,N1
刑法,N1
利子,N1
刺繍,N1
区切り,N1
卑劣,N1
危害,N1
卸売,N1
去勢,N1
参っ,N1
及川,N1
収める,N1
受け取れ,N1
口紅,N1
呼,N1
在り方,N1
変貌,N1
多種,N1
大倉,N1
大腸,N1
大雪,N1
失態,N1
存,N1
学芸,N1
安かっ,N1
定評,N1
対空,N1
届出,N1
帰化,N1
広める,N1
待ち遠しい,N1
待合室,N1
御前,N1
復縁,N1
思い切り,N1
憲,N1
憶測,N1
懐疑,N1
懲り,N1
或,N1
所定,N1
手伝う,N1
手話,N1
扱える,N1
承り,N1
持ち込ま,N1
振り回し,N1
採っ,N1
握ら,N1
搾取,N1
改憲,N1
整合,N1
映し,N1
昭,N1
時効,N1
暮らせる,N1
書道,N1
本拠地,N1
査定,N1
森山,N1
横領,N1
次女,N1
此処,N1
武蔵野,N1
残骸,N1
毒性,N1
汚く,N1
河内,N1
洗面,N1
浴場,N1
深層,N1
溶ける,N1
溺れる,N1
漁っ,N1
漂流,N1
漠然と,N1
激し,N1
無論,N1
焦げ,N1
現に,N1
甚大,N1
用具,N1
田原,N1
留守番,N1
白衣,N1
相次ぐ,N1
真意,N1
着任,N1
磨,N1
禅,N1
秀逸,N1
移入,N1
税別,N1
窒息,N1
窯,N1
競う,N1
精鋭,N1
納期,N1
絶品,N1
聖子,N1
肩書き,N1
脅かす,N1
至上,N1
致命傷,N1
芳,N1
苑,N1
若林,N1
英訳,N1
茶屋,N1
草食,N1
蟻,N1
衛,N1
覆面,N1
見下し,N1
見立て,N1
視認,N1
証書,N1
詰,N1
話し合う,N1
誤認,N1
読み上げ,N1
論じ,N1
譜面,N1
議,N1
越前,N1
足りる,N1
車検,N1
転向,N1
軽蔑,N1
込ま,N1
近道,N1
遺骨,N1
金儲け,N1
錬,N1
鎮守,N1
長瀬,N1
開戦,N1
間際,N1
雅子,N1
集い,N1
雑草,N1
飛び込み,N1
飯島,N1
飽和,N1
馬身,N1
鱗,N1
黒板,N1
鼓動,N1
always,N1
arc,N1
believe,N1
could,N1
gr,N1
hand,N1
hiv,N1
its,N1
jis,N1
nato,N1
pb,N1
presents,N1
safari,N1
should,N1
spring,N1
times,N1
ultra,N1
wa,N1
were,N1
wowow,N1
├,N1
☺,N1
あそび,N1
あの世,N1
いてる,N1
おわり,N1
お母様,N1
かっぱ,N1
かまい,N1
きのう,N1
げろ,N1
こんにゃく,N1
さむ,N1
じい,N1
じいさん,N1
すんなり,N1
だこ,N1
ちくしょう,N1
つくろ,N1
やけど,N1
ゆるい,N1
ろくに,N1
アミ,N1
アロマ,N1
イラッ,N1
インデックス,N1
ウェイン,N1
エヴァンゲリオン,N1
オマエ,N1
オリオン,N1
カカオ,N1
カク,N1
カッパ,N1
ガソリンスタンド,N1
ガラ,N1
キチ,N1
キモイ,N1
キン肉マン,N1
ギレ,N1
グリップ,N1
グルグル,N1
サイレン,N1
シアン,N1
ジャスミン,N1
ジュエル,N1
ジュリア,N1
セメント,N1
チョウ,N1
デコ,N1
ドリフト,N1
ナット,N1
ニャン,N1
ニュージャージー,N1
ヌルヌル,N1
ネトゲ,N1
ノリノリ,N1
ハイキング,N1
ハングル,N1
バツ,N1
バルカン,N1
バーバラ,N1
ヒーター,N1
ピアニスト,N1
ピーナッツ,N1
ファイブ,N1
フェーズ,N1
フリート,N1
ヘイト,N1
マスト,N1
マドンナ,N1
メモリアル,N1
モノマネ,N1
ヨウ,N1
ルル,N1
一服,N1
一直線,N1
中型,N1
中庭,N1
丹,N1
乗馬,N1
五十嵐,N1
人道,N1
住め,N1
何様,N1
倒せる,N1
債,N1
出逢い,N1
切実,N1
力学,N1
卍,N1
原付,N1
及ぼし,N1
取り引き,N1
取扱い,N1
受理,N1
口出し,N1
后,N1
品番,N1
四月,N1
困窮,N1
図り,N1
図解,N1
園長,N1
変遷,N1
夏季,N1
大泉,N1
如月,N1
威,N1
媚薬,N1
実効,N1
密集,N1
寒かっ,N1
小樽,N1
屑,N1
崩さ,N1
差し出し,N1
師団,N1
帯域,N1
帯広,N1
平塚,N1
平民,N1
幾度,N1
度数,N1
延ばし,N1
彗星,N1
心強い,N1
愛護,N1
懇談,N1
懐かしく,N1
手掛ける,N1
折る,N1
拒ん,N1
掛け持ち,N1
掴め,N1
揃える,N1
撒い,N1
撲滅,N1
教皇,N1
早くから,N1
時限,N1
暴れる,N1
書き込ん,N1
有り得,N1
朝倉,N1
末路,N1
果汁,N1
核心,N1
格段,N1
殲滅,N1
殺傷,N1
決行,N1
浮遊,N1
測る,N1
湊,N1
満腹,N1
溜まり,N1
滅ぼし,N1
演歌,N1
無害,N1
狸,N1
理学,N1
環境省,N1
生やし,N1
生還,N1
発令,N1
直に,N1
着ける,N1
石橋,N1
突出,N1
立ち上がる,N1
笑い声,N1
筋力,N1
素質,N1
終電,N1
組め,N1
総じて,N1
美貌,N1
聖戦,N1
航行,N1
船体,N1
茨木,N1
草津,N1
萎え,N1
蒸留,N1
藤村,N1
行き過ぎ,N1
見どころ,N1
見守り,N1
見所,N1
見覚え,N1
訃報,N1
貞,N1
転用,N1
辿っ,N1
迎撃,N1
近々,N1
近づける,N1
送ろ,N1
連隊,N1
過大,N1
邦楽,N1
配色,N1
閉まっ,N1
陸奥,N1
隠れる,N1
雇い,N1
音楽家,N1
順に,N1
頼め,N1
顔立ち,N1
鳥居,N1
黒色,N1
also,N1
car,N1
cx,N1
diy,N1
hide,N1
ho,N1
hz,N1
media,N1
nice,N1
park,N1
rose,N1
station,N1
steam,N1
ufj,N1
words,N1
ありふれ,N1
いお,N1
うす,N1
おむつ,N1
かき氷,N1
くっつけ,N1
くらっ,N1
ごい,N1
ご馳走,N1
しっとり,N1
しゃぶしゃぶ,N1
そい,N1
だに,N1
ちょこっと,N1
つかさ,N1
つながら,N1
つぶ,N1
つぼみ,N1
とどまっ,N1
はぐれ,N1
はやっ,N1
ぱい,N1
ぴょん,N1
ぶた,N1
へそ,N1
まくれ,N1
むずかしい,N1
もしや,N1
やばく,N1
ゆん,N1
わざ,N1
わに,N1
アゴ,N1
アタマ,N1
アナリスト,N1
アラサー,N1
アリア,N1
イニシャル,N1
ウナギ,N1
エスカレート,N1
エデン,N1
オマケ,N1
オーシャン,N1
カバ,N1
カプコン,N1
カンタン,N1
カートリッジ,N1
ギネス,N1
クーパー,N1
グラ,N1
コロン,N1
コーティング,N1
サウジアラビア,N1
サニー,N1
サムスン,N1
シェイク,N1
シスター,N1
シャア,N1
ゾッと,N1
ダラス,N1
テイルズ,N1
トップページ,N1
トンボ,N1
ニックネーム,N1
ニュートン,N1
ノミ,N1
バトン,N1
フェルト,N1
ブレンド,N1
マーカー,N1
メイキング,N1
メディカル,N1
ヤダ,N1
ラマ,N1
ルーカス,N1
ロビンソン,N1
ヴァイオリン,N1
一宮,N1
一新,N1
七夕,N1
三原,N1
下関,N1
不味い,N1
不穏,N1
主教,N1
亜鉛,N1
仏像,N1
付け加え,N1
伝言,N1
似合い,N1
信心,N1
偏り,N1
偽善,N1
先物,N1
公務,N1
公道,N1
兵団,N1
冷酷,N1
切腹,N1
利い,N1
剃り,N1
前原,N1
剣士,N1
創り,N1
北口,N1
反復,N1
受け取ら,N1
口腔,N1
史実,N1
各駅,N1
合える,N1
吹っ飛ん,N1
吾郎,N1
呈し,N1
呑み,N1
呑ん,N1
商工,N1
四方,N1
回れ,N1
因縁,N1
国鉄,N1
地検,N1
堅,N1
変質,N1
外貨,N1
天地,N1
女医,N1
威圧,N1
嫌味,N1
小人,N1
尚更,N1
巷,N1
巻き込む,N1
幼虫,N1
弱み,N1
役場,N1
待ち時間,N1
従軍,N1
怜,N1
性愛,N1
息抜き,N1
患っ,N1
憑,N1
手柄,N1
捗る,N1
揉め,N1
支社,N1
日にち,N1
日差し,N1
曲がる,N1
書面,N1
朝方,N1
本位,N1
本誌,N1
柚,N1
根元,N1
極東,N1
気に入り,N1
沈み,N1
泣,N1
海老名,N1
測量,N1
潜っ,N1
瀬戸内,N1
片岡,N1
物品,N1
狂人,N1
獄,N1
田辺,N1
異変,N1
異物,N1
疾病,N1
病人,N1
白川,N1
眠ら,N1
確証,N1
積,N1
突発,N1
第一歩,N1
等しく,N1
等身,N1
簡略,N1
精査,N1
系譜,N1
納品,N1
素性,N1
紺,N1
組み合わせる,N1
総長,N1
縄張り,N1
繁華,N1
耐,N1
自分勝手,N1
至近,N1
茶番,N1
藤岡,N1
裏切り者,N1
補修,N1
褒める,N1
親分,N1
言いなり,N1
言い換え,N1
詞,N1
詰ん,N1
講じ,N1
警部補,N1
足場,N1
蹴る,N1
身柄,N1
軍服,N1
軍用,N1
軽視,N1
轟,N1
近接,N1
迫り,N1
送,N1
途方,N1
連立,N1
遺品,N1
遺書,N1
郵政,N1
鉱物,N1
開演,N1
関口,N1
関根,N1
降ろし,N1
陥落,N1
面々,N1
顕微鏡,N1
養う,N1
高尾,N1
魚介,N1
鳴く,N1
麹,N1
beautiful,N1
cute,N1
deep,N1
fan,N1
fes,N1
im,N1
ir,N1
keep,N1
lll,N1
lte,N1
mo,N1
naruto,N1
nt,N1
ntv,N1
perfect,N1
png,N1
ram,N1
really,N1
report,N1
through,N1
update,N1
which,N1
women,N1
͜ʖ,N1
◯◯,N1
♬,N1
あに,N1
いじら,N1
いたく,N1
うに,N1
えび,N1
おばあさん,N1
かいな,N1
くれぐれも,N1
さゆり,N1
さんざん,N1
しね,N1
しみじみ,N1
たぬき,N1
たまげ,N1
たわごと,N1
つぶやい,N1
づく,N1
てめぇ,N1
どうこう,N1
なぁー,N1
なつかしい,N1
のら,N1
ふし,N1
ぶつける,N1
ぶら,N1
もってこい,N1
やけに,N1
らっしゃる,N1
わんさ,N1
アイマス,N1
アディダス,N1
アヤ,N1
ウィリアムズ,N1
ウジ,N1
ウニ,N1
エミリー,N1
エンターテインメント,N1
オートバイ,N1
ガマン,N1
キーパー,N1
グラント,N1
ケネディ,N1
ケンタッキー,N1
サテライト,N1
シェリー,N1
シド,N1
シリウス,N1
タック,N1
チカ,N1
チャネル,N1
ディフェンス,N1
トリス,N1
トレー,N1
ネロ,N1
ハニー,N1
バロン,N1
バント,N1
パーソナル,N1
ビクトリア,N1
ピストル,N1
ピート,N1
ヘイトスピーチ,N1
ベネズエラ,N1
ペコ,N1
マミ,N1
モミ,N1
ヨハネ,N1
ラー,N1
リーダーシップ,N1
ルーター,N1
一筋,N1
三宮,N1
上質,N1
下村,N1
下駄,N1
不運,N1
世襲,N1
丙,N1
久留,N1
交配,N1
代弁,N1
休める,N1
作り直し,N1
修繕,N1
優等生,N1
先程,N1
全集,N1
出国,N1
出陣,N1
初級,N1
判り,N1
労災,N1
勿体ない,N1
協賛,N1
厚木,N1
原住民,N1
原材料,N1
反感,N1
取り下げ,N1
取り除い,N1
取組,N1
受け止める,N1
古き,N1
吉村,N1
吉沢,N1
吹き出し,N1
味わえる,N1
和訳,N1
善悪,N1
善良,N1
固執,N1
在来,N1
大まか,N1
大河ドラマ,N1
太宰,N1
奈央,N1
定例,N1
小杉,N1
小栗,N1
就く,N1
山内,N1
巻く,N1
廃車,N1
廣,N1
建国,N1
弱虫,N1
張ら,N1
弾き語り,N1
御用達,N1
忘年会,N1
忙しかっ,N1
念頭,N1
恩返し,N1
悲観,N1
惹き,N1
手洗い,N1
授乳,N1
掘削,N1
採算,N1
操,N1
散策,N1
斑,N1
早稲田大学,N1
昔話,N1
望遠鏡,N1
本意,N1
本舗,N1
条文,N1
栞,N1
格付け,N1
検閲,N1
構える,N1
止まれ,N1
死傷,N1
残せ,N1
殺菌,N1
決めつけ,N1
法学部,N1
法規,N1
海峡,N1
淡い,N1
滑,N1
灯台,N1
無傷,N1
煽る,N1
片思い,N1
王将,N1
生計,N1
癒す,N1
白米,N1
看守,N1
禁酒,N1
稲葉,N1
突きつけ,N1
粗末,N1
終点,N1
統括,N1
緒方,N1
織り,N1
置き去り,N1
美少年,N1
習い,N1
臨む,N1
自前,N1
自画,N1
至急,N1
著しい,N1
融通,N1
西郷,N1
親御,N1
観賞,N1
許,N1
許諾,N1
谷川,N1
貧血,N1
買い上げ,N1
転じ,N1
通院,N1
連戦,N1
運輸,N1
過敏,N1
遠方,N1
酔う,N1
釜山,N1
長け,N1
長続き,N1
降格,N1
雅治,N1
離,N1
頼れる,N1
高揚,N1
高須,N1
黒川,N1
鼠,N1
ag,N1
battle,N1
better,N1
control,N1
eyes,N1
garden,N1
island,N1
jj,N1
lol,N1
many,N1
mj,N1
og,N1
prince,N1
short,N1
without,N1
└,N1
❗,N1
あたりまえ,N1
いずみ,N1
お先に,N1
きつ,N1
きよ,N1
きれる,N1
くだら,N1
ごちゃごちゃ,N1
さがし,N1
してやっ,N1
つま先,N1
のぼり,N1
むかつく,N1
やさし,N1
アテナ,N1
アルミニウム,N1
アル中,N1
アンサンブル,N1
イデオロギー,N1
カルマ,N1
カーボン,N1
キャスティング,N1
キュン,N1
ケット,N1
ゲイリー,N1
コカイン,N1
コンパニオン,N1
ゴージャス,N1
サイモン,N1
サバンナ,N1
ジェイソン,N1
ジャーナリズム,N1
ジーク,N1
スタック,N1
ステロイド,N1
ストロー,N1
スリーブ,N1
スーザン,N1
ダイアナ,N1
ダーツ,N1
チタン,N1
チャーリー,N1
チューナー,N1
チョロ,N1
テンプレート,N1
デニム,N1
ヌードル,N1
ノンケ,N1
ハア,N1
バッハ,N1
パイン,N1
パース,N1
ヒロシ,N1
ビルマ,N1
ビートルズ,N1
フィリップス,N1
ブックオフ,N1
ブレード,N1
ブロガー,N1
ブロッコリー,N1
ブロー,N1
プリウス,N1
ホークス,N1
マキシ,N1
ミキサー,N1
ムック,N1
メッシュ,N1
ヤス,N1
ラット,N1
リフォーム,N1
リプライ,N1
リポート,N1
レーサー,N1
ロッキー,N1
ローブ,N1
一心,N1
七海,N1
万一,N1
三日月,N1
下手くそ,N1
下級,N1
不意,N1
不透明,N1
丞,N1
両論,N1
並列,N1
並木,N1
中途,N1
乞食,N1
事変,N1
人命,N1
伐採,N1
位置付け,N1
佐伯,N1
佳子,N1
倫,N1
備わっ,N1
光速,N1
入部,N1
八つ,N1
八戸,N1
凌,N1
出先,N1
出掛ける,N1
前衛,N1
割れる,N1
加護,N1
収縮,N1
取り寄せ,N1
取り込ま,N1
受託,N1
口頭,N1
古参,N1
右折,N1
君臨,N1
唾液,N1
喘息,N1
嘆き,N1
埋め立て,N1
堪え,N1
奥田,N1
安物,N1
定型,N1
宮沢,N1
少尉,N1
山陽,N1
島崎,N1
川柳,N1
工法,N1
市区,N1
年配,N1
年長,N1
廃業,N1
引き受ける,N1
引っ越す,N1
強者,N1
役立ち,N1
後頭部,N1
御免,N1
御礼,N1
恋しい,N1
惣菜,N1
愛嬌,N1
手本,N1
手腕,N1
打ち明け,N1
打点,N1
持ち出す,N1
描画,N1
撮れる,N1
散布,N1
断れ,N1
新大阪,N1
早川,N1
易,N1
書房,N1
有償,N1
服部,N1
木星,N1
杉山,N1
桐谷,N1
検診,N1
武井,N1
歩む,N1
気づけ,N1
浅く,N1
淡路,N1
減額,N1
漬物,N1
潮吹き,N1
激化,N1
灼熱,N1
点滅,N1
片側,N1
独創,N1
玄米,N1
現世,N1
球体,N1
異国,N1
病原,N1
目次,N1
知見,N1
砕け,N1
突く,N1
突起,N1
竹下,N1
笠,N1
簿記,N1
純愛,N1
練り,N1
罰則,N1
美しき,N1
肉屋,N1
胡椒,N1
自滅,N1
自炊,N1
良品,N1
萎える,N1
虚,N1
被せ,N1
被弾,N1
見なさ,N1
覚まし,N1
親近,N1
評,N1
試行錯誤,N1
誇張,N1
誉め,N1
語れ,N1
議事堂,N1
責務,N1
貸出,N1
資,N1
賑わっ,N1
軟式,N1
転校,N1
農産物,N1
近かっ,N1
退け,N1
退会,N1
退却,N1
送検,N1
逆らう,N1
通達,N1
遡っ,N1
都営,N1
配り,N1
酷かっ,N1
錯誤,N1
長め,N1
長袖,N1
附属,N1
集英社,N1
靖国神社,N1
預ける,N1
頭上,N1
頭文字,N1
飲み屋,N1
館内,N1
駆け引き,N1
高円寺,N1
麗子,N1
黎明,N1
around,N1
ce,N1
disc,N1
express,N1
fly,N1
idol,N1
kt,N1
louis,N1
nation,N1
orange,N1
pg,N1
records,N1
seo,N1
town,N1
translated,N1
wonder,N1
あじ,N1
えら,N1
えらく,N1
おさえ,N1
おぼえ,N1
おろか,N1
お買い得,N1
がかり,N1
きらり,N1
たどる,N1
たんす,N1
つこ,N1
てい,N1
ならば,N1
なんらかの,N1
ぬけ,N1
はつ,N1
はやり,N1
ぱっと,N1
ふき,N1
ふざける,N1
まぶた,N1
みなとみらい,N1
むこ,N1
アベノミクス,N1
イースター,N1
カルテ,N1
カレッジ,N1
キチン,N1
キャンドル,N1
グ,N1
グラブ,N1
グリー,N1
グロス,N1
コスモ,N1
コスモス,N1
ザーメン,N1
ジュリアン,N1
スターリング,N1
タチ,N1
タナ,N1
ダウ,N1
ツヤ,N1
テンプ,N1
デジ,N1
デフォルメ,N1
ノエル,N1
パイオニア,N1
パンティー,N1
ファックス,N1
フツー,N1
ブランコ,N1
プラモデル,N1
プリ,N1
ホコリ,N1
ボーリング,N1
マグニチュード,N1
マルタ,N1
ミイラ,N1
ミニチュア,N1
メルセデス,N1
ラッパー,N1
ラッピング,N1
リチウム,N1
万歳,N1
下山,N1
中指,N1
久し振り,N1
乾く,N1
京阪,N1
今泉,N1
仔,N1
他所,N1
伏線,N1
低速,N1
保養,N1
個数,N1
兆し,N1
先導,N1
光沢,N1
入れろ,N1
公民館,N1
其の,N1
前代未聞,N1
剥がし,N1
励み,N1
南口,N1
取り入れる,N1
台東,N1
同席,N1
呟い,N1
和牛,N1
営む,N1
大社,N1
天皇陛下,N1
契機,N1
守れる,N1
寄せる,N1
密閉,N1
富田,N1
寺田,N1
対向,N1
尖っ,N1
居ら,N1
山羊,N1
嶋,N1
左下,N1
引きずり,N1
引ける,N1
待ち受け,N1
志摩,N1
悪性,N1
愛らしい,N1
成就,N1
手がかり,N1
手榴弾,N1
打てる,N1
挿絵,N1
採決,N1
探せる,N1
推計,N1
掴ま,N1
敵意,N1
断固,N1
於,N1
明細,N1
最年少,N1
本塁打,N1
本木,N1
柳田,N1
根絶,N1
桶,N1
梱包,N1
榎本,N1
欠損,N1
武道館,N1
歩ける,N1
水位,N1
決,N1
決めろ,N1
法務省,N1
注力,N1
洋一,N1
洗,N1
浄水,N1
混在,N1
済ませる,N1
滑る,N1
潜り,N1
炭鉱,N1
無念,N1
熱烈,N1
爆死,N1
特区,N1
現在地,N1
生まれつき,N1
疲弊,N1
発声,N1
白書,N1
白雪姫,N1
百田,N1
盛況,N1
直下,N1
真司,N1
福原,N1
秦,N1
秩父,N1
称さ,N1
稲妻,N1
立ち読み,N1
等々,N1
組成,N1
結びつけ,N1
絶縁,N1
置換,N1
美形,N1
聴ける,N1
肥大,N1
胸部,N1
能登,N1
自家製,N1
自尊心,N1
花屋,N1
茶碗,N1
荒い,N1
荷重,N1
菊地,N1
萬,N1
薄め,N1
行き先,N1
西山,N1
議事,N1
踏み込ん,N1
躍動,N1
近江,N1
遠出,N1
遠足,N1
那須,N1
部落,N1
鍵盤,N1
開口,N1
院内,N1
陰毛,N1
頻発,N1
風力,N1
飛び出す,N1
飯塚,N1
駄菓子,N1
駆ら,N1
af,N1
bang,N1
basic,N1
drive,N1
fp,N1
index,N1
joy,N1
jun,N1
message,N1
money,N1
ruby,N1
rv,N1
search,N1
server,N1
small,N1
sos,N1
spa,N1
te,N1
test,N1
things,N1
ur,N1
あぶ,N1
うれし,N1
おおむね,N1
おもしろく,N1
かけ離れ,N1
かなえ,N1
きし,N1
くしゃみ,N1
くっきり,N1
くるくる,N1
こね,N1
ごちそう,N1
しぐさ,N1
しずく,N1
じつは,N1
たいして,N1
たたき,N1
たった今,N1
たのむ,N1
ためし,N1
とどまる,N1
なこ,N1
なっちゃん,N1
なんにも,N1
のぞい,N1
のる,N1
まくら,N1
まんじゅう,N1
みりん,N1
むっちゃ,N1
めったに,N1
めでたい,N1
もめ,N1
ゆけ,N1
アベンジャーズ,N1
イタチ,N1
カルピス,N1
クリティカル,N1
クレヨンしんちゃん,N1
クローズ,N1
ケリ,N1
コンペ,N1
シンポジウム,N1
ジャスト,N1
ジュエリー,N1
スジ,N1
ゾロ,N1
ダグラス,N1
ドスケベ,N1
ドロドロ,N1
ナイジェリア,N1
ハハハ,N1
ハント,N1
バッティング,N1
バリアフリー,N1
パレス,N1
ヒカリ,N1
フィーバー,N1
フラフラ,N1
ペンダント,N1
ポートランド,N1
マーメイド,N1
ユナイテッド,N1
ラオス,N1
ランディ,N1
ロジャー,N1
ロバ,N1
一文,N1
下ろす,N1
不振,N1
中津,N1
久保田,N1
乳酸菌,N1
事故死,N1
京橋,N1
人造,N1
今宵,N1
仰っ,N1
仰る,N1
体現,N1
何時,N1
余りに,N1
余る,N1
信濃,N1
働かせ,N1
党内,N1
公害,N1
兼ね備え,N1
兼用,N1
内藤,N1
内陸,N1
切り札,N1
刈り,N1
別居,N1
刻み,N1
前もって,N1
割高,N1
創出,N1
北極,N1
升,N1
厚み,N1
原動力,N1
収まら,N1
取り込む,N1
受領,N1
可憐,N1
吉井,N1
吉原,N1
同好,N1
吐き出し,N1
喜劇,N1
圧巻,N1
地方自治体,N1
地表,N1
塗料,N1
境地,N1
声援,N1
売店,N1
大々的,N1
大崎,N1
大石,N1
大祭,N1
天秤,N1
奈緒,N1
娼婦,N1
安井,N1
安芸,N1
家中,N1
寄り道,N1
富ん,N1
小中,N1
履か,N1
平ら,N1
弊害,N1
強豪,N1
当の,N1
忌,N1
志穂,N1
怒涛,N1
悪名,N1
憶え,N1
抜擢,N1
拭き,N1
振り付け,N1
撤収,N1
攻防,N1
文京,N1
旦,N1
旨味,N1
早苗,N1
春菜,N1
晴れる,N1
暗黙,N1
暴落,N1
有り難い,N1
有様,N1
朋美,N1
朝飯,N1
木々,N1
杏奈,N1
材質,N1
来客,N1
梁,N1
検挙,N1
様子見,N1
様相,N1
欲情,N1
毀損,N1
比喩,N1
水原,N1
水彩,N1
注釈,N1
活力,N1
活気,N1
浜辺,N1
消息,N1
深める,N1
清浄,N1
滑稽,N1
激励,N1
無茶苦茶,N1
焦ら,N1
牧,N1
牧野,N1
牽制,N1
生きろ,N1
産卵,N1
疑わしい,N1
登壇,N1
白血病,N1
目指せ,N1
直視,N1
真下,N1
秋冬,N1
秋月,N1
究明,N1
窮屈,N1
竜王,N1
節目,N1
範疇,N1
築き,N1
細野,N1
緩め,N1
繰り広げる,N1
羽田空港,N1
背番号,N1
膳,N1
自室,N1
自虐,N1
花子,N1
苦言,N1
萩原,N1
葛,N1
虚無,N1
裕子,N1
見届け,N1
見返し,N1
解ける,N1
調書,N1
赤旗,N1
起点,N1
越谷,N1
趣,N1
趣向,N1
踊れ,N1
返,N1
追い詰める,N1
退位,N1
逃げ出す,N1
運河,N1
里子,N1
重心,N1
金賞,N1
風速,N1
飢餓,N1
鳥栖,N1
鶴見,N1
artist,N1
aw,N1
does,N1
du,N1
john,N1
limited,N1
mark,N1
memory,N1
michael,N1
miss,N1
mother,N1
network,N1
rain,N1
sakura,N1
street,N1
together,N1
tvcm,N1
winter,N1
wow,N1
wwwwwww,N1
xxx,N1
いってん,N1
うける,N1
うわさ,N1
おごっ,N1
お寺,N1
お決まり,N1
くびれ,N1
しこ,N1
しずか,N1
しわ,N1
じいちゃん,N1
すれ違い,N1
すれ違う,N1
せんべい,N1
そろえ,N1
たどっ,N1
だそ,N1
つかい,N1
つらく,N1
なんぼ,N1
ぬき,N1
ひよこ,N1
ぴあ,N1
ふか,N1
ふんわり,N1
ぼちぼち,N1
まとっ,N1
ょう,N1
よせ,N1
アボカド,N1
アメフト,N1
アロン,N1
イモ,N1
インコ,N1
インスタグラム,N1
エグ,N1
オリバー,N1
オンナ,N1
カンザス,N1
キュウリ,N1
クンニ,N1
ゲ,N1
サンケイ,N1
シャーロック,N1
スターター,N1
タヌキ,N1
タマゴ,N1
ダイス,N1
ダクト,N1
チェルシー,N1
トリー,N1
ドラッグストア,N1
ナンシー,N1
ハイボール,N1
ヒビ,N1
ヒューズ,N1
フォワード,N1
ブラザー,N1
プロトタイプ,N1
プロパガンダ,N1
ヘッダー,N1
ポッター,N1
マトリックス,N1
モカ,N1
モデリング,N1
ユタ,N1
リハビリテーション,N1
リブ,N1
リーディング,N1
リール,N1
ルース,N1
レスポンス,N1
レミ,N1
ロケーション,N1
一口,N1
一月,N1
三陸,N1
下回る,N1
不妊,N1
中高,N1
中高年,N1
丸め,N1
丸亀,N1
乗り越える,N1
乗り遅れ,N1
人情,N1
人文,N1
代官山,N1
任せろ,N1
伝道,N1
佐世保,N1
余命,N1
余談,N1
余韻,N1
作為,N1
便宜,N1
全う,N1
公爵,N1
共済,N1
分かち,N1
副官,N1
加計,N1
勲,N1
千歳,N1
収拾,N1
取り決め,N1
取り立て,N1
古着,N1
叫ば,N1
同い年,N1
名護,N1
向かわ,N1
否認,N1
吹っ飛ば,N1
呼び出す,N1
図面,N1
地質,N1
均等,N1
垂らし,N1
堪ら,N1
塗ら,N1
大判,N1
大江戸,N1
大相撲,N1
大空,N1
安静,N1
寝坊,N1
小中学生,N1
小平,N1
小惑星,N1
小道具,N1
少子,N1
少子化,N1
差分,N1
巳,N1
帖,N1
常温,N1
平沢,N1
座ら,N1
座布団,N1
建つ,N1
役立た,N1
役立っ,N1
彼女ら,N1
待たさ,N1
必勝,N1
忍び,N1
怪し,N1
怪奇,N1
恋しく,N1
悪し,N1
情け,N1
想っ,N1
戯,N1
戸惑っ,N1
手頃,N1
折りたたみ,N1
押し出し,N1
押収,N1
持ち歩く,N1
挙がっ,N1
挿し,N1
掛け声,N1
損なわ,N1
搾り,N1
文面,N1
新春,N1
日の丸,N1
日給,N1
旭日,N1
明かり,N1
替える,N1
最愛,N1
月日,N1
朝ドラ,N1
本町,N1
来れる,N1
松浦,N1
桐生,N1
森本,N1
此,N1
武者,N1
死角,N1
気まま,N1
汽車,N1
注ぎ,N1
活字,N1
流体,N1
流血,N1
浅井,N1
浴びせ,N1
溶岩,N1
潜む,N1
無法,N1
煽ら,N1
爬虫類,N1
献血,N1
生クリーム,N1
由紀夫,N1
直球,N1
直進,N1
真琴,N1
眼球,N1
硫黄,N1
祖,N1
神さま,N1
移さ,N1
稼が,N1
立ち上がり,N1
紀元前,N1
納入,N1
結社,N1
絢,N1
継,N1
線量,N1
締切,N1
美学,N1
美里,N1
美香,N1
群衆,N1
背負う,N1
膨らま,N1
色白,N1
英単語,N1
落胆,N1
衣類,N1
裏返し,N1
裸足,N1
覇,N1
見逃さ,N1
討ち,N1
詰まり,N1
論破,N1
謝れ,N1
財閥,N1
貧乏人,N1
貯める,N1
賛美,N1
賢治,N1
起床,N1
身動き,N1
迷走,N1
逃げろ,N1
酸味,N1
鎌,N1
間に合い,N1
間違わ,N1
防ぎ,N1
集う,N1
集大成,N1
離党,N1
難病,N1
難聴,N1
難関,N1
青梅,N1
面影,N1
驚かさ,N1
高卒,N1
高島,N1
鳴い,N1
akira,N1
amd,N1
babymetal,N1
brown,N1
disney,N1
dp,N1
gpu,N1
heaven,N1
hkt,N1
hotel,N1
jin,N1
jst,N1
kc,N1
ld,N1
ltd,N1
mbs,N1
pu,N1
remix,N1
rss,N1
secret,N1
source,N1
standard,N1
stars,N1
tf,N1
vtr,N1
●),N1
いが,N1
いみ,N1
いむ,N1
おける,N1
お供,N1
お正月,N1
かげ,N1
かしこ,N1
かぶり,N1
がんばろ,N1
きっぷ,N1
こんど,N1
だるま,N1
つなげる,N1
ねだり,N1
のき,N1
はしご,N1
ひこ,N1
ひだ,N1
むい,N1
めざまし,N1
るり,N1
アスファルト,N1
エクササイズ,N1
カツラ,N1
ガラガラ,N1
ゲームセンター,N1
コンゴ,N1
ゴシップ,N1
サイコ,N1
サラッ,N1
シャネル,N1
ストリップ,N1
スヌーピー,N1
スライダー,N1
スーパースター,N1
ズーム,N1
ターミネーター,N1
ダントツ,N1
チノ,N1
チョット,N1
トイレットペーパー,N1
トラクター,N1
ドッキリ,N1
ネバダ,N1
ハチミツ,N1
ハルク,N1
バタフライ,N1
バッチ,N1
バルコニー,N1
パルコ,N1
パレット,N1
パーキング,N1
ヒョウ,N1
ビルド,N1
ファミリーマート,N1
フェロモン,N1
フュージョン,N1
フランチャイズ,N1
ブルーベリー,N1
ブロードウェイ,N1
プロフ,N1
プロファイル,N1
ベ,N1
ボア,N1
ポテチ,N1
マツ,N1
マネキン,N1
ミラ,N1
メアド,N1
メッセ,N1
モヤ,N1
モンロー,N1
ヤー,N1
リラ,N1
一文字,N1
三角形,N1
上官,N1
下宿,N1
下方,N1
交信,N1
京都大,N1
仕上がっ,N1
付随,N1
住友,N1
住職,N1
体裁,N1
依然,N1
俗,N1
値上がり,N1
優待,N1
元町,N1
全勝,N1
公判,N1
共鳴,N1
円滑,N1
凝縮,N1
出だし,N1
出遅れ,N1
切り捨て,N1
刑罰,N1
助っ人,N1
効能,N1
半月,N1
卸,N1
原産,N1
取り付ける,N1
取り外し,N1
右派,N1
同年代,N1
名鉄,N1
吹け,N1
呪術,N1
命じる,N1
品物,N1
問屋,N1
囲ん,N1
在る,N1
基幹,N1
堕,N1
塗,N1
大介,N1
天文学,N1
孫悟空,N1
宅地,N1
安堵,N1
寝不足,N1
届け出,N1
常設,N1
平方メートル,N1
府警,N1
延べ,N1
引き起こさ,N1
強敵,N1
後続,N1
快く,N1
快挙,N1
悔い,N1
憎ん,N1
成り立た,N1
打ち込ん,N1
振れ,N1
振付,N1
挿,N1
捕え,N1
揉ま,N1
撮ろ,N1
操っ,N1
操ら,N1
支,N1
支那,N1
文体,N1
斬る,N1
於い,N1
明治維新,N1
最上階,N1
望め,N1
松江,N1
松野,N1
栗原,N1
校内,N1
極める,N1
欠い,N1
歌える,N1
気が付か,N1
気持ちよかっ,N1
水樹,N1
水質,N1
浣腸,N1
浸かっ,N1
温かく,N1
港湾,N1
湿っ,N1
潜,N1
無くす,N1
無礼,N1
煙突,N1
熱血,N1
片桐,N1
物産,N1
物販,N1
独学,N1
献金,N1
環状,N1
生かさ,N1
生育,N1
用法,N1
病状,N1
発案,N1
皇后,N1
皐月,N1
盛り込ま,N1
真冬,N1
眼差し,N1
短所,N1
石破,N1
研磨,N1
称え,N1
税務,N1
立て直し,N1
米ドル,N1
精算,N1
糾弾,N1
素早い,N1
緊縛,N1
腐る,N1
腐食,N1
臨ん,N1
薬用,N1
蛾,N1
裏腹,N1
見せろ,N1
見据え,N1
見込ま,N1
親愛,N1
解か,N1
言い回し,N1
試算,N1
試聴,N1
誤魔化し,N1
説い,N1
諭吉,N1
謳っ,N1
負え,N1
貯まっ,N1
賭ける,N1
身代わり,N1
車掌,N1
転居,N1
輪郭,N1
辛口,N1
近づか,N1
逆らえ,N1
配ら,N1
野良猫,N1
金星,N1
釣ら,N1
鉄拳,N1
鍛冶,N1
鎮圧,N1
閉塞,N1
闘っ,N1
難解,N1
電報,N1
電極,N1
霜,N1
非常勤,N1
非道,N1
音痴,N1
音頭,N1
食費,N1
魔神,N1
asia,N1
cod,N1
crazy,N1
event,N1
fight,N1
gx,N1
hit,N1
honey,N1
hulu,N1
khz,N1
kill,N1
korea,N1
lb,N1
player,N1
rf,N1
sfc,N1
skype,N1
state,N1
tc,N1
tell,N1
track,N1
wild,N1
π,N1
あいにく,N1
いそ,N1
おしい,N1
お喋り,N1
お早う,N1
お許し,N1
かしこまり,N1
かなしい,N1
かろうじて,N1
かわっ,N1
くつ,N1
こけ,N1
ごきげんよう,N1
しし,N1
じじい,N1
そく,N1
どろ,N1
なんせ,N1
はいり,N1
ほうれん草,N1
ほろ,N1
まこと,N1
みほ,N1
むね,N1
もどき,N1
やっつけ,N1
ょん,N1
よば,N1
アキラ,N1
アドリブ,N1
アプデ,N1
イノシシ,N1
ウンザリ,N1
オズ,N1
カウ,N1
カーディガン,N1
キリスト教徒,N1
クォーター,N1
クローズアップ,N1
コンテ,N1
コンディション,N1
ゴア,N1
サファイア,N1
サボテン,N1
ジャイアン,N1
ジャッジ,N1
スタンバイ,N1
スチーム,N1
スッ,N1
ステルス,N1
スパン,N1
セダン,N1
セッティング,N1
タネ,N1
テナント,N1
ディラン,N1
デュエット,N1
デリケート,N1
デリバリー,N1
バイパス,N1
バズーカ,N1
バール,N1
ビリ,N1
ビンビン,N1
ピンポン,N1
フィッシャー,N1
フェミニスト,N1
ベーシック,N1
ボ,N1
ボウリング,N1
マイナビ,N1
マチ,N1
マディソン,N1
マルクス,N1
ミナミ,N1
ムーミン,N1
ラウ,N1
リコ,N1
ルンバ,N1
ローテーション,N1
ローマ字,N1
ワカメ,N1
ワックス,N1
一気,N1
両替,N1
乗り換える,N1
五郎,N1
京成,N1
仰天,N1
伝導,N1
信玄,N1
傍ら,N1
内村,N1
冥福,N1
凧,N1
分量,N1
別冊,N1
利く,N1
力強く,N1
動き出す,N1
包帯,N1
区民,N1
医薬,N1
千鳥,N1
占,N1
即刻,N1
及,N1
受かっ,N1
受け継ぐ,N1
口元,N1
同化,N1
名残,N1
和服,N1
品目,N1
喰わ,N1
嗅い,N1
国技,N1
大奥,N1
大福,N1
天海,N1
宜しい,N1
寧,N1
対外,N1
小さかっ,N1
平然と,N1
床下,N1
廻り,N1
引っ,N1
引っかかる,N1
強まっ,N1
当たれ,N1
彩色,N1
影山,N1
微笑ん,N1
性感,N1
性病,N1
恐喝,N1
想い出,N1
憑かれ,N1
打率,N1
拾わ,N1
持て余し,N1
挑み,N1
搬入,N1
放り,N1
旅立ち,N1
旗艦,N1
日に日に,N1
日本ハム,N1
晩餐,N1
晴天,N1
曇っ,N1
書記,N1
書評,N1
月光,N1
月面,N1
有識者,N1
本校,N1
杉本,N1
枚方,N1
欅,N1
気持ち良,N1
永続,N1
浮き,N1
浮く,N1
消えろ,N1
深呼吸,N1
湯浅,N1
漏らす,N1
澄,N1
灰皿,N1
照らす,N1
現像,N1
生きがい,N1
田代,N1
男前,N1
異種,N1
直通,N1
研修生,N1
破局,N1
硬式,N1
筆記,N1
粥,N1
糖分,N1
絨毯,N1
緩い,N1
縞,N1
織物,N1
美紀,N1
翁,N1
船内,N1
芽生え,N1
茄子,N1
茅野,N1
草案,N1
蝉,N1
被験者,N1
袴,N1
西欧,N1
親和,N1
読み書き,N1
譜,N1
貰わ,N1
貸し出し,N1
踏襲,N1
車いす,N1
転校生,N1
転覆,N1
載る,N1
逆さ,N1
造船,N1
遺憾,N1
酵母,N1
金城,N1
錦織,N1
長身,N1
雄一,N1
風情,N1
食中毒,N1
香織,N1
高貴,N1
鮫,N1
龍之介,N1
card,N1
cas,N1
children,N1
far,N1
isbn,N1
lady,N1
lt,N1
once,N1
peace,N1
tonight,N1
tp,N1
yellow,N1
θ,N1
ι,N1
あさひ,N1
あらわれ,N1
ありがたく,N1
うらやま,N1
えーっと,N1
おかあさん,N1
おす,N1
かなた,N1
かゆい,N1
こだま,N1
さおり,N1
さけ,N1
さっと,N1
さらし,N1
すぎん,N1
ずら,N1
ずり,N1
ちなみ,N1
つぐ,N1
つづく,N1
でか,N1
はじ,N1
まこ,N1
めざし,N1
よろ,N1
アワード,N1
インストラクター,N1
ウィズ,N1
エックス,N1
エルサレム,N1
オレゴン,N1
カリキュラム,N1
ガールフレンド,N1
クオリティー,N1
ケタ,N1
シナモン,N1
シャム,N1
シャロン,N1
ショコラ,N1
シンク,N1
ジュール,N1
ジョブ,N1
スイート,N1
スチュアート,N1
ステファン,N1
ストライプ,N1
ストリーミング,N1
ストロベリー,N1
スナイパー,N1
スリッパ,N1
セキュリティー,N1
ソール,N1
タマネギ,N1
ダジャレ,N1
トレース,N1
ナカ,N1
ナリ,N1
ニッコリ,N1
バイエルン,N1
バーコード,N1
ビクビク,N1
フィラデルフィア,N1
フォルム,N1
フグ,N1
フフ,N1
ブルガリア,N1
プロット,N1
ペッパー,N1
ペリー,N1
ホラ,N1
ボラ,N1
ボンボン,N1
ポイ,N1
マトモ,N1
ミカン,N1
ミシン,N1
ミュージックビデオ,N1
リエ,N1
リサイタル,N1
レポーター,N1
ロキ,N1
ロックバンド,N1
ロリータ,N1
ワイヤレス,N1
一石二鳥,N1
三菱電機,N1
上げろ,N1
不死,N1
与,N1
世に,N1
中流,N1
享受,N1
仙人,N1
会費,N1
伴奏,N1
信奉,N1
先ほど,N1
先取り,N1
先送り,N1
先駆,N1
免責,N1
入り込む,N1
公職,N1
具現,N1
冷やす,N1
分厚い,N1
初出,N1
前年度,N1
創る,N1
北緯,N1
十字軍,N1
南方,N1
厳禁,N1
取り替え,N1
受診,N1
召集,N1
史料,N1
叶っ,N1
吹か,N1
回生,N1
在留,N1
埋め込ま,N1
壷,N1
夜叉,N1
大関,N1
太ら,N1
太朗,N1
安らか,N1
完封,N1
定か,N1
実技,N1
宮川,N1
寂しかっ,N1
寒冷,N1
射出,N1
小児科,N1
山奥,N1
巌,N1
左折,N1
市原,N1
師範,N1
平原,N1
幻影,N1
幾何,N1
廉価,N1
建て替え,N1
引き継が,N1
弘前,N1
彼岸,N1
従者,N1
怠っ,N1
想起,N1
慰霊,N1
成瀬,N1
戦利,N1
戻れる,N1
戻ろ,N1
折り合い,N1
拭く,N1
振る舞う,N1
捕,N1
捕まら,N1
捕手,N1
捻出,N1
揚げ物,N1
摘発,N1
放ち,N1
放流,N1
敏,N1
文房具,N1
斬首,N1
日本武道館,N1
早乙女,N1
春香,N1
時報,N1
替,N1
朝刊,N1
未明,N1
末尾,N1
松屋,N1
板野,N1
枯渇,N1
梅干し,N1
横行,N1
段差,N1
河原,N1
油圧,N1
流儀,N1
減税,N1
漱石,N1
災難,N1
点在,N1
烏丸,N1
燕,N1
特選,N1
生まれ変わり,N1
画策,N1
画素,N1
発泡,N1
百姓,N1
着々,N1
着衣,N1
石巻,N1
祇園,N1
神保,N1
神輿,N1
秘話,N1
空席,N1
竜也,N1
築き上げ,N1
細分,N1
組長,N1
絵図,N1
続投,N1
聞き取り,N1
聞き取れ,N1
聴衆,N1
脂肪酸,N1
臨場,N1
良識,N1
董,N1
蒙,N1
蘇っ,N1
街角,N1
裁か,N1
見栄え,N1
見送っ,N1
言い聞かせ,N1
誓約,N1
買い手,N1
走り回っ,N1
身の回り,N1
軽率,N1
轢か,N1
追い込む,N1
退避,N1
造語,N1
連ね,N1
遊具,N1
適格,N1
都議会,N1
重たい,N1
重なり,N1
野崎,N1
金山,N1
金玉,N1
鈍感,N1
鋭く,N1
鎮痛,N1
長谷部,N1
電卓,N1
電柱,N1
面識,N1
頑,N1
飛び込む,N1
飼わ,N1
髄,N1
高所,N1
高裁,N1
鳥肌,N1
黙る,N1
adobe,N1
article,N1
being,N1
bi,N1
brand,N1
close,N1
cross,N1
drop,N1
expo,N1
gg,N1
glay,N1
hmv,N1
ht,N1
law,N1
macbook,N1
main,N1
ni,N1
oo,N1
pass,N1
po,N1
record,N1
rr,N1
sale,N1
sing,N1
train,N1
tx,N1
week,N1
ws,N1
yu,N1
あこがれ,N1
ありとあらゆる,N1
うーむ,N1
おこなわ,N1
か国,N1
ぐう,N1
けしからん,N1
けり,N1
ご無沙汰,N1
さとう,N1
しの,N1
しのぶ,N1
すぐさま,N1
すり抜け,N1
たかい,N1
たちまち,N1
つくれ,N1
つづき,N1
なかよし,N1
ぬい,N1
のぼっ,N1
ぱく,N1
ぽく,N1
まいっ,N1
まつげ,N1
みなす,N1
むくみ,N1
むちゃくちゃ,N1
もろもろ,N1
やかん,N1
よき,N1
アグネス,N1
アシ,N1
アベ,N1
アンソロジー,N1
アーモンド,N1
イヤー,N1
インターフェース,N1
ウーマン,N1
エクスプレス,N1
カイジ,N1
カミングアウト,N1
キヤノン,N1
クソワロタ,N1
クラウス,N1
グダグダ,N1
コットン,N1
コンプ,N1
サイクリング,N1
サンゴ,N1
ジュリー,N1
ジューシー,N1
スタンフォード,N1
スライス,N1
ズラ,N1
チカラ,N1
チッ,N1
チャイム,N1
トルク,N1
ナプキン,N1
ニンジャ,N1
ニー,N1
ハイウェイ,N1
ハイスクール,N1
ハイビジョン,N1
バイブル,N1
バレル,N1
フランキー,N1
ブルゾン,N1
ペルシャ,N1
ホリデー,N1
ポータル,N1
ポーラ,N1
マサチューセッツ,N1
ミキ,N1
ミシガン,N1
メグ,N1
モスク,N1
ヤッ,N1
ライフスタイル,N1
リビア,N1
レトルト,N1
レプリカ,N1
ローター,N1
ワイワイ,N1
一体化,N1
一等,N1
一足,N1
下敷き,N1
不意打ち,N1
世にも,N1
中元,N1
丹波,N1
企て,N1
伊勢丹,N1
信憑,N1
傷跡,N1
傾き,N1
初年度,N1
利己,N1
前列,N1
前身,N1
割り切っ,N1
効き目,N1
勤める,N1
化物,N1
千秋楽,N1
南蛮,N1
卜,N1
占有,N1
取り締まり,N1
受動,N1
叩け,N1
台車,N1
司教,N1
吸い込ま,N1
命がけ,N1
嘆く,N1
噴水,N1
図形,N1
埠頭,N1
変速,N1
多けれ,N1
天文,N1
失速,N1
婆さん,N1
宿舎,N1
専任,N1
専門医,N1
小澤,N1
小豆,N1
小野寺,N1
局所,N1
居合わせ,N1
左腕,N1
巨匠,N1
差し入れ,N1
巻頭,N1
幕張メッセ,N1
年越し,N1
座敷,N1
強靭,N1
弾頭,N1
後ほど,N1
御飯,N1
惜し,N1
懺悔,N1
成っ,N1
手当て,N1
払拭,N1
扱え,N1
持ちかけ,N1
撃て,N1
改築,N1
放た,N1
断絶,N1
日吉,N1
日課,N1
早見,N1
昇華,N1
明瞭,N1
晩年,N1
暑かっ,N1
曜,N1
木更津,N1
未練,N1
村長,N1
来訪,N1
柚子,N1
根幹,N1
橙,N1
死す,N1
殺せる,N1
殺虫,N1
気取っ,N1
永住,N1
汗だく,N1
波紋,N1
洗え,N1
消しゴム,N1
消そ,N1
深み,N1
温存,N1
滅,N1
炊い,N1
照会,N1
父ちゃん,N1
生き生き,N1
生身,N1
産婦人科,N1
疎通,N1
県議,N1
真性,N1
矢先,N1
矢口,N1
短大,N1
短気,N1
示談,N1
秀明,N1
種付け,N1
積ま,N1
空洞,N1
突き止め,N1
競売,N1
細身,N1
絞る,N1
絶た,N1
繁盛,N1
繋げる,N1
美男,N1
習う,N1
肩こり,N1
背骨,N1
脂質,N1
腑,N1
自費,N1
萎縮,N1
裏表,N1
製菓,N1
覇権,N1
見込ん,N1
試着,N1
話者,N1
謙,N1
議題,N1
貰お,N1
赤ワイン,N1
足音,N1
跳び,N1
軒並み,N1
農林,N1
込める,N1
週刊文春,N1
違わ,N1
邦画,N1
都立,N1
金田,N1
銀色,N1
陰茎,N1
陶芸,N1
隣り,N1
頭蓋骨,N1
頼もしい,N1
食後,N1
駐在,N1
駐留,N1
騒がせ,N1
高台,N1
鰻,N1
麒麟,N1
麓,N1
💰,N1
arm,N1
cnn,N1
cover,N1
dq,N1
extra,N1
global,N1
hdmi,N1
hell,N1
hl,N1
honda,N1
ioc,N1
min,N1
mri,N1
prime,N1
release,N1
round,N1
sir,N1
ten,N1
tw,N1
ultimate,N1
あいまい,N1
あんこ,N1
おかしかっ,N1
おだ,N1
お釣り,N1
かぶれ,N1
さぞ,N1
さみしい,N1
しげ,N1
しだい,N1
しょうゆ,N1
だま,N1
だるい,N1
ちらほら,N1
つみ,N1
どっぷり,N1
ねじれ,N1
ひま,N1
まなみ,N1
まりあ,N1
まろ,N1
もやもや,N1
よみ,N1
アザラシ,N1
アタリ,N1
アライグマ,N1
イコール,N1
イジ,N1
イム,N1
インスピレーション,N1
インディー,N1
ウォーレン,N1
ウンチ,N1
エキスパート,N1
カタ,N1
カリカリ,N1
カンニング,N1
キャンバス,N1
ギル,N1
クトゥルフ,N1
コアラ,N1
コンス,N1
コールド,N1
シュッ,N1
シーザー,N1
ジョブズ,N1
ジンジャー,N1
スイ,N1
スクラップ,N1
スポーツカー,N1
セレモニー,N1
ソフトボール,N1
ダート,N1
チョイ,N1
チームメイト,N1
ディ,N1
デフレ,N1
トウ,N1
ノット,N1
ノンフィクション,N1
ハリケーン,N1
バウンド,N1
バンパー,N1
バーツ,N1
ヒレ,N1
ピクセル,N1
ファル,N1
ヘラクレス,N1
ポニーテール,N1
マイニング,N1
マジメ,N1
ミクロ,N1
ミリタリー,N1
メッセンジャー,N1
ユ,N1
ユイ,N1
ラベンダー,N1
リタイア,N1
リッター,N1
レッツ,N1
ワラ,N1
一揆,N1
一昔,N1
三越,N1
上書き,N1
下回っ,N1
予,N1
仕打ち,N1
他界,N1
伊集院,N1
休戦,N1
住吉,N1
佐渡,N1
修業,N1
値し,N1
偏,N1
健闘,N1
偽名,N1
傀儡,N1
先入観,N1
出前,N1
出土,N1
分譲,N1
刹那,N1
則っ,N1
同月,N1
同業,N1
名産,N1
和式,N1
咎め,N1
善人,N1
喜ばしい,N1
固める,N1
国分寺,N1
地価,N1
坊さん,N1
執念,N1
壇,N1
売り物,N1
大沢,N1
大船,N1
妨げる,N1
媒介,N1
子持ち,N1
子連れ,N1
孕ま,N1
安楽,N1
安泰,N1
実機,N1
実演,N1
容,N1
対岸,N1
対称,N1
小室,N1
小野田,N1
山々,N1
岩本,N1
巻き添え,N1
年明け,N1
店名,N1
彷徨,N1
必修,N1
思う存分,N1
怠惰,N1
恭,N1
悪天候,N1
愚,N1
戦績,N1
戸惑い,N1
戸惑う,N1
所為,N1
扇動,N1
折り紙,N1
押しつけ,N1
押し付ける,N1
拍車,N1
拓哉,N1
捜し,N1
採集,N1
携行,N1
撃沈,N1
教祖,N1
教職員,N1
敬老,N1
料亭,N1
早口,N1
更かし,N1
書士,N1
末裔,N1
本題,N1
栄養素,N1
根強い,N1
桃色,N1
母性,N1
気まずい,N1
水源,N1
洞察,N1
渡せ,N1
温める,N1
溶かす,N1
溺愛,N1
漁獲,N1
照れ,N1
片っ端,N1
理沙,N1
生まれ変わる,N1
産め,N1
症例,N1
真偽,N1
眩しい,N1
社外,N1
積雪,N1
空き家,N1
童,N1
縫っ,N1
羽毛,N1
肌荒れ,N1
肩書,N1
腫,N1
自由民主党,N1
臭う,N1
舞台裏,N1
舞踊,N1
芥川,N1
苦難,N1
荒れる,N1
菩薩,N1
葡萄,N1
葦,N1
行儀,N1
衣裳,N1
見出す,N1
見分ける,N1
訛り,N1
語句,N1
読み取る,N1
警視,N1
起爆,N1
躾,N1
軍部,N1
輩出,N1
退任,N1
逃げ場,N1
通商,N1
遺,N1
野放し,N1
錠剤,N1
長持ち,N1
隣国,N1
首謀,N1
鳴き,N1
黄昏,N1
army,N1
door,N1
duo,N1
gf,N1
ghq,N1
goo,N1
gyao,N1
iot,N1
land,N1
lr,N1
march,N1
maybe,N1
midi,N1
mine,N1
move,N1
shine,N1
silver,N1
togetter,N1
tube,N1
unity,N1
usj,N1
visual,N1
york,N1
о,N1
♪(,N1
あからさま,N1
おかえりなさい,N1
かくれんぼ,N1
かけがえ,N1
かさん,N1
かせ,N1
きゃ,N1
くも,N1
しばし,N1
だまれ,N1
とてつもなく,N1
なあに,N1
にんじん,N1
ぬる,N1
ねえさん,N1
はさん,N1
ばいいん,N1
ひっくり返し,N1
ほったらかし,N1
むだ,N1
もみじ,N1
やり直す,N1
やわらか,N1
われる,N1
を以て,N1
゙あ,N1
アニメイト,N1
ウエディング,N1
エッ,N1
オシッコ,N1
オマージュ,N1
オーケー,N1
クリーチャー,N1
コーディネーター,N1
ゴリ押し,N1
ゴールデンタイム,N1
サト,N1
サトシ,N1
シモン,N1
スクーター,N1
スマホゲー,N1
スマホゲーム,N1
セフ,N1
ダイニング,N1
ティファニー,N1
テキーラ,N1
テクニカル,N1
デッサン,N1
ノーマン,N1
ハンデ,N1
バルーン,N1
パラシュート,N1
ファシスト,N1
フワフワ,N1
プログラマ,N1
プロセッサ,N1
プンプン,N1
ポピュラー,N1
ポロ,N1
ポータブル,N1
マヌケ,N1
マヨ,N1
ミセス,N1
メロ,N1
ヨー,N1
ラブストーリー,N1
リプレイ,N1
リムジン,N1
ルシファー,N1
レゴ,N1
一品,N1
一眼,N1
一端,N1
下段,N1
不滅,N1
不発,N1
丸々,N1
乃木,N1
乳児,N1
人差し指,N1
人見知り,N1
仕,N1
仕分け,N1
付け根,N1
伊織,N1
会報,N1
供与,N1
保釈,N1
光年,N1
入園,N1
兵役,N1
内山,N1
処遇,N1
出頭,N1
分隊,N1
創始,N1
加速度,N1
劣っ,N1
勾留,N1
同義,N1
喰っ,N1
増やせ,N1
増やそ,N1
売り出し,N1
売場,N1
大村,N1
大笑い,N1
大袈裟,N1
失脚,N1
奨,N1
女将,N1
寄り添っ,N1
寒気,N1
寝起き,N1
小指,N1
小金井,N1
巻き上げ,N1
常々,N1
年次,N1
強欲,N1
心構え,N1
悲しむ,N1
想う,N1
愕然,N1
成形,N1
所々,N1
打球,N1
打開,N1
拘置,N1
持ち上げる,N1
振り向い,N1
捕まり,N1
排他,N1
掘り下げ,N1
探り,N1
攻勢,N1
散見,N1
新旧,N1
