source_id,source_org,source_document,source_date,domain,entry_type,original,original_normalized,yasashii,notes,retain_original,is_negative_example
01,出入国在留管理庁・文化庁,在留支援のためのやさしい日本語ガイドライン 別冊書き換え例,2020,,term,育児休業,育児休業,子どもを育てるために、とることができる休み。,No.1,False,False
01,出入国在留管理庁・文化庁,在留支援のためのやさしい日本語ガイドライン 別冊書き換え例,2020,,term,育児休業給付金,育児休業給付金,育児休業(No.1)をしているあいだに、雇用保険(No.41)からもらうことができるお金。,No.2,False,False
01,出入国在留管理庁・文化庁,在留支援のためのやさしい日本語ガイドライン 別冊書き換え例,2020,,term,遺族基礎年金,遺族基礎年金,国民年金(No.39)に入っていた人が死んだとき、家族が国民年金からもらうことができるお金。,No.3,False,False
01,出入国在留管理庁・文化庁,在留支援のためのやさしい日本語ガイドライン 別冊書き換え例,2020,,term,遺族厚生年金,遺族厚生年金,厚生年金保険(No.35)に入っていた人が死んだとき、家族が厚生年金保険からもらうことができるお金。,No.4,False,False
01,出入国在留管理庁・文化庁,在留支援のためのやさしい日本語ガイドライン 別冊書き換え例,2020,,term,医療保険,医療保険,みんなからお金を集めて、けがや病気で病院に行く人を助ける制度。,No.5,False,False
01,出入国在留管理庁・文化庁,在留支援のためのやさしい日本語ガイドライン 別冊書き換え例,2020,,term,印鑑登録証明書,印鑑登録証明書,あなたの「実印」(No.58)がどれか書いてある紙。住んでいるまちの役所でもらうことができます。,No.6,False,False
01,出入国在留管理庁・文化庁,在留支援のためのやさしい日本語ガイドライン 別冊書き換え例,2020,,term,印鑑登録証,印鑑登録証,住んでいるまちの役所で印鑑登録証明書(No.6)をもらうときに使うもの。「実印」(No.58)を住んでいるまちの役所が認めたときにもらいます。,No.7,False,False
01,出入国在留管理庁・文化庁,在留支援のためのやさしい日本語ガイドライン 別冊書き換え例,2020,,term,オーバーステイ,オーバーステイ,在留期限(No.47)を過ぎても日本にいること。,No.8,False,False
01,出入国在留管理庁・文化庁,在留支援のためのやさしい日本語ガイドライン 別冊書き換え例,2020,,term,大家,大家,家を貸す人。,No.9,False,False
01,出入国在留管理庁・文化庁,在留支援のためのやさしい日本語ガイドライン 別冊書き換え例,2020,,term,介護,介護,年をとったり、特別な病気になったりして、毎日の生活（食べること、お風呂に入ること など）をすることがむずかしい人を手伝うこと。,No.10,False,False
01,出入国在留管理庁・文化庁,在留支援のためのやさしい日本語ガイドライン 別冊書き換え例,2020,,term,介護休業,介護休業,家族の介護(No.10)をするために、とることができる休み。,No.11,False,False
01,出入国在留管理庁・文化庁,在留支援のためのやさしい日本語ガイドライン 別冊書き換え例,2020,,term,介護休業給付金,介護休業給付金,介護休業(No.11)をしているあいだに、雇用保険(No.41)からもらうことができるお金。,No.12,False,False
01,出入国在留管理庁・文化庁,在留支援のためのやさしい日本語ガイドライン 別冊書き換え例,2020,,term,外国人学校,外国人学校,外国人の子どものための学校。それぞれの国の文化や言葉に合わせた学校があります。,No.13,False,False
01,出入国在留管理庁・文化庁,在留支援のためのやさしい日本語ガイドライン 別冊書き換え例,2020,,term,介護保険,介護保険,40歳以上の人からお金を集めて、介護(No.10)が必要になった人を助ける制度。,No.14,False,False
01,出入国在留管理庁・文化庁,在留支援のためのやさしい日本語ガイドライン 別冊書き換え例,2020,,term,回覧板,回覧板,自治会・町内会(No.57)で使う、住んでいるまちの役所などからのお知らせが書いてあるもの。読み終わったら次の人に渡します。,No.15,False,False
01,出入国在留管理庁・文化庁,在留支援のためのやさしい日本語ガイドライン 別冊書き換え例,2020,,term,確定申告,確定申告,会社などの源泉徴収(No.29)や年末調整(No.109)をしない人などの所得税(No.79)の払い方。住んでいるまちの税務署＜＝税金の仕事をする役所＞に書類を出します。,No.16,False,False
01,出入国在留管理庁・文化庁,在留支援のためのやさしい日本語ガイドライン 別冊書き換え例,2020,,term,寡婦年金,寡婦年金,夫が死んだときに、妻が国民年金(No.39)からもらうことができるお金。,No.17,False,False
01,出入国在留管理庁・文化庁,在留支援のためのやさしい日本語ガイドライン 別冊書き換え例,2020,,term,眼科,眼科,目の病気を治す病院。,No.18,False,False
01,出入国在留管理庁・文化庁,在留支援のためのやさしい日本語ガイドライン 別冊書き換え例,2020,,term,管理費（共益費）,管理費,アパートやマンションでみんなが使うものに払うお金。住んでいる人からお金を集めます。,No.19,False,False
01,出入国在留管理庁・文化庁,在留支援のためのやさしい日本語ガイドライン 別冊書き換え例,2020,,term,義務教育学校,義務教育学校,小学校と中学校が一つになった学校。,No.20,False,False
01,出入国在留管理庁・文化庁,在留支援のためのやさしい日本語ガイドライン 別冊書き換え例,2020,,term,救急車,救急車,急な病気の人や、けがをした人を病院に運ぶ車。,No.21,False,False
01,出入国在留管理庁・文化庁,在留支援のためのやさしい日本語ガイドライン 別冊書き換え例,2020,,term,給与所得の源泉徴収票,給与所得の源泉徴収票,会社があなたの１年間の給料や、源泉徴収(No.29)した所得税(No.79)などを書いた紙。,No.22,False,False
01,出入国在留管理庁・文化庁,在留支援のためのやさしい日本語ガイドライン 別冊書き換え例,2020,,term,給与明細,給与明細,会社があなたの毎月の給料や、源泉徴収(No.29)した所得税(No.79)などを書いた紙。,No.23,False,False
01,出入国在留管理庁・文化庁,在留支援のためのやさしい日本語ガイドライン 別冊書き換え例,2020,,term,緊急地震速報,緊急地震速報,強い地震が来る少し前に、テレビやスマートフォンに出るお知らせ。,No.24,False,False
01,出入国在留管理庁・文化庁,在留支援のためのやさしい日本語ガイドライン 別冊書き換え例,2020,,term,ケアマネジャー,ケアマネジャー,介護(No.10)の相談を受けたり、介護のしかたを考える専門の人。,No.25,False,False
01,出入国在留管理庁・文化庁,在留支援のためのやさしい日本語ガイドライン 別冊書き換え例,2020,,term,契約社員,契約社員,いつまで働くか決まっている人。３年以内に契約＜＝会社と働く人の約束＞が終わります。,No.26,False,False
01,出入国在留管理庁・文化庁,在留支援のためのやさしい日本語ガイドライン 別冊書き換え例,2020,,term,外科,外科,けがを治したり、手術をしたりする病院。,No.27,False,False
01,出入国在留管理庁・文化庁,在留支援のためのやさしい日本語ガイドライン 別冊書き換え例,2020,,term,健康保険,健康保険,会社で働いている人が入る医療保険(No.5)。,No.28,False,False
01,出入国在留管理庁・文化庁,在留支援のためのやさしい日本語ガイドライン 別冊書き換え例,2020,,term,源泉徴収,源泉徴収,会社があなたの代わりに所得税(No.79)を国に払うこと。会社があなたの給料から所得税などを引いて払います。,No.29,False,False
01,出入国在留管理庁・文化庁,在留支援のためのやさしい日本語ガイドライン 別冊書き換え例,2020,,term,公営住宅,公営住宅,県や市などが貸す家。,No.30,False,False
01,出入国在留管理庁・文化庁,在留支援のためのやさしい日本語ガイドライン 別冊書き換え例,2020,,term,高額療養費,高額療養費,1か月に病院に払ったお金が多くなったときに戻ってくるお金。,No.31,False,False
01,出入国在留管理庁・文化庁,在留支援のためのやさしい日本語ガイドライン 別冊書き換え例,2020,,term,後期高齢者医療制度,後期高齢者医療制度,75歳以上の人が入る医療保険(No.5)。,No.32,False,False
01,出入国在留管理庁・文化庁,在留支援のためのやさしい日本語ガイドライン 別冊書き換え例,2020,,term,高校生等奨学給付金,高校生等奨学給付金,親の収入が少ない高校生が、教科書や勉強に使う物を買うためにもらうことができるお金。,No.33,False,False
01,出入国在留管理庁・文化庁,在留支援のためのやさしい日本語ガイドライン 別冊書き換え例,2020,,term,（賃貸契約の）更新料,更新料,賃貸契約(No.94)が終わっても、引っ越さないで同じ家に住むときに、家賃以外に払うお金。,No.34,False,False
01,出入国在留管理庁・文化庁,在留支援のためのやさしい日本語ガイドライン 別冊書き換え例,2020,,term,厚生年金保険,厚生年金保険,会社や工場、店などで、決まった時間以上働いていて、69歳までの人が入る年金(NO.106)。,No.35,False,False
01,出入国在留管理庁・文化庁,在留支援のためのやさしい日本語ガイドライン 別冊書き換え例,2020,,term,高等学校卒業程度認定試験,高等学校卒業程度認定試験,日本の高校を卒業していない人が受ける試験。合格したら、大学や専門学校などに入るための試験を受けることができます。,No.36,False,False
01,出入国在留管理庁・文化庁,在留支援のためのやさしい日本語ガイドライン 別冊書き換え例,2020,,term,高等学校等就学支援金,高等学校等就学支援金,あなたの代わりに、国が払う高校の授業料。,No.37,False,False
01,出入国在留管理庁・文化庁,在留支援のためのやさしい日本語ガイドライン 別冊書き換え例,2020,,term,国民健康保険,国民健康保険,会社の健康保険(No.28)などに入っていない人が、自分で入る医療保険(No.5)。,No.38,False,False
01,出入国在留管理庁・文化庁,在留支援のためのやさしい日本語ガイドライン 別冊書き換え例,2020,,term,国民年金,国民年金,20歳から59歳の人が、みんな入る国の年金(No.106)。,No.39,False,False
01,出入国在留管理庁・文化庁,在留支援のためのやさしい日本語ガイドライン 別冊書き換え例,2020,,term,固定資産税,固定資産税,土地や家を持っている人が払う税金(No.82)。,No.40,False,False
01,出入国在留管理庁・文化庁,在留支援のためのやさしい日本語ガイドライン 別冊書き換え例,2020,,term,雇用保険,雇用保険,会社をやめたあと仕事が見つからない人や育児休業(No.1)、介護休業(No.11)をしている人を助ける制度。,No.41,False,False
01,出入国在留管理庁・文化庁,在留支援のためのやさしい日本語ガイドライン 別冊書き換え例,2020,,term,婚姻届,婚姻届,結婚する人が住んでいるまちの役所に出す紙。,No.42,False,False
01,出入国在留管理庁・文化庁,在留支援のためのやさしい日本語ガイドライン 別冊書き換え例,2020,,term,婚姻要件具備証明書,婚姻要件具備証明書,外国人が婚姻届(No.42)を住んでいるまちの役所に出すときに必要な紙。,No.43,False,False
01,出入国在留管理庁・文化庁,在留支援のためのやさしい日本語ガイドライン 別冊書き換え例,2020,,term,最低賃金,最低賃金,法律で決まっているいちばん安い給料。,No.44,False,False
01,出入国在留管理庁・文化庁,在留支援のためのやさしい日本語ガイドライン 別冊書き換え例,2020,,term,在留カード,在留カード,３か月より長く日本に住む外国人が入管からもらうカード。名前や国籍、住所などが書いてあります。,No.45,False,False
01,出入国在留管理庁・文化庁,在留支援のためのやさしい日本語ガイドライン 別冊書き換え例,2020,,term,在留期間更新許可,在留期間更新許可,在留期限(No.47)を長くしたいときにもらうもの。在留資格(No.48)は変わりません。,No.46,False,False
01,出入国在留管理庁・文化庁,在留支援のためのやさしい日本語ガイドライン 別冊書き換え例,2020,,term,在留期限,在留期限,外国人が日本にいることができる最後の日。,No.47,False,False
01,出入国在留管理庁・文化庁,在留支援のためのやさしい日本語ガイドライン 別冊書き換え例,2020,,term,在留資格,在留資格,外国人が日本でできること。仕事をすることができる、学校に行くことができる、家族と生活することができるなど。,No.48,False,False
01,出入国在留管理庁・文化庁,在留支援のためのやさしい日本語ガイドライン 別冊書き換え例,2020,,term,在留資格取得許可,在留資格取得許可,日本で生まれた外国人の赤ちゃんが在留カード(No.45)をもらうこと。,No.49,False,False
01,出入国在留管理庁・文化庁,在留支援のためのやさしい日本語ガイドライン 別冊書き換え例,2020,,term,在留資格変更許可,在留資格変更許可,在留資格(No.48)を変えるときにもらうもの。,No.50,False,False
01,出入国在留管理庁・文化庁,在留支援のためのやさしい日本語ガイドライン 別冊書き換え例,2020,,term,残業,残業,１日に８時間より長く働くこと。または、１週間に40時間より長く働くこと。,No.51,False,False
01,出入国在留管理庁・文化庁,在留支援のためのやさしい日本語ガイドライン 別冊書き換え例,2020,,term,産前産後休業,産前産後休業,会社で仕事をしている女の人が、赤ちゃんが生まれる前にとることができる休みと、赤ちゃんが生まれた後にとらなければいけない休み。,No.52,False,False
01,出入国在留管理庁・文化庁,在留支援のためのやさしい日本語ガイドライン 別冊書き換え例,2020,,term,産婦人科,産婦人科,女の人がなる病気を治したり、赤ちゃんを産んだりする病院。,No.53,False,False
01,出入国在留管理庁・文化庁,在留支援のためのやさしい日本語ガイドライン 別冊書き換え例,2020,,term,歯科,歯科,歯を治す病院。,No.54,False,False
01,出入国在留管理庁・文化庁,在留支援のためのやさしい日本語ガイドライン 別冊書き換え例,2020,,term,資格外活動許可,資格外活動許可,仕事ができない在留資格(No.48)の人が、仕事をしたいときにもらうもの。,No.55,False,False
01,出入国在留管理庁・文化庁,在留支援のためのやさしい日本語ガイドライン 別冊書き換え例,2020,,term,敷金（保証金）,敷金,家を借りるときに払うお金。家を借りた人が出て行ったあと大家(No.9)が、家の壊れたところや汚くなったところを直すためなどに使います。,No.56,False,False
01,出入国在留管理庁・文化庁,在留支援のためのやさしい日本語ガイドライン 別冊書き換え例,2020,,term,自治会・町内会,自治会・町内会,近くに住んでいる人たちが作る会。安全で住みやすいまちにするために一緒に考えます。,No.57,False,False
01,出入国在留管理庁・文化庁,在留支援のためのやさしい日本語ガイドライン 別冊書き換え例,2020,,term,実印,実印,住んでいるまちの役所に認めてもらったはんこ。車や家を買うときなどに使います。,No.58,False,False
01,出入国在留管理庁・文化庁,在留支援のためのやさしい日本語ガイドライン 別冊書き換え例,2020,,term,自動車重量税,自動車重量税,車検(No.68)などのときに払う税金(No.82)。,No.59,False,False
01,出入国在留管理庁・文化庁,在留支援のためのやさしい日本語ガイドライン 別冊書き換え例,2020,,term,自動車税／軽自動車税環境性能割,自動車税／軽自動車税環境性能割,車を買ったときに払う税金(No.82)。,No.60,False,False
01,出入国在留管理庁・文化庁,在留支援のためのやさしい日本語ガイドライン 別冊書き換え例,2020,,term,自動車税／軽自動車税種別割,自動車税／軽自動車税種別割,毎年４月１日に車を持っている人が払う税金(No.82)。,No.61,False,False
01,出入国在留管理庁・文化庁,在留支援のためのやさしい日本語ガイドライン 別冊書き換え例,2020,,term,児童手当,児童手当,子どもが中学校を卒業するまで、子どもを育てている人がもらうことができるお金。,No.62,False,False
01,出入国在留管理庁・文化庁,在留支援のためのやさしい日本語ガイドライン 別冊書き換え例,2020,,term,児童扶養手当,児童扶養手当,離婚などで、18歳までの子どもを１人で育てている人がもらうことができるお金。障害のある19歳までの子どもを１人で育てている人もいます。,No.63,False,False
01,出入国在留管理庁・文化庁,在留支援のためのやさしい日本語ガイドライン 別冊書き換え例,2020,,term,自賠責保険,自賠責保険,車やオートバイを運転する人からお金を集めて、事故にあった人を助ける制度。,No.64,False,False
01,出入国在留管理庁・文化庁,在留支援のためのやさしい日本語ガイドライン 別冊書き換え例,2020,,term,死亡一時金,死亡一時金,年金に入っていた人が死んだとき、家族が国民年金(No.39)からもらうお金。,No.65,False,False
01,出入国在留管理庁・文化庁,在留支援のためのやさしい日本語ガイドライン 別冊書き換え例,2020,,term,死亡届,死亡届,家族や一緒に生活していた人が死んだときに、まちの役所に出す紙。,No.66,False,False
01,出入国在留管理庁・文化庁,在留支援のためのやさしい日本語ガイドライン 別冊書き換え例,2020,,term,社会保険・労働保険,社会保険・労働保険,国が、働いている人と会社からお金を集めて、困った人を助ける制度。,No.67,False,False
01,出入国在留管理庁・文化庁,在留支援のためのやさしい日本語ガイドライン 別冊書き換え例,2020,,term,車検,車検,１年か２年に１度、車やオートバイが安全に走ることができるか（使うことができるか）などを調べること。,No.68,False,False
01,出入国在留管理庁・文化庁,在留支援のためのやさしい日本語ガイドライン 別冊書き換え例,2020,,term,車検証,車検証,車検(No.68)が終わった後にもらう紙。,No.69,False,False
01,出入国在留管理庁・文化庁,在留支援のためのやさしい日本語ガイドライン 別冊書き換え例,2020,,term,就学援助,就学援助,学校で使う物や給食などにかかるお金をもらうこと。収入が少ない小学生や中学生の親がもらうことができます。,No.70,False,False
01,出入国在留管理庁・文化庁,在留支援のためのやさしい日本語ガイドライン 別冊書き換え例,2020,,term,就業規則,就業規則,会社が決めた、働くときの細かいルール。,No.71,False,False
01,出入国在留管理庁・文化庁,在留支援のためのやさしい日本語ガイドライン 別冊書き換え例,2020,,term,住民税,住民税,１月１日に日本に住所があって、働いている人が県や市、区などに払う税金(No.82)。,No.72,False,False
01,出入国在留管理庁・文化庁,在留支援のためのやさしい日本語ガイドライン 別冊書き換え例,2020,,term,出産手当金,出産手当金,赤ちゃんを産むために会社を休み、給料がもらえないとき、健康保険(No.28)からもらうことができるお金。,No.73,False,False
01,出入国在留管理庁・文化庁,在留支援のためのやさしい日本語ガイドライン 別冊書き換え例,2020,,term,出生届,出生届,赤ちゃんが生まれたときにまちの役所に出す紙。,No.74,False,False
01,出入国在留管理庁・文化庁,在留支援のためのやさしい日本語ガイドライン 別冊書き換え例,2020,,term,出産育児一時金,出産育児一時金,赤ちゃんを産むとき、健康保険(No.28)などからもらうことができるお金。,No.75,False,False
01,出入国在留管理庁・文化庁,在留支援のためのやさしい日本語ガイドライン 別冊書き換え例,2020,,term,障害基礎年金,障害基礎年金,体などに障害がある人が、国民年金(No.39)からもらうことができるお金。,No.76,False,False
01,出入国在留管理庁・文化庁,在留支援のためのやさしい日本語ガイドライン 別冊書き換え例,2020,,term,障害厚生年金,障害厚生年金,体などに障害がある人が、厚生年金保険(No.35)からもらうことができるお金。,No.77,False,False
01,出入国在留管理庁・文化庁,在留支援のためのやさしい日本語ガイドライン 別冊書き換え例,2020,,term,消費税,消費税,物を買ったときやサービスを受けたときに払う税金(No.82)。,No.78,False,False
01,出入国在留管理庁・文化庁,在留支援のためのやさしい日本語ガイドライン 別冊書き換え例,2020,,term,所得税,所得税,収入（働いてもらった給料など）から国に払う税金(No.82)。,No.79,False,False
01,出入国在留管理庁・文化庁,在留支援のためのやさしい日本語ガイドライン 別冊書き換え例,2020,,term,身体障害者手帳,身体障害者手帳,体に障害がある人が住んでいるまちの役所からもらう手帳。,No.80,False,False
01,出入国在留管理庁・文化庁,在留支援のためのやさしい日本語ガイドライン 別冊書き換え例,2020,,term,生活困窮者自立支援制度,生活困窮者自立支援制度,生活に困っている人（お金がない、仕事がない、住むところがない）を住んでいるまちの役所が一緒に考えて助ける制度。,No.81,False,False
01,出入国在留管理庁・文化庁,在留支援のためのやさしい日本語ガイドライン 別冊書き換え例,2020,,term,税金,税金,国や県、市、区などに払うお金。,No.82,False,False
01,出入国在留管理庁・文化庁,在留支援のためのやさしい日本語ガイドライン 別冊書き換え例,2020,,term,整形外科,整形外科,骨、関節、筋肉などを治す病院。,No.83,False,False
01,出入国在留管理庁・文化庁,在留支援のためのやさしい日本語ガイドライン 別冊書き換え例,2020,,term,精神障害者保健福祉手帳,精神障害者保健福祉手帳,心に障害があって、毎日の生活が難しい人が、住んでいるまちの役所からもらう手帳。,No.84,False,False
01,出入国在留管理庁・文化庁,在留支援のためのやさしい日本語ガイドライン 別冊書き換え例,2020,,term,租税条約,租税条約,税金(No.82)について国と国とのあいだで決めた約束。日本と約束をしている国の人は、税金が少なくなることがあります。,No.85,False,False
01,出入国在留管理庁・文化庁,在留支援のためのやさしい日本語ガイドライン 別冊書き換え例,2020,,term,第１号被保険者,第１号被保険者,国民年金(No.39)だけに入っている人。会社に入らないで自分の店を持っている人、農業＜＝野菜などを作る仕事＞や漁業＜＝魚などをとる仕事＞をしている人、働いていない人などです。,No.86,False,False
01,出入国在留管理庁・文化庁,在留支援のためのやさしい日本語ガイドライン 別冊書き換え例,2020,,term,第３号被保険者,第３号被保険者,自分の夫や妻が厚生年金保険に入っている人、自分の夫や妻が65歳になる前の人、自分の１年の給料などが130万円より少ない人。国民年金(No.39)だけに入っています。,No.87,False,False
01,出入国在留管理庁・文化庁,在留支援のためのやさしい日本語ガイドライン 別冊書き換え例,2020,,term,退職届,退職届,会社をやめるとき、理由などを書いて、会社に出す紙。,No.88,False,False
01,出入国在留管理庁・文化庁,在留支援のためのやさしい日本語ガイドライン 別冊書き換え例,2020,,term,第２号被保険者,第２号被保険者,国民年金(No.39)と厚生年金保険(No.35)に入っている人。会社や工場、店などで働いている人です。,No.89,False,False
01,出入国在留管理庁・文化庁,在留支援のためのやさしい日本語ガイドライン 別冊書き換え例,2020,,term,脱退一時金,脱退一時金,日本の年金(No.106)をやめて自分の国に帰る人がもらうことができるお金。,No.90,False,False
01,出入国在留管理庁・文化庁,在留支援のためのやさしい日本語ガイドライン 別冊書き換え例,2020,,term,短時間労働者,短時間労働者,働く時間が正社員より短いパートタイマーやアルバイトなど。,No.91,False,False
01,出入国在留管理庁・文化庁,在留支援のためのやさしい日本語ガイドライン 別冊書き換え例,2020,,term,仲介手数料,仲介手数料,家を借りるとき、あなたに家を紹介した不動産屋(No.115)に払うお金。,No.92,False,False
01,出入国在留管理庁・文化庁,在留支援のためのやさしい日本語ガイドライン 別冊書き換え例,2020,,term,中学校卒業程度認定試験,中学校卒業程度認定試験,日本の中学校を卒業していない人が受ける試験。合格すると日本の高校に入るための試験を受けることができます。,No.93,False,False
01,出入国在留管理庁・文化庁,在留支援のためのやさしい日本語ガイドライン 別冊書き換え例,2020,,term,賃貸契約,賃貸契約,家を貸す人と借りる人の約束。,No.94,False,False
01,出入国在留管理庁・文化庁,在留支援のためのやさしい日本語ガイドライン 別冊書き換え例,2020,,term,転居届,転居届,同じまちの中で、引っ越しをするときに役所に出す紙。,No.95,False,False
01,出入国在留管理庁・文化庁,在留支援のためのやさしい日本語ガイドライン 別冊書き換え例,2020,,term,転出届,転出届,別のまちへ引っ越しをするときに、今まで住んでいた住所の役所に出す紙。引っ越しをして日本を出るときにも出します。,No.96,False,False
01,出入国在留管理庁・文化庁,在留支援のためのやさしい日本語ガイドライン 別冊書き換え例,2020,,term,転入届,転入届,別のまちから引っ越しをしたときに、新しい住所の役所に出す紙。引っ越しをして日本に住み始めたときにも出します。,No.97,False,False
01,出入国在留管理庁・文化庁,在留支援のためのやさしい日本語ガイドライン 別冊書き換え例,2020,,term,特別児童扶養手当,特別児童扶養手当,障害がある子どもを育てている人がもらうことができるお金。,No.98,False,False
01,出入国在留管理庁・文化庁,在留支援のためのやさしい日本語ガイドライン 別冊書き換え例,2020,,term,特別徴収,特別徴収,会社が、住んでいるまちの役所で働いている人の住民税(No.72)を払うこと。会社があなたの給料から税金(No.82)を引いて払います。,No.99,False,False
01,出入国在留管理庁・文化庁,在留支援のためのやさしい日本語ガイドライン 別冊書き換え例,2020,,term,登山届,登山届,山に登る前に名前、住所、電話番号、登山ルートなどを書いて、役所などに届けておくもの。山で事故にあった人を助けるために役に立ちます。,No.100,False,False
01,出入国在留管理庁・文化庁,在留支援のためのやさしい日本語ガイドライン 別冊書き換え例,2020,,term,内科,内科,体の中の病気（かぜなど）を治す病院。,No.101,False,False
01,出入国在留管理庁・文化庁,在留支援のためのやさしい日本語ガイドライン 別冊書き換え例,2020,,term,日本留学試験（EJU）,日本留学試験,外国から日本の大学に留学したい学生が受ける試験。,No.102,False,False
01,出入国在留管理庁・文化庁,在留支援のためのやさしい日本語ガイドライン 別冊書き換え例,2020,,term,乳幼児健診（乳幼児健康診査）,乳幼児健診,住んでいるまちの役所が、赤ちゃんが健康かどうかを調べること。,No.103,False,False
01,出入国在留管理庁・文化庁,在留支援のためのやさしい日本語ガイドライン 別冊書き換え例,2020,,term,認定こども園,認定こども園,小学校に入る前の子どもが通うところ。ここには、幼稚園(No.126)と保育園(No.116)の両方の特徴があります。,No.104,False,False
01,出入国在留管理庁・文化庁,在留支援のためのやさしい日本語ガイドライン 別冊書き換え例,2020,,term,妊婦健診（妊婦健康診査）,妊婦健診,お腹に赤ちゃんがいる人が健康かどうかを調べること。,No.105,False,False
01,出入国在留管理庁・文化庁,在留支援のためのやさしい日本語ガイドライン 別冊書き換え例,2020,,term,年金,年金,みんなからお金を集めて、年齢の高い人や、病気やけがで体などに障害が出た人を助ける制度。,No.106,False,False
01,出入国在留管理庁・文化庁,在留支援のためのやさしい日本語ガイドライン 別冊書き換え例,2020,,term,年金手帳,年金手帳,年金(No.106)に入った人がもらう手帳。,No.107,False,False
01,出入国在留管理庁・文化庁,在留支援のためのやさしい日本語ガイドライン 別冊書き換え例,2020,,term,年次有給休暇,年次有給休暇,仕事を休んでも給料をもらうことができる休み。,No.108,False,False
01,出入国在留管理庁・文化庁,在留支援のためのやさしい日本語ガイドライン 別冊書き換え例,2020,,term,年末調整,年末調整,12月に会社が源泉徴収(No.29)した所得税(No.79)を計算して、調整するしくみ。多いときは会社があなたにお金を返します。少ないときはあなたが会社にお金を払います。,No.109,False,False
01,出入国在留管理庁・文化庁,在留支援のためのやさしい日本語ガイドライン 別冊書き換え例,2020,,term,派遣社員,派遣社員,派遣会社と契約＜＝派遣会社との約束＞して、別の会社で働く人。,No.110,False,False
01,出入国在留管理庁・文化庁,在留支援のためのやさしい日本語ガイドライン 別冊書き換え例,2020,,term,ハザードマップ,ハザードマップ,災害が起きたときに、危ない場所や逃げる場所が書いてある地図。,No.111,False,False
01,出入国在留管理庁・文化庁,在留支援のためのやさしい日本語ガイドライン 別冊書き換え例,2020,,term,母親教室・父親教室,母親教室・父親教室,新しくお母さん・お父さんになる人に、赤ちゃんを産んで育てるときに大切なことを、教えるところ。,No.112,False,False
01,出入国在留管理庁・文化庁,在留支援のためのやさしい日本語ガイドライン 別冊書き換え例,2020,,term,ハローワーク,ハローワーク,仕事を紹介する国の役所。,No.113,False,False
01,出入国在留管理庁・文化庁,在留支援のためのやさしい日本語ガイドライン 別冊書き換え例,2020,,term,ファミリー・サポート・センター,ファミリー・サポート・センター,用事があるときに、子どもの世話をする人を紹介するところ。,No.114,False,False
01,出入国在留管理庁・文化庁,在留支援のためのやさしい日本語ガイドライン 別冊書き換え例,2020,,term,不動産屋,不動産屋,家を借りたい人や家を買いたい人にいろいろな家を紹介する店。,No.115,False,False
01,出入国在留管理庁・文化庁,在留支援のためのやさしい日本語ガイドライン 別冊書き換え例,2020,,term,保育園,保育園,親（お父さん・お母さん）が働いているとき、0歳から小学校に入る前の子どもの世話をするところ。子どもが身の回りの世話を受けたり、遊びながらいろいろなことを身につけていきます。,No.116,False,False
01,出入国在留管理庁・文化庁,在留支援のためのやさしい日本語ガイドライン 別冊書き換え例,2020,,term,放課後児童クラブ（学童保育）,放課後児童クラブ,親（お父さん・お母さん）が働いているとき、小学生の子どもの世話をしてもらうことができるところ。,No.117,False,False
01,出入国在留管理庁・文化庁,在留支援のためのやさしい日本語ガイドライン 別冊書き換え例,2020,,term,防災訓練・避難訓練,防災訓練・避難訓練,災害が起きたときのために、安全に逃げる練習や、火を消す練習をすること。,No.118,False,False
01,出入国在留管理庁・文化庁,在留支援のためのやさしい日本語ガイドライン 別冊書き換え例,2020,,term,防犯,防犯,犯罪の被害にあわないようにすること。,No.119,False,False
01,出入国在留管理庁・文化庁,在留支援のためのやさしい日本語ガイドライン 別冊書き換え例,2020,,term,母子健康手帳,母子健康手帳,お腹に赤ちゃんがいる人が、住んでいるまちの役所からもらう手帳。赤ちゃんやお母さんの健康などについて書くものです。,No.120,False,False
01,出入国在留管理庁・文化庁,在留支援のためのやさしい日本語ガイドライン 別冊書き換え例,2020,,term,民間住宅,民間住宅,大家（No.9）から借りる家。,No.121,False,False
01,出入国在留管理庁・文化庁,在留支援のためのやさしい日本語ガイドライン 別冊書き換え例,2020,,term,持ち家,持ち家,自分が買った家。,No.122,False,False
01,出入国在留管理庁・文化庁,在留支援のためのやさしい日本語ガイドライン 別冊書き換え例,2020,,term,夜間中学,夜間中学,中学校を卒業していない人や、十分に通うことができなかった人が行く学校。卒業した人は、高校に入るための試験を受けることができます。,No.123,False,False
01,出入国在留管理庁・文化庁,在留支援のためのやさしい日本語ガイドライン 別冊書き換え例,2020,,term,家賃,家賃,家を借りたときに毎月払うお金。,No.124,False,False
01,出入国在留管理庁・文化庁,在留支援のためのやさしい日本語ガイドライン 別冊書き換え例,2020,,term,薬局・ドラッグストア,薬局・ドラッグストア,薬を売っている店。,No.125,False,False
01,出入国在留管理庁・文化庁,在留支援のためのやさしい日本語ガイドライン 別冊書き換え例,2020,,term,幼稚園,幼稚園,３歳から小学校に入る前の子どもが通うところ。子どもが遊びながらいろいろなことを学びます。,No.126,False,False
01,出入国在留管理庁・文化庁,在留支援のためのやさしい日本語ガイドライン 別冊書き換え例,2020,,term,予防接種,予防接種,病気にならないための注射。,No.127,False,False
01,出入国在留管理庁・文化庁,在留支援のためのやさしい日本語ガイドライン 別冊書き換え例,2020,,term,療育手帳,療育手帳,知能に障害がある人が住んでいるまちの役所からもらう手帳。,No.128,False,False
01,出入国在留管理庁・文化庁,在留支援のためのやさしい日本語ガイドライン 別冊書き換え例,2020,,term,療養費,療養費,病院でかかったお金を自分で全部払ったときに、あとから医療保険(No.5)からもらうことができるお金。,No.129,False,False
01,出入国在留管理庁・文化庁,在留支援のためのやさしい日本語ガイドライン 別冊書き換え例,2020,,term,礼金,礼金,借りる家が決まったときに、家を借りる人が払うお礼のお金。,No.130,False,False
01,出入国在留管理庁・文化庁,在留支援のためのやさしい日本語ガイドライン 別冊書き換え例,2020,,term,（賃貸契約の）連帯保証人,連帯保証人,家を借りた人が家賃を払うことができないときなどに、代わりに家賃を払う人。,No.131,False,False
01,出入国在留管理庁・文化庁,在留支援のためのやさしい日本語ガイドライン 別冊書き換え例,2020,,term,労災保険,労災保険,会社からお金を集めて、仕事で、けが・病気をした人などを助ける制度。,No.132,False,False
01,出入国在留管理庁・文化庁,在留支援のためのやさしい日本語ガイドライン 別冊書き換え例,2020,,term,老齢基礎年金,老齢基礎年金,65歳以上の人が国民年金(No.39)からもらうことができるお金。,No.133,False,False
01,出入国在留管理庁・文化庁,在留支援のためのやさしい日本語ガイドライン 別冊書き換え例,2020,,term,老齢厚生年金,老齢厚生年金,65歳以上の人が厚生年金保険(No.35)からもらうことができるお金。,No.134,False,False
02,出入国在留管理庁,やさしい日本語書き換えツール 語彙データ,2020,,term,初診(1),初診,初めて診察を受ける,,False,False
02,出入国在留管理庁,やさしい日本語書き換えツール 語彙データ,2020,,term,再診,再診,2回目以降、診察を受ける,,False,False
02,出入国在留管理庁,やさしい日本語書き換えツール 語彙データ,2020,,term,精密検査(1),精密検査,詳しい検査,,False,False
02,出入国在留管理庁,やさしい日本語書き換えツール 語彙データ,2020,,term,悪化する(1),悪化する,もっと悪くなる,,False,False
02,出入国在留管理庁,やさしい日本語書き換えツール 語彙データ,2020,,term,服用する,服用する,飲む,,False,False
02,出入国在留管理庁,やさしい日本語書き換えツール 語彙データ,2020,,term,盗難,盗難,物を盗まれる,,False,False
02,出入国在留管理庁,やさしい日本語書き換えツール 語彙データ,2020,,term,重傷,重傷,大きなけがをする,,False,False
02,出入国在留管理庁,やさしい日本語書き換えツール 語彙データ,2020,,term,出血(1),出血,血が出る,,False,False
02,出入国在留管理庁,やさしい日本語書き換えツール 語彙データ,2020,,term,骨折(1),骨折,骨が折れている,,False,False
02,出入国在留管理庁,やさしい日本語書き換えツール 語彙データ,2020,,term,救助(1),救助,助ける,,False,False
02,出入国在留管理庁,やさしい日本語書き換えツール 語彙データ,2020,,term,応急手当、応急措置,応急手当、応急措置,すぐに行う手当て,,False,False
02,出入国在留管理庁,やさしい日本語書き換えツール 語彙データ,2020,,term,救急車(1),救急車,けがをした人を乗せて病院に行く車,,False,False
02,出入国在留管理庁,やさしい日本語書き換えツール 語彙データ,2020,,term,治療,治療,病気を治す　手当する,,False,False
02,出入国在留管理庁,やさしい日本語書き換えツール 語彙データ,2020,,term,呼吸(1),呼吸,息,,False,False
02,出入国在留管理庁,やさしい日本語書き換えツール 語彙データ,2020,,term,通報する(1),通報する,連絡する,,False,False
02,出入国在留管理庁,やさしい日本語書き換えツール 語彙データ,2020,,term,現在地,現在地,今いる所,,False,False
02,出入国在留管理庁,やさしい日本語書き換えツール 語彙データ,2020,,term,火災(1),火災,火事・燃える,,False,False
02,出入国在留管理庁,やさしい日本語書き換えツール 語彙データ,2020,,term,火の元,火の元,ガスの元栓や電気のコンセント,,False,False
02,出入国在留管理庁,やさしい日本語書き換えツール 語彙データ,2020,,term,引火する(1),引火する,火がつく,,False,False
02,出入国在留管理庁,やさしい日本語書き換えツール 語彙データ,2020,,term,出火,出火,火が出る,,False,False
02,出入国在留管理庁,やさしい日本語書き換えツール 語彙データ,2020,,term,炎上する(1),炎上する,燃える,,False,False
02,出入国在留管理庁,やさしい日本語書き換えツール 語彙データ,2020,,term,消火する,消火する,火を消す,,False,False
02,出入国在留管理庁,やさしい日本語書き換えツール 語彙データ,2020,,term,消防車(1),消防車,火を消す車,,False,False
02,出入国在留管理庁,やさしい日本語書き換えツール 語彙データ,2020,,term,地震(1),地震,地面が揺れる,,False,False
02,出入国在留管理庁,やさしい日本語書き換えツール 語彙データ,2020,,term,余震(1),余震,大きな地震のあとにくる地震,,False,False
02,出入国在留管理庁,やさしい日本語書き換えツール 語彙データ,2020,,term,揺れ(1),揺れ,家や道が大きく動く,,False,False
02,出入国在留管理庁,やさしい日本語書き換えツール 語彙データ,2020,,term,震度(3),震度,地震の大きさ,,False,False
02,出入国在留管理庁,やさしい日本語書き換えツール 語彙データ,2020,,term,震源地(1),震源地,地震の中心,,False,False
02,出入国在留管理庁,やさしい日本語書き換えツール 語彙データ,2020,,term,津波(1),津波,高い波,,False,False
02,出入国在留管理庁,やさしい日本語書き換えツール 語彙データ,2020,,term,落下,落下,物が落ちる,,False,False
02,出入国在留管理庁,やさしい日本語書き換えツール 語彙データ,2020,,term,倒壊する(1),倒壊する,建物が壊れる,,False,False
02,出入国在留管理庁,やさしい日本語書き換えツール 語彙データ,2020,,term,転倒,転倒,物や人が倒れる,,False,False
02,出入国在留管理庁,やさしい日本語書き換えツール 語彙データ,2020,,term,避難,避難,安全なところに逃げる,,False,False
02,出入国在留管理庁,やさしい日本語書き換えツール 語彙データ,2020,,term,高台(1),高台,山の上やビルの屋上などの高い場所,,False,False
02,出入国在留管理庁,やさしい日本語書き換えツール 語彙データ,2020,,term,速やかに、ただちに,速やかに、ただちに,すぐに、急いで,,False,False
02,出入国在留管理庁,やさしい日本語書き換えツール 語彙データ,2020,,term,死者(1),死者,死んだ人,,False,False
02,出入国在留管理庁,やさしい日本語書き換えツール 語彙データ,2020,,term,死亡する(1),死亡する,死ぬ,,False,False
02,出入国在留管理庁,やさしい日本語書き換えツール 語彙データ,2020,,term,迂回する(1),迂回する,違う道を使う,,False,False
02,出入国在留管理庁,やさしい日本語書き換えツール 語彙データ,2020,,term,運転を見合わせる、運休,運転を見合わせる、運休,（電車などが）動かない,,False,False
02,出入国在留管理庁,やさしい日本語書き換えツール 語彙データ,2020,,term,欠航,欠航,（船や飛行機が）動いていない,,False,False
02,出入国在留管理庁,やさしい日本語書き換えツール 語彙データ,2020,,term,常備薬,常備薬,いつも使っている薬,,False,False
02,出入国在留管理庁,やさしい日本語書き換えツール 語彙データ,2020,,term,現金,現金,お金,,False,False
02,出入国在留管理庁,やさしい日本語書き換えツール 語彙データ,2020,,term,食料(1),食料,食べ物,,False,False
02,出入国在留管理庁,やさしい日本語書き換えツール 語彙データ,2020,,term,備える(1),備える,用意する,,False,False
02,出入国在留管理庁,やさしい日本語書き換えツール 語彙データ,2020,,term,台風(2),台風,強い雨が降り強い風が吹く天気,,False,False
02,出入国在留管理庁,やさしい日本語書き換えツール 語彙データ,2020,,term,大雨(1),大雨,雨がたくさん降る,,False,False
02,出入国在留管理庁,やさしい日本語書き換えツール 語彙データ,2020,,term,豪雨,豪雨,大雨よりたくさん雨が降る,,False,False
02,出入国在留管理庁,やさしい日本語書き換えツール 語彙データ,2020,,term,洪水(1),洪水,大雨や豪雨により川の水があふれる,,False,False
02,出入国在留管理庁,やさしい日本語書き換えツール 語彙データ,2020,,term,浸水(1),浸水,家に水が入る,,False,False
02,出入国在留管理庁,やさしい日本語書き換えツール 語彙データ,2020,,term,土砂崩れ(1),土砂崩れ,山から土や石が一度にたくさん落ちてくる,,False,False
02,出入国在留管理庁,やさしい日本語書き換えツール 語彙データ,2020,,term,警戒する(1),警戒する,気をつける,,False,False
02,出入国在留管理庁,やさしい日本語書き換えツール 語彙データ,2020,,term,災害(1),災害,地震、火事、津波など大変なことにあう,,False,False
02,出入国在留管理庁,やさしい日本語書き換えツール 語彙データ,2020,,term,停電(1),停電,電気が停まる,,False,False
02,出入国在留管理庁,やさしい日本語書き換えツール 語彙データ,2020,,term,断水(1),断水,水がでなくなる,,False,False
02,出入国在留管理庁,やさしい日本語書き換えツール 語彙データ,2020,,term,不通(1),不通,電話・道路・鉄道が使えない,,False,False
02,出入国在留管理庁,やさしい日本語書き換えツール 語彙データ,2020,,term,行方不明(1),行方不明,人がどこにいるかわからない,,False,False
02,出入国在留管理庁,やさしい日本語書き換えツール 語彙データ,2020,,term,安否(1),安否,人が大丈夫かどうか（生きているか死んでいるか）,,False,False
02,出入国在留管理庁,やさしい日本語書き換えツール 語彙データ,2020,,term,犠牲者(1),犠牲者,死んだ人やけがをした人,,False,False
02,出入国在留管理庁,やさしい日本語書き換えツール 語彙データ,2020,,term,被害者,被害者,災害などの被害にあった人,,False,False
02,出入国在留管理庁,やさしい日本語書き換えツール 語彙データ,2020,,term,救援,救援,助ける,,False,False
02,出入国在留管理庁,やさしい日本語書き換えツール 語彙データ,2020,,term,緊急,緊急,すぐに,,False,False
02,出入国在留管理庁,やさしい日本語書き換えツール 語彙データ,2020,,term,警報,警報,つよい　注意の　お知らせ<br>大きな　災害が　おこるかもしれません,,False,False
02,出入国在留管理庁,やさしい日本語書き換えツール 語彙データ,2020,,term,火災(2),火災,火事,,False,False
02,出入国在留管理庁,やさしい日本語書き換えツール 語彙データ,2020,,term,避難する(1),避難する,にげる,,False,False
02,出入国在留管理庁,やさしい日本語書き換えツール 語彙データ,2020,,term,避難所(1),避難所,にげる　ところ（家の　かわりに　住むところ）,,False,False
02,出入国在留管理庁,やさしい日本語書き換えツール 語彙データ,2020,,term,避難場所,避難場所,にげる　ところ,,False,False
02,出入国在留管理庁,やさしい日本語書き換えツール 語彙データ,2020,,term,懐中電灯(1),懐中電灯,手に　もつ　小さな　電気（ライト）,,False,False
02,出入国在留管理庁,やさしい日本語書き換えツール 語彙データ,2020,,term,救急車(2),救急車,病気や　けがをした人を　はこぶ　車,,False,False
02,出入国在留管理庁,やさしい日本語書き換えツール 語彙データ,2020,,term,救助する(1),救助する,たすける,,False,False
02,出入国在留管理庁,やさしい日本語書き換えツール 語彙データ,2020,,term,行方不明(2),行方不明,どこに　いるか　わからない,,False,False
02,出入国在留管理庁,やさしい日本語書き換えツール 語彙データ,2020,,term,情報(1),情報,お知らせ,,False,False
02,出入国在留管理庁,やさしい日本語書き換えツール 語彙データ,2020,,term,断水(2),断水,水が　でない,,False,False
02,出入国在留管理庁,やさしい日本語書き換えツール 語彙データ,2020,,term,停電(2),停電,電気が　つかない,,False,False
02,出入国在留管理庁,やさしい日本語書き換えツール 語彙データ,2020,,term,非常口,非常口,にげる　出口,,False,False
02,出入国在留管理庁,やさしい日本語書き換えツール 語彙データ,2020,,term,備える(2),備える,準備する,,False,False
02,出入国在留管理庁,やさしい日本語書き換えツール 語彙データ,2020,,term,負傷者(1),負傷者,けがをした人,,False,False
02,出入国在留管理庁,やさしい日本語書き換えツール 語彙データ,2020,,term,保護する(1),保護する,まもる,,False,False
02,出入国在留管理庁,やさしい日本語書き換えツール 語彙データ,2020,,term,はぐれる,はぐれる,わかれる,,False,False
02,出入国在留管理庁,やさしい日本語書き換えツール 語彙データ,2020,,term,連絡先(1),連絡先,電話番号、メール、住所など,,False,False
02,出入国在留管理庁,やさしい日本語書き換えツール 語彙データ,2020,,term,デマ(1),デマ,うその　話,,False,False
02,出入国在留管理庁,やさしい日本語書き換えツール 語彙データ,2020,,term,気象,気象,天気,,False,False
02,出入国在留管理庁,やさしい日本語書き換えツール 語彙データ,2020,,term,洪水(2),洪水,川から　町に　水が　くる,,False,False
02,出入国在留管理庁,やさしい日本語書き換えツール 語彙データ,2020,,term,浸水(2),浸水,家の　中に　水が　入る,,False,False
02,出入国在留管理庁,やさしい日本語書き換えツール 語彙データ,2020,,term,台風(1),台風,とても　強い　風と　雨,,False,False
02,出入国在留管理庁,やさしい日本語書き換えツール 語彙データ,2020,,term,大雨(2),大雨,たくさんの　雨,,False,False
02,出入国在留管理庁,やさしい日本語書き換えツール 語彙データ,2020,,term,注意報,注意報,注意の　お知らせ<br>災害が　おこるかもしれません,,False,False
02,出入国在留管理庁,やさしい日本語書き換えツール 語彙データ,2020,,term,土砂崩れ(2),土砂崩れ,山が　こわれる（土や　石が　落ちてくる）,,False,False
02,出入国在留管理庁,やさしい日本語書き換えツール 語彙データ,2020,,term,暴風雨,暴風雨,とても　強い　風と　雨,,False,False
02,出入国在留管理庁,やさしい日本語書き換えツール 語彙データ,2020,,term,予報,予報,これから　起きることの　お知らせ,,False,False
02,出入国在留管理庁,やさしい日本語書き換えツール 語彙データ,2020,,term,高台(2),高台,高い　ところ,,False,False
02,出入国在留管理庁,やさしい日本語書き換えツール 語彙データ,2020,,term,地震(2),地震,地面が　ゆれる,,False,False
02,出入国在留管理庁,やさしい日本語書き換えツール 語彙データ,2020,,term,津波(2),津波,地震の　あとに　海の　水が　たくさんくる,,False,False
02,出入国在留管理庁,やさしい日本語書き換えツール 語彙データ,2020,,term,転倒する,転倒する,倒れる,,False,False
02,出入国在留管理庁,やさしい日本語書き換えツール 語彙データ,2020,,term,家屋(1),家屋,家,,False,False
02,出入国在留管理庁,やさしい日本語書き換えツール 語彙データ,2020,,term,倒壊する(2),倒壊する,たてものが　こわれる,,False,False
02,出入国在留管理庁,やさしい日本語書き換えツール 語彙データ,2020,,term,余震(2),余震,地震の　あとに　また　地震がくる,,False,False
02,出入国在留管理庁,やさしい日本語書き換えツール 語彙データ,2020,,term,落下物(1),落下物,落ちてくるもの,,False,False
02,出入国在留管理庁,やさしい日本語書き換えツール 語彙データ,2020,,term,引火する(2),引火する,火が　つく,,False,False
02,出入国在留管理庁,やさしい日本語書き換えツール 語彙データ,2020,,term,健康,健康,元気なこと　病気でないこと,,False,False
02,出入国在留管理庁,やさしい日本語書き換えツール 語彙データ,2020,,term,医療,医療,医者が　病気や　けがを　なおす,,False,False
02,出入国在留管理庁,やさしい日本語書き換えツール 語彙データ,2020,,term,治療する(2),治療する,病気や　けがを　なおす,,False,False
02,出入国在留管理庁,やさしい日本語書き換えツール 語彙データ,2020,,term,予防接種(1),予防接種,病気に　ならないための　ちゅうしゃ,,False,False
02,出入国在留管理庁,やさしい日本語書き換えツール 語彙データ,2020,,term,健康診断,健康診断,体が　元気か　しらべる,,False,False
02,出入国在留管理庁,やさしい日本語書き換えツール 語彙データ,2020,,term,検診,検診,病気か　どうか　しらべる,,False,False
02,出入国在留管理庁,やさしい日本語書き換えツール 語彙データ,2020,,term,感染症,感染症,うつる　病気,,False,False
02,出入国在留管理庁,やさしい日本語書き換えツール 語彙データ,2020,,term,妊娠,妊娠,おなかに　こどもが　できる,,False,False
02,出入国在留管理庁,やさしい日本語書き換えツール 語彙データ,2020,,term,出産,出産,こどもを　うむ,,False,False
02,出入国在留管理庁,やさしい日本語書き換えツール 語彙データ,2020,,term,診察,診察,医者が　からだを　しらべる,,False,False
02,出入国在留管理庁,やさしい日本語書き換えツール 語彙データ,2020,,term,診療所,診療所,小さい　病院,,False,False
02,出入国在留管理庁,やさしい日本語書き換えツール 語彙データ,2020,,term,初診(2),初診,はじめて　病院で　みてもらう,,False,False
02,出入国在留管理庁,やさしい日本語書き換えツール 語彙データ,2020,,term,問診表,問診表,体の　悪いところを　きく　紙,,False,False
02,出入国在留管理庁,やさしい日本語書き換えツール 語彙データ,2020,,term,記入する(1),記入する,書く,,False,False
02,出入国在留管理庁,やさしい日本語書き換えツール 語彙データ,2020,,term,症状,症状,体の　悪いところ（いたい、血が出るなど）,,False,False
02,出入国在留管理庁,やさしい日本語書き換えツール 語彙データ,2020,,term,既往歴,既往歴,今までに　かかった　病気,,False,False
02,出入国在留管理庁,やさしい日本語書き換えツール 語彙データ,2020,,term,夜間(1),夜間,夜,,False,False
02,出入国在留管理庁,やさしい日本語書き換えツール 語彙データ,2020,,term,休日,休日,休みの　日,,False,False
02,出入国在留管理庁,やさしい日本語書き換えツール 語彙データ,2020,,term,急病,急病,急な　病気,,False,False
02,出入国在留管理庁,やさしい日本語書き換えツール 語彙データ,2020,,term,入院,入院,病院に　泊まって　病気や　けがを　なおす,,False,False
02,出入国在留管理庁,やさしい日本語書き換えツール 語彙データ,2020,,term,面会,面会,会う,,False,False
02,出入国在留管理庁,やさしい日本語書き換えツール 語彙データ,2020,,term,休診,休診,病院が　休み,,False,False
02,出入国在留管理庁,やさしい日本語書き換えツール 語彙データ,2020,,term,待合室,待合室,待つ　部屋,,False,False
02,出入国在留管理庁,やさしい日本語書き換えツール 語彙データ,2020,,term,会計,会計,お金を　はらう　ところ,,False,False
02,出入国在留管理庁,やさしい日本語書き換えツール 語彙データ,2020,,term,処方箋,処方箋,くすりを　書いた　紙（医者が　書く）,,False,False
02,出入国在留管理庁,やさしい日本語書き換えツール 語彙データ,2020,,term,薬局,薬局,くすりを　買う　ところ,,False,False
02,出入国在留管理庁,やさしい日本語書き換えツール 語彙データ,2020,,term,食後(1),食後,ごはんの　あと,,False,False
02,出入国在留管理庁,やさしい日本語書き換えツール 語彙データ,2020,,term,１錠(1),１錠,1個,,False,False
02,出入国在留管理庁,やさしい日本語書き換えツール 語彙データ,2020,,term,かかりつけ,かかりつけ,よく　行く　病院,,False,False
02,出入国在留管理庁,やさしい日本語書き換えツール 語彙データ,2020,,term,医療保険(1),医療保険,病院の　お金を　やすくする　保険,,False,False
02,出入国在留管理庁,やさしい日本語書き換えツール 語彙データ,2020,,term,保険証(1),保険証,保険に　入っている人の　紙や　カード,,False,False
02,出入国在留管理庁,やさしい日本語書き換えツール 語彙データ,2020,,term,被保険者,被保険者,保険に　入っている人,,False,False
02,出入国在留管理庁,やさしい日本語書き換えツール 語彙データ,2020,,term,加入する,加入する,入る,,False,False
02,出入国在留管理庁,やさしい日本語書き換えツール 語彙データ,2020,,term,自己負担,自己負担,自分で　はらう　お金,,False,False
02,出入国在留管理庁,やさしい日本語書き換えツール 語彙データ,2020,,term,１割,１割,10%,,False,False
02,出入国在留管理庁,やさしい日本語書き換えツール 語彙データ,2020,,term,介護(1),介護,年を　とった人の　世話をする,,False,False
02,出入国在留管理庁,やさしい日本語書き換えツール 語彙データ,2020,,term,高齢者,高齢者,年を　とった人（65才以上の人）,,False,False
02,出入国在留管理庁,やさしい日本語書き換えツール 語彙データ,2020,,term,給付金,給付金,もらう　お金,,False,False
02,出入国在留管理庁,やさしい日本語書き換えツール 語彙データ,2020,,term,領収書,領収書,お金を　はらったときに　もらう紙（レシート）,,False,False
02,出入国在留管理庁,やさしい日本語書き換えツール 語彙データ,2020,,term,変更,変更,変わる,,False,False
02,出入国在留管理庁,やさしい日本語書き換えツール 語彙データ,2020,,term,更新(1),更新,新しくする,,False,False
02,出入国在留管理庁,やさしい日本語書き換えツール 語彙データ,2020,,term,離婚(1),離婚,結婚した人と　別れる,,False,False
02,出入国在留管理庁,やさしい日本語書き換えツール 語彙データ,2020,,term,相談窓口(1),相談窓口,相談する　ところ,,False,False
02,出入国在留管理庁,やさしい日本語書き換えツール 語彙データ,2020,,term,家電,家電,電気で　うごく　道具,,False,False
02,出入国在留管理庁,やさしい日本語書き換えツール 語彙データ,2020,,term,請求書,請求書,お金を　はらってくださいという　紙,,False,False
02,出入国在留管理庁,やさしい日本語書き換えツール 語彙データ,2020,,term,可燃ゴミ,可燃ゴミ,もえる　ごみ,,False,False
02,出入国在留管理庁,やさしい日本語書き換えツール 語彙データ,2020,,term,不燃ゴミ,不燃ゴミ,もえない　ごみ,,False,False
02,出入国在留管理庁,やさしい日本語書き換えツール 語彙データ,2020,,term,粗大ゴミ,粗大ゴミ,大きな　ごみ,,False,False
02,出入国在留管理庁,やさしい日本語書き換えツール 語彙データ,2020,,term,分別する,分別する,わける,,False,False
02,出入国在留管理庁,やさしい日本語書き換えツール 語彙データ,2020,,term,回収する(1),回収する,集める（ごみを　とりにくる）,,False,False
02,出入国在留管理庁,やさしい日本語書き換えツール 語彙データ,2020,,term,近所(1),近所,近く,,False,False
02,出入国在留管理庁,やさしい日本語書き換えツール 語彙データ,2020,,term,使用する,使用する,使う,,False,False
02,出入国在留管理庁,やさしい日本語書き換えツール 語彙データ,2020,,term,購入する,購入する,買う,,False,False
02,出入国在留管理庁,やさしい日本語書き換えツール 語彙データ,2020,,term,問い合わせる,問い合わせる,わからないことを　聞く,,False,False
02,出入国在留管理庁,やさしい日本語書き換えツール 語彙データ,2020,,term,故障する,故障する,こわれる,,False,False
02,出入国在留管理庁,やさしい日本語書き換えツール 語彙データ,2020,,term,修理する,修理する,なおす,,False,False
02,出入国在留管理庁,やさしい日本語書き換えツール 語彙データ,2020,,term,料金,料金,ねだん,,False,False
02,出入国在留管理庁,やさしい日本語書き換えツール 語彙データ,2020,,term,無料(1),無料,お金が　いらない,,False,False
02,出入国在留管理庁,やさしい日本語書き換えツール 語彙データ,2020,,term,サービス,サービス,してもらえること,,False,False
02,出入国在留管理庁,やさしい日本語書き換えツール 語彙データ,2020,,term,電気使用量通知,電気使用量通知,使った　電気の　おおさを　知らせる　紙,,False,False
02,出入国在留管理庁,やさしい日本語書き換えツール 語彙データ,2020,,term,賃貸(1),賃貸,貸す（借りるために　お金が　いります）,,False,False
02,出入国在留管理庁,やさしい日本語書き換えツール 語彙データ,2020,,term,家賃(1),家賃,家を　借りる　お金,,False,False
02,出入国在留管理庁,やさしい日本語書き換えツール 語彙データ,2020,,term,契約,契約,約束,,False,False
02,出入国在留管理庁,やさしい日本語書き換えツール 語彙データ,2020,,term,和室,和室,畳の　部屋,,False,False
02,出入国在留管理庁,やさしい日本語書き換えツール 語彙データ,2020,,term,不動産屋(1),不動産屋,家を　しょうかいする　店,,False,False
02,出入国在留管理庁,やさしい日本語書き換えツール 語彙データ,2020,,term,交通機関(1),交通機関,電車や　バス,,False,False
02,出入国在留管理庁,やさしい日本語書き換えツール 語彙データ,2020,,term,渋滞,渋滞,道が　車で　混む,,False,False
02,出入国在留管理庁,やさしい日本語書き換えツール 語彙データ,2020,,term,ルール(1),ルール,決まっていること,,False,False
02,出入国在留管理庁,やさしい日本語書き換えツール 語彙データ,2020,,term,運賃,運賃,電車や　バスの　お金,,False,False
02,出入国在留管理庁,やさしい日本語書き換えツール 語彙データ,2020,,term,徒歩,徒歩,歩く,,False,False
02,出入国在留管理庁,やさしい日本語書き換えツール 語彙データ,2020,,term,最寄り駅(2),最寄り駅,いちばん　近い　駅,,False,False
02,出入国在留管理庁,やさしい日本語書き換えツール 語彙データ,2020,,term,駐輪場(1),駐輪場,自転車を　おく　ところ,,False,False
02,出入国在留管理庁,やさしい日本語書き換えツール 語彙データ,2020,,term,住民,住民,住んでいる人,,False,False
02,出入国在留管理庁,やさしい日本語書き換えツール 語彙データ,2020,,term,転出,転出,ほかの　場所へ　引っ越す,,False,False
02,出入国在留管理庁,やさしい日本語書き換えツール 語彙データ,2020,,term,転入,転入,ほかの　場所から　引っ越してくる,,False,False
02,出入国在留管理庁,やさしい日本語書き換えツール 語彙データ,2020,,term,本人確認書類(1),本人確認書類,パスポート、在留カードなど（あなたが　だれか　わかるもの）,,False,False
02,出入国在留管理庁,やさしい日本語書き換えツール 語彙データ,2020,,term,旅券(1),旅券,パスポート,,False,False
02,出入国在留管理庁,やさしい日本語書き換えツール 語彙データ,2020,,term,帰国,帰国,自分の　国へ　帰る,,False,False
02,出入国在留管理庁,やさしい日本語書き換えツール 語彙データ,2020,,term,入国,入国,国へ　入る,,False,False
02,出入国在留管理庁,やさしい日本語書き換えツール 語彙データ,2020,,term,在留,在留,住む,,False,False
02,出入国在留管理庁,やさしい日本語書き換えツール 語彙データ,2020,,term,期間,期間,間,,False,False
02,出入国在留管理庁,やさしい日本語書き換えツール 語彙データ,2020,,term,活動,活動,仕事や勉強,,False,False
02,出入国在留管理庁,やさしい日本語書き換えツール 語彙データ,2020,,term,労働,労働,はたらく,,False,False
02,出入国在留管理庁,やさしい日本語書き換えツール 語彙データ,2020,,term,勤務する,勤務する,はたらく,,False,False
02,出入国在留管理庁,やさしい日本語書き換えツール 語彙データ,2020,,term,失業する,失業する,仕事が　なくなる,,False,False
02,出入国在留管理庁,やさしい日本語書き換えツール 語彙データ,2020,,term,職業,職業,仕事,,False,False
02,出入国在留管理庁,やさしい日本語書き換えツール 語彙データ,2020,,term,求人,求人,はたらく人を　さがす,,False,False
02,出入国在留管理庁,やさしい日本語書き換えツール 語彙データ,2020,,term,残業(1),残業,きまった　時間より　長く　はたらく,,False,False
02,出入国在留管理庁,やさしい日本語書き換えツール 語彙データ,2020,,term,給料,給料,はたらいて　会社から　もらう　お金,,False,False
02,出入国在留管理庁,やさしい日本語書き換えツール 語彙データ,2020,,term,ボーナス,ボーナス,はたらいて　会社から　もらう　お金（給料とは　別に　もらう）,,False,False
02,出入国在留管理庁,やさしい日本語書き換えツール 語彙データ,2020,,term,就職(1),就職,仕事を　はじめる,,False,False
02,出入国在留管理庁,やさしい日本語書き換えツール 語彙データ,2020,,term,退職,退職,仕事を　やめる,,False,False
02,出入国在留管理庁,やさしい日本語書き換えツール 語彙データ,2020,,term,年金(1),年金,年を　とった人が　もらう　お金,,False,False
02,出入国在留管理庁,やさしい日本語書き換えツール 語彙データ,2020,,term,国民年金(1),国民年金,みんなが　入る　年金,,False,False
02,出入国在留管理庁,やさしい日本語書き換えツール 語彙データ,2020,,term,厚生年金,厚生年金,会社で　はたらく人が　入る　年金,,False,False
02,出入国在留管理庁,やさしい日本語書き換えツール 語彙データ,2020,,term,年金手帳(1),年金手帳,年金に　入っていることを　書いた　小さい　本,,False,False
02,出入国在留管理庁,やさしい日本語書き換えツール 語彙データ,2020,,term,税金(1),税金,国などに　はらう　お金,,False,False
02,出入国在留管理庁,やさしい日本語書き換えツール 語彙データ,2020,,term,国税,国税,国に　はらう　税金,,False,False
02,出入国在留管理庁,やさしい日本語書き換えツール 語彙データ,2020,,term,収入,収入,はたらいて　もらった　お金,,False,False
02,出入国在留管理庁,やさしい日本語書き換えツール 語彙データ,2020,,term,所得(1),所得,収入から　税金などを　ひいた　お金,,False,False
02,出入国在留管理庁,やさしい日本語書き換えツール 語彙データ,2020,,term,税務署(1),税務署,税金の　じむしょ,,False,False
02,出入国在留管理庁,やさしい日本語書き換えツール 語彙データ,2020,,term,消費税(1),消費税,買い物をするときに　はらう　税金,,False,False
02,出入国在留管理庁,やさしい日本語書き換えツール 語彙データ,2020,,term,確定申告(1),確定申告,1年の　税金の　ねだんを　税務署に　知らせる,,False,False
02,出入国在留管理庁,やさしい日本語書き換えツール 語彙データ,2020,,term,源泉徴収(1),源泉徴収,会社で　もらう　お金から　引かれる　税金,,False,False
02,出入国在留管理庁,やさしい日本語書き換えツール 語彙データ,2020,,term,年末調整(1),年末調整,12月に　会社が　あなたの　給料の　税金を　けいさんする,,False,False
02,出入国在留管理庁,やさしい日本語書き換えツール 語彙データ,2020,,term,扶養家族,扶養家族,あなたの　お金で　生活する　家族,,False,False
02,出入国在留管理庁,やさしい日本語書き換えツール 語彙データ,2020,,term,納付書(1),納付書,税金を　はらうときに　つかう　紙,,False,False
02,出入国在留管理庁,やさしい日本語書き換えツール 語彙データ,2020,,term,滞納する(1),滞納する,はらわない,,False,False
02,出入国在留管理庁,やさしい日本語書き換えツール 語彙データ,2020,,term,未加入(1),未加入,まだ　入っていない,,False,False
02,出入国在留管理庁,やさしい日本語書き換えツール 語彙データ,2020,,term,加入する,加入する,入る,,False,False
02,出入国在留管理庁,やさしい日本語書き換えツール 語彙データ,2020,,term,免除(1),免除,はらう　必要が　ない,,False,False
02,出入国在留管理庁,やさしい日本語書き換えツール 語彙データ,2020,,term,出生届(1),出生届,こどもが　うまれたことを　役所に　知らせる　紙,,False,False
02,出入国在留管理庁,やさしい日本語書き換えツール 語彙データ,2020,,term,母子健康手帳(1),母子健康手帳,母と　こどもの　健康のことを　書く　小さな　本,,False,False
02,出入国在留管理庁,やさしい日本語書き換えツール 語彙データ,2020,,term,保健指導,保健指導,健康について　おしえる,,False,False
02,出入国在留管理庁,やさしい日本語書き換えツール 語彙データ,2020,,term,助産師,助産師,こどもを　うむときに　てつだう人,,False,False
02,出入国在留管理庁,やさしい日本語書き換えツール 語彙データ,2020,,term,保健師,保健師,健康について　おしえる人,,False,False
02,出入国在留管理庁,やさしい日本語書き換えツール 語彙データ,2020,,term,乳児,乳児,1才までの　こども,,False,False
02,出入国在留管理庁,やさしい日本語書き換えツール 語彙データ,2020,,term,幼児,幼児,1才から　5才までの　こども,,False,False
02,出入国在留管理庁,やさしい日本語書き換えツール 語彙データ,2020,,term,児童,児童,小学校へ　いっている　こども,,False,False
02,出入国在留管理庁,やさしい日本語書き換えツール 語彙データ,2020,,term,保育園、保育所,保育園、保育所,はたらく人が　こどもを　あずける　ところ,,False,False
02,出入国在留管理庁,やさしい日本語書き換えツール 語彙データ,2020,,term,幼稚園(1),幼稚園,小学校へ　入る　まえの　こどもを　教育する　ところ,,False,False
02,出入国在留管理庁,やさしい日本語書き換えツール 語彙データ,2020,,term,公立,公立,府や　市などが　作った,,False,False
02,出入国在留管理庁,やさしい日本語書き換えツール 語彙データ,2020,,term,私立,私立,会社などが　つくった,,False,False
02,出入国在留管理庁,やさしい日本語書き換えツール 語彙データ,2020,,term,教科書,教科書,学校で　つかう　勉強の　本,,False,False
02,出入国在留管理庁,やさしい日本語書き換えツール 語彙データ,2020,,term,教材,教材,勉強に　つかう　道具,,False,False
02,出入国在留管理庁,やさしい日本語書き換えツール 語彙データ,2020,,term,上靴、上履き,上靴、上履き,たてものの　なかで　はく　くつ,,False,False
02,出入国在留管理庁,やさしい日本語書き換えツール 語彙データ,2020,,term,保護者(1),保護者,こどもの　家族、お父さん、お母さんなど,,False,False
02,出入国在留管理庁,やさしい日本語書き換えツール 語彙データ,2020,,term,授業料(1),授業料,授業を　うけるために　かかる　お金,,False,False
02,出入国在留管理庁,やさしい日本語書き換えツール 語彙データ,2020,,term,就学,就学,学校に　入る,,False,False
02,出入国在留管理庁,やさしい日本語書き換えツール 語彙データ,2020,,term,編入学,編入学,学校に　ほかの　学校から　入る<br>（学校に　とちゅうから　入る）,,False,False
02,出入国在留管理庁,やさしい日本語書き換えツール 語彙データ,2020,,term,登校する,登校する,学校へ　行く,,False,False
02,出入国在留管理庁,やさしい日本語書き換えツール 語彙データ,2020,,term,下校する,下校する,学校から　家へ　かえる,,False,False
02,出入国在留管理庁,やさしい日本語書き換えツール 語彙データ,2020,,term,遅刻する,遅刻する,時間に　おくれて　学校へ　行く,,False,False
02,出入国在留管理庁,やさしい日本語書き換えツール 語彙データ,2020,,term,欠席する(2),欠席する,学校を　休む,,False,False
02,出入国在留管理庁,やさしい日本語書き換えツール 語彙データ,2020,,term,1学期、2学期、3学期,1学期、2学期、3学期,4月から7月、9月から12月、1月から3月,,False,False
02,出入国在留管理庁,やさしい日本語書き換えツール 語彙データ,2020,,term,年度,年度,4月から3月,,False,False
02,出入国在留管理庁,やさしい日本語書き換えツール 語彙データ,2020,,term,担任,担任,自分の　クラスの　先生,,False,False
02,出入国在留管理庁,やさしい日本語書き換えツール 語彙データ,2020,,term,PTA,PTA,保護者＜こどもの　家族、お父さん、お母さんなど＞と　先生の　会,,False,False
02,出入国在留管理庁,やさしい日本語書き換えツール 語彙データ,2020,,term,給食(1),給食,学校が　用意する　ごはん,,False,False
02,出入国在留管理庁,やさしい日本語書き換えツール 語彙データ,2020,,term,学級通信,学級通信,学校からの　お知らせ,,False,False
02,出入国在留管理庁,やさしい日本語書き換えツール 語彙データ,2020,,term,授業参観(1),授業参観,保護者＜こどもの　家族、お父さん、お母さんなど＞が　授業を　見る,,False,False
02,出入国在留管理庁,やさしい日本語書き換えツール 語彙データ,2020,,term,修学旅行,修学旅行,学校から　行く　旅行（泊まる　旅行）,,False,False
02,出入国在留管理庁,やさしい日本語書き換えツール 語彙データ,2020,,term,面談,面談,先生と　会って　話す,,False,False
02,出入国在留管理庁,やさしい日本語書き換えツール 語彙データ,2020,,term,学童保育,学童保育,学校が　おわった　あとに　こどもが　行く　ところ,,False,False
02,出入国在留管理庁,やさしい日本語書き換えツール 語彙データ,2020,,term,指導する,指導する,おしえる,,False,False
02,出入国在留管理庁,やさしい日本語書き換えツール 語彙データ,2020,,term,定時制,定時制,夜や　休みの日に　授業をする　学校,,False,False
02,出入国在留管理庁,やさしい日本語書き換えツール 語彙データ,2020,,term,通信制,通信制,家で　勉強することが　できる　学校（学校まで　行く　必要が　ない）,,False,False
02,出入国在留管理庁,やさしい日本語書き換えツール 語彙データ,2020,,term,奨学金,奨学金,勉強のために　かりることが　できる　お金<br>勉強のために　もらうことが　できる　お金,,False,False
02,出入国在留管理庁,やさしい日本語書き換えツール 語彙データ,2020,,term,～に鑑み,～に鑑み,～を考えて,,False,False
02,出入国在留管理庁,やさしい日本語書き換えツール 語彙データ,2020,,term,～に係る,～に係る,～のこと,,False,False
02,出入国在留管理庁,やさしい日本語書き換えツール 語彙データ,2020,,term,～の旨,～の旨,～のこと,,False,False
02,出入国在留管理庁,やさしい日本語書き換えツール 語彙データ,2020,,term,110番（ひゃくとおばん）,110番,警察／110（いちいちぜろ）,,False,False
02,出入国在留管理庁,やさしい日本語書き換えツール 語彙データ,2020,,term,セルフサービス(1),セルフサービス,自分でする,,False,False
02,出入国在留管理庁,やさしい日本語書き換えツール 語彙データ,2020,,term,たばこ税,たばこ税,たばこの税金,,False,False
02,出入国在留管理庁,やさしい日本語書き換えツール 語彙データ,2020,,term,バリアフリー,バリアフリー,段差のない、平らな,,False,False
02,出入国在留管理庁,やさしい日本語書き換えツール 語彙データ,2020,,term,ポイ捨て(1),ポイ捨て,道に捨てる,,False,False
02,出入国在留管理庁,やさしい日本語書き換えツール 語彙データ,2020,,term,ライフライン(1),ライフライン,水道、電気、ガス,,False,False
02,出入国在留管理庁,やさしい日本語書き換えツール 語彙データ,2020,,term,ルール(2),ルール,決まっていること,,False,False
02,出入国在留管理庁,やさしい日本語書き換えツール 語彙データ,2020,,term,ワンストップ,ワンストップ,一つの受付、窓口,,False,False
02,出入国在留管理庁,やさしい日本語書き換えツール 語彙データ,2020,,term,安否(2),安否,生きているか、けがをしているか、大丈夫か,,False,False
02,出入国在留管理庁,やさしい日本語書き換えツール 語彙データ,2020,,term,医療費,医療費,病気やけがを治すお金、病院に払うお金,,False,False
02,出入国在留管理庁,やさしい日本語書き換えツール 語彙データ,2020,,term,一括して,一括して,まとめて,,False,False
02,出入国在留管理庁,やさしい日本語書き換えツール 語彙データ,2020,,term,引火する(3),引火する,火がつく,,False,False
02,出入国在留管理庁,やさしい日本語書き換えツール 語彙データ,2020,,term,迂回,迂回,別の道を行く、違う道を行く,,False,False
02,出入国在留管理庁,やさしい日本語書き換えツール 語彙データ,2020,,term,往復,往復,行く時と帰る時,,False,False
02,出入国在留管理庁,やさしい日本語書き換えツール 語彙データ,2020,,term,応急措置(2),応急措置,簡単な手当,,False,False
02,出入国在留管理庁,やさしい日本語書き換えツール 語彙データ,2020,,term,下校,下校,（学校から）家に帰る,,False,False
02,出入国在留管理庁,やさしい日本語書き換えツール 語彙データ,2020,,term,可燃ごみ,可燃ごみ,燃えるごみ,,False,False
02,出入国在留管理庁,やさしい日本語書き換えツール 語彙データ,2020,,term,可否,可否,良いか、悪いか,,False,False
02,出入国在留管理庁,やさしい日本語書き換えツール 語彙データ,2020,,term,河川の増水,河川の増水,川の水が増える,,False,False
02,出入国在留管理庁,やさしい日本語書き換えツール 語彙データ,2020,,term,怪我人,怪我人,けがをした人,,False,False
02,出入国在留管理庁,やさしい日本語書き換えツール 語彙データ,2020,,term,懐中電灯(2),懐中電灯,手に持つ電気（ライト）,,False,False
02,出入国在留管理庁,やさしい日本語書き換えツール 語彙データ,2020,,term,崖が崩れる,崖が崩れる,崖が壊れた,,False,False
02,出入国在留管理庁,やさしい日本語書き換えツール 語彙データ,2020,,term,該当する,該当する,当てはまる、合う,,False,False
02,出入国在留管理庁,やさしい日本語書き換えツール 語彙データ,2020,,term,格段の,格段の,いろいろと、それぞれについて,,False,False
02,出入国在留管理庁,やさしい日本語書き換えツール 語彙データ,2020,,term,還付,還付,還付（お金が戻ってくること）,,False,False
02,出入国在留管理庁,やさしい日本語書き換えツール 語彙データ,2020,,term,危険(1),危険,危ない,,False,False
02,出入国在留管理庁,やさしい日本語書き換えツール 語彙データ,2020,,term,危険個所,危険個所,危ない所,,False,False
02,出入国在留管理庁,やさしい日本語書き換えツール 語彙データ,2020,,term,記入する(2),記入する,書く,,False,False
02,出入国在留管理庁,やさしい日本語書き換えツール 語彙データ,2020,,term,救援する,救援する,助ける,,False,False
02,出入国在留管理庁,やさしい日本語書き換えツール 語彙データ,2020,,term,救急車(3),救急車,病気やけがをした人を助ける車,,False,False
02,出入国在留管理庁,やさしい日本語書き換えツール 語彙データ,2020,,term,救助する(2),救助する,助ける,,False,False
02,出入国在留管理庁,やさしい日本語書き換えツール 語彙データ,2020,,term,給水(1),給水,水を配る、水をもらう,,False,False
02,出入国在留管理庁,やさしい日本語書き換えツール 語彙データ,2020,,term,給与,給与,働いてもらうお金,,False,False
02,出入国在留管理庁,やさしい日本語書き換えツール 語彙データ,2020,,term,居住,居住,住むこと,,False,False
02,出入国在留管理庁,やさしい日本語書き換えツール 語彙データ,2020,,term,禁煙,禁煙,タバコを吸ったらダメ,,False,False
02,出入国在留管理庁,やさしい日本語書き換えツール 語彙データ,2020,,term,緊急時(1),緊急時,とても危ないとき、助けが必要なとき,,False,False
02,出入国在留管理庁,やさしい日本語書き換えツール 語彙データ,2020,,term,緊急地震速報(1),緊急地震速報,緊急地震速報（地震のお知らせ）br【音声】地震がきます,,False,False
02,出入国在留管理庁,やさしい日本語書き換えツール 語彙データ,2020,,term,金融機関,金融機関,銀行や郵便局,,False,False
02,出入国在留管理庁,やさしい日本語書き換えツール 語彙データ,2020,,term,軽傷,軽傷,小さいけが,,False,False
02,出入国在留管理庁,やさしい日本語書き換えツール 語彙データ,2020,,term,欠席する(1),欠席する,休む,,False,False
02,出入国在留管理庁,やさしい日本語書き換えツール 語彙データ,2020,,term,建物が崩れる,建物が崩れる,建物が壊れた,,False,False
02,出入国在留管理庁,やさしい日本語書き換えツール 語彙データ,2020,,term,顕著,顕著,著しい、明らかに,,False,False
02,出入国在留管理庁,やさしい日本語書き換えツール 語彙データ,2020,,term,厳守する,厳守する,必ず守る,,False,False
02,出入国在留管理庁,やさしい日本語書き換えツール 語彙データ,2020,,term,減免(1),減免,出すお金を少なくする,,False,False
02,出入国在留管理庁,やさしい日本語書き換えツール 語彙データ,2020,,term,現住所,現住所,今住んでいる所,,False,False
02,出入国在留管理庁,やさしい日本語書き換えツール 語彙データ,2020,,term,故障,故障,壊れる,,False,False
02,出入国在留管理庁,やさしい日本語書き換えツール 語彙データ,2020,,term,交通機関(2),交通機関,電車、ばす、車など,,False,False
02,出入国在留管理庁,やさしい日本語書き換えツール 語彙データ,2020,,term,公共交通機関,公共交通機関,電車やバス,,False,False
02,出入国在留管理庁,やさしい日本語書き換えツール 語彙データ,2020,,term,口にあう,口にあう,美味しい／好き,,False,False
02,出入国在留管理庁,やさしい日本語書き換えツール 語彙データ,2020,,term,控除,控除,出すお金を少なくすること,,False,False
02,出入国在留管理庁,やさしい日本語書き換えツール 語彙データ,2020,,term,更新する(1),更新する,新しくする,,False,False
02,出入国在留管理庁,やさしい日本語書き換えツール 語彙データ,2020,,term,行方不明(3),行方不明,どこにいるかわからない,,False,False
02,出入国在留管理庁,やさしい日本語書き換えツール 語彙データ,2020,,term,高台(3),高台,高いところ,,False,False
02,出入国在留管理庁,やさしい日本語書き換えツール 語彙データ,2020,,term,骨折(2),骨折,骨を折る、骨を壊す,,False,False
02,出入国在留管理庁,やさしい日本語書き換えツール 語彙データ,2020,,term,最寄り駅(1),最寄り駅,いちばん近い駅,,False,False
02,出入国在留管理庁,やさしい日本語書き換えツール 語彙データ,2020,,term,三者面談,三者面談,お母さん／お父さんと◯◯君（子ども）と私（先生）と３人で話す,,False,False
02,出入国在留管理庁,やさしい日本語書き換えツール 語彙データ,2020,,term,支援(1),支援,困っていることを手伝うこと,,False,False
02,出入国在留管理庁,やさしい日本語書き換えツール 語彙データ,2020,,term,支給する,支給する,渡す、支払う、出す,,False,False
02,出入国在留管理庁,やさしい日本語書き換えツール 語彙データ,2020,,term,至急,至急,急いで／早く,,False,False
02,出入国在留管理庁,やさしい日本語書き換えツール 語彙データ,2020,,term,資する,資する,役立つ、助けとなる,,False,False
02,出入国在留管理庁,やさしい日本語書き換えツール 語彙データ,2020,,term,資金の交付,資金の交付,お金を渡す、お金を出す,,False,False
02,出入国在留管理庁,やさしい日本語書き換えツール 語彙データ,2020,,term,資産,資産,持っているお金や家など,,False,False
02,出入国在留管理庁,やさしい日本語書き換えツール 語彙データ,2020,,term,事前,事前,（～する）前に,,False,False
02,出入国在留管理庁,やさしい日本語書き換えツール 語彙データ,2020,,term,治療する(1),治療する,病気やけがを治す,,False,False
02,出入国在留管理庁,やさしい日本語書き換えツール 語彙データ,2020,,term,失業中,失業中,仕事がない、仕事をなくす,,False,False
02,出入国在留管理庁,やさしい日本語書き換えツール 語彙データ,2020,,term,疾病,疾病,病気,,False,False
02,出入国在留管理庁,やさしい日本語書き換えツール 語彙データ,2020,,term,写し,写し,コピー,,False,False
02,出入国在留管理庁,やさしい日本語書き換えツール 語彙データ,2020,,term,酒税,酒税,お酒の税金,,False,False
02,出入国在留管理庁,やさしい日本語書き換えツール 語彙データ,2020,,term,授業参観(2),授業参観,授業を見る,,False,False
02,出入国在留管理庁,やさしい日本語書き換えツール 語彙データ,2020,,term,授業料(2),授業料,授業を受けるお金,,False,False
02,出入国在留管理庁,やさしい日本語書き換えツール 語彙データ,2020,,term,周知する,周知する,広く知らせる、みんなに知らせる,,False,False
02,出入国在留管理庁,やさしい日本語書き換えツール 語彙データ,2020,,term,就職(2),就職,会社で仕事につく、仕事をする、働く,,False,False
02,出入国在留管理庁,やさしい日本語書き換えツール 語彙データ,2020,,term,従前の,従前の,これまでの、前からの,,False,False
02,出入国在留管理庁,やさしい日本語書き換えツール 語彙データ,2020,,term,重症,重症,大きなけがをした,,False,False
02,出入国在留管理庁,やさしい日本語書き換えツール 語彙データ,2020,,term,重体(1),重体,命が危ない,,False,False
02,出入国在留管理庁,やさしい日本語書き換えツール 語彙データ,2020,,term,出血(2),出血,血が出る,,False,False
02,出入国在留管理庁,やさしい日本語書き換えツール 語彙データ,2020,,term,出身,出身,国,,False,False
02,出入国在留管理庁,やさしい日本語書き換えツール 語彙データ,2020,,term,遵守する,遵守する,よく守る,,False,False
02,出入国在留管理庁,やさしい日本語書き換えツール 語彙データ,2020,,term,所定の,所定の,決まった,,False,False
02,出入国在留管理庁,やさしい日本語書き換えツール 語彙データ,2020,,term,書籍,書籍,本,,False,False
02,出入国在留管理庁,やさしい日本語書き換えツール 語彙データ,2020,,term,傷口,傷口,怪我をしている所,,False,False
02,出入国在留管理庁,やさしい日本語書き換えツール 語彙データ,2020,,term,床上浸水,床上浸水,家の中に水が（たくさん）入る,,False,False
02,出入国在留管理庁,やさしい日本語書き換えツール 語彙データ,2020,,term,消火器,消火器,火を消す道具,,False,False
02,出入国在留管理庁,やさしい日本語書き換えツール 語彙データ,2020,,term,消防車(2),消防車,火を消す車,,False,False
02,出入国在留管理庁,やさしい日本語書き換えツール 語彙データ,2020,,term,食料(2),食料,食べ物、たべるもの,,False,False
02,出入国在留管理庁,やさしい日本語書き換えツール 語彙データ,2020,,term,審査する,審査する,調べる、決める,,False,False
02,出入国在留管理庁,やさしい日本語書き換えツール 語彙データ,2020,,term,申告,申告,知らせる、役所に知らせる,,False,False
02,出入国在留管理庁,やさしい日本語書き換えツール 語彙データ,2020,,term,申請する,申請する,申し込む、お願いする,,False,False
02,出入国在留管理庁,やさしい日本語書き換えツール 語彙データ,2020,,term,震源地(2),震源地,地震の真ん中、地震の中心,,False,False
02,出入国在留管理庁,やさしい日本語書き換えツール 語彙データ,2020,,term,震度(1),震度,地震の大きさ,,False,False
02,出入国在留管理庁,やさしい日本語書き換えツール 語彙データ,2020,,term,数次,数次,何回も,,False,False
02,出入国在留管理庁,やさしい日本語書き換えツール 語彙データ,2020,,term,精密検査(2),精密検査,詳しい検査,,False,False
02,出入国在留管理庁,やさしい日本語書き換えツール 語彙データ,2020,,term,税目,税目,税金の種類,,False,False
02,出入国在留管理庁,やさしい日本語書き換えツール 語彙データ,2020,,term,措置,措置,取り扱い,,False,False
02,出入国在留管理庁,やさしい日本語書き換えツール 語彙データ,2020,,term,粗大ごみ(1),粗大ごみ,家から出す大きいごみ。タンスなど,,False,False
02,出入国在留管理庁,やさしい日本語書き換えツール 語彙データ,2020,,term,遡及する,遡及する,過去の、以前に、前に,,False,False
02,出入国在留管理庁,やさしい日本語書き換えツール 語彙データ,2020,,term,相続税,相続税,親などの家やお金をもらった時の税金,,False,False
02,出入国在留管理庁,やさしい日本語書き換えツール 語彙データ,2020,,term,相談窓口(2),相談窓口,相談するところ／相談できるところ,,False,False
02,出入国在留管理庁,やさしい日本語書き換えツール 語彙データ,2020,,term,対処する,対処する,取り組む,,False,False
02,出入国在留管理庁,やさしい日本語書き換えツール 語彙データ,2020,,term,滞納する(2),滞納する,まだ払っていない,,False,False
02,出入国在留管理庁,やさしい日本語書き換えツール 語彙データ,2020,,term,貸与,貸与,貸す,,False,False
02,出入国在留管理庁,やさしい日本語書き換えツール 語彙データ,2020,,term,大雨(3),大雨,雨がたくさん降る,,False,False
02,出入国在留管理庁,やさしい日本語書き換えツール 語彙データ,2020,,term,大津波警報,大津波警報,大津波警報（津波のお知らせ）br【音声】大きい津波がきます,,False,False
02,出入国在留管理庁,やさしい日本語書き換えツール 語彙データ,2020,,term,諾否,諾否,～を認めるか、認めないか,,False,False
02,出入国在留管理庁,やさしい日本語書き換えツール 語彙データ,2020,,term,断水(3),断水,水道が止まる、水が出ない,,False,False
02,出入国在留管理庁,やさしい日本語書き換えツール 語彙データ,2020,,term,地割れ,地割れ,地面が壊れた、道が壊れた,,False,False
02,出入国在留管理庁,やさしい日本語書き換えツール 語彙データ,2020,,term,地震が収まる,地震が収まる,地震が終わる,,False,False
02,出入国在留管理庁,やさしい日本語書き換えツール 語彙データ,2020,,term,逐次,逐次,順番に、次々に,,False,False
02,出入国在留管理庁,やさしい日本語書き換えツール 語彙データ,2020,,term,駐車禁止,駐車禁止,車を止めたらダメ,,False,False
02,出入国在留管理庁,やさしい日本語書き換えツール 語彙データ,2020,,term,駐輪場(2),駐輪場,自転車を止めるところ,,False,False
02,出入国在留管理庁,やさしい日本語書き換えツール 語彙データ,2020,,term,徴する,徴する,求める、要求する,,False,False
02,出入国在留管理庁,やさしい日本語書き換えツール 語彙データ,2020,,term,賃貸(2),賃貸,借りている家,,False,False
02,出入国在留管理庁,やさしい日本語書き換えツール 語彙データ,2020,,term,津波(3),津波,大きい波,,False,False
02,出入国在留管理庁,やさしい日本語書き換えツール 語彙データ,2020,,term,津波が襲う,津波が襲う,津波が来る,,False,False
02,出入国在留管理庁,やさしい日本語書き換えツール 語彙データ,2020,,term,通院する,通院する,病院に行く、病院に行く,,False,False
02,出入国在留管理庁,やさしい日本語書き換えツール 語彙データ,2020,,term,通報する(2),通報する,連絡する／電話する,,False,False
02,出入国在留管理庁,やさしい日本語書き換えツール 語彙データ,2020,,term,潰れる,潰れる,壊れた,,False,False
02,出入国在留管理庁,やさしい日本語書き換えツール 語彙データ,2020,,term,呈する,呈する,示す,,False,False
02,出入国在留管理庁,やさしい日本語書き換えツール 語彙データ,2020,,term,適宜,適宜,適切に、良いように,,False,False
02,出入国在留管理庁,やさしい日本語書き換えツール 語彙データ,2020,,term,登校(1),登校,学校に来る／行く,,False,False
02,出入国在留管理庁,やさしい日本語書き換えツール 語彙データ,2020,,term,土足厳禁(1),土足厳禁,くつをぬいでください,,False,False
02,出入国在留管理庁,やさしい日本語書き換えツール 語彙データ,2020,,term,捺印(1),捺印,はんこを押す,,False,False
02,出入国在留管理庁,やさしい日本語書き換えツール 語彙データ,2020,,term,納付書(2),納付書,納付書（税金を払うときに使う紙）,,False,False
02,出入国在留管理庁,やさしい日本語書き換えツール 語彙データ,2020,,term,配給,配給,配る、みんなに渡す,,False,False
02,出入国在留管理庁,やさしい日本語書き換えツール 語彙データ,2020,,term,罰金,罰金,お金を払う,,False,False
02,出入国在留管理庁,やさしい日本語書き換えツール 語彙データ,2020,,term,必須(1),必須,必ず,,False,False
02,出入国在留管理庁,やさしい日本語書き換えツール 語彙データ,2020,,term,必着のこと,必着のこと,～までにつくように出してください,,False,False
02,出入国在留管理庁,やさしい日本語書き換えツール 語彙データ,2020,,term,不燃ごみ,不燃ごみ,燃えないごみ,,False,False
02,出入国在留管理庁,やさしい日本語書き換えツール 語彙データ,2020,,term,付与する,付与する,与える、あげる,,False,False
02,出入国在留管理庁,やさしい日本語書き換えツール 語彙データ,2020,,term,扶養する,扶養する,生活の世話をする、生活を助ける,,False,False
02,出入国在留管理庁,やさしい日本語書き換えツール 語彙データ,2020,,term,父子,父子,おとうさんとこども,,False,False
02,出入国在留管理庁,やさしい日本語書き換えツール 語彙データ,2020,,term,負傷者(2),負傷者,ケガをした人,,False,False
02,出入国在留管理庁,やさしい日本語書き換えツール 語彙データ,2020,,term,併記する,併記する,併せて書く、一緒に書く,,False,False
02,出入国在留管理庁,やさしい日本語書き換えツール 語彙データ,2020,,term,閉店,閉店,店が終わる,,False,False
02,出入国在留管理庁,やさしい日本語書き換えツール 語彙データ,2020,,term,返却,返却,返す,,False,False
02,出入国在留管理庁,やさしい日本語書き換えツール 語彙データ,2020,,term,母子,母子,おかあさんとこども,,False,False
02,出入国在留管理庁,やさしい日本語書き換えツール 語彙データ,2020,,term,崩壊する,崩壊する,壊れる,,False,False
02,出入国在留管理庁,やさしい日本語書き換えツール 語彙データ,2020,,term,法人税,法人税,会社がかせいだお金の税金,,False,False
02,出入国在留管理庁,やさしい日本語書き換えツール 語彙データ,2020,,term,法令,法令,法律と命令、決まり,,False,False
02,出入国在留管理庁,やさしい日本語書き換えツール 語彙データ,2020,,term,未加入(2),未加入,まだ入っていない,,False,False
02,出入国在留管理庁,やさしい日本語書き換えツール 語彙データ,2020,,term,免除(2),免除,お金を払わなくていいこと,,False,False
02,出入国在留管理庁,やさしい日本語書き換えツール 語彙データ,2020,,term,目撃する,目撃する,見る,,False,False
02,出入国在留管理庁,やさしい日本語書き換えツール 語彙データ,2020,,term,問い合わせ先,問い合わせ先,問い合わせ先（分からないことを質問するところ）,,False,False
02,出入国在留管理庁,やさしい日本語書き換えツール 語彙データ,2020,,term,夜間(2),夜間,夜,,False,False
02,出入国在留管理庁,やさしい日本語書き換えツール 語彙データ,2020,,term,優先(1),優先,（ほかのものより）先にすること,,False,False
02,出入国在留管理庁,やさしい日本語書き換えツール 語彙データ,2020,,term,優先席,優先席,おじいさん・おばあさん・病気の人などが座るところ,,False,False
02,出入国在留管理庁,やさしい日本語書き換えツール 語彙データ,2020,,term,余震(3),余震,余震（あとから来る地震）,,False,False
02,出入国在留管理庁,やさしい日本語書き換えツール 語彙データ,2020,,term,与する,与する,役立つ,,False,False
02,出入国在留管理庁,やさしい日本語書き換えツール 語彙データ,2020,,term,履行,履行,行う,,False,False
02,出入国在留管理庁,やさしい日本語書き換えツール 語彙データ,2020,,term,離婚(2),離婚,夫婦ではなくなること、結婚をやめること,,False,False
02,出入国在留管理庁,やさしい日本語書き換えツール 語彙データ,2020,,term,離職,離職,仕事がない、仕事をなくす,,False,False
02,出入国在留管理庁,やさしい日本語書き換えツール 語彙データ,2020,,term,留意,留意,注意,,False,False
02,出入国在留管理庁,やさしい日本語書き換えツール 語彙データ,2020,,term,連絡先(2),連絡先,連絡するところ,,False,False
02,出入国在留管理庁,やさしい日本語書き換えツール 語彙データ,2020,,term,罹患,罹患,病気になる,,False,False
02,出入国在留管理庁,やさしい日本語書き換えツール 語彙データ,2020,,term,危険(2),危険,危ない,,False,False
02,出入国在留管理庁,やさしい日本語書き換えツール 語彙データ,2020,,term,体調が悪い,体調が悪い,元気がない,,False,False
02,出入国在留管理庁,やさしい日本語書き換えツール 語彙データ,2020,,term,お会計する,お会計する,お金を払う,,False,False
02,出入国在留管理庁,やさしい日本語書き換えツール 語彙データ,2020,,term,捺印(2),捺印,はんこを押す,,False,False
02,出入国在留管理庁,やさしい日本語書き換えツール 語彙データ,2020,,term,授業参観(3),授業参観,授業を見る,,False,False
02,出入国在留管理庁,やさしい日本語書き換えツール 語彙データ,2020,,term,通報する(3),通報する,連絡する ／ 電話する,,False,False
02,出入国在留管理庁,やさしい日本語書き換えツール 語彙データ,2020,,term,健診,健診,健康診断,,False,False
02,出入国在留管理庁,やさしい日本語書き換えツール 語彙データ,2020,,term,取説,取説,取扱説明書,,False,False
02,出入国在留管理庁,やさしい日本語書き換えツール 語彙データ,2020,,term,学割,学割,学生割引,,False,False
02,出入国在留管理庁,やさしい日本語書き換えツール 語彙データ,2020,,term,ペット,ペット,犬や猫などの動物,,False,False
02,出入国在留管理庁,やさしい日本語書き換えツール 語彙データ,2020,,term,お年寄り,お年寄り,おじいさん・おばあさん,,False,False
02,出入国在留管理庁,やさしい日本語書き換えツール 語彙データ,2020,,term,粗大ごみ(2),粗大ごみ,イスや机など大きいごみ,,False,False
02,出入国在留管理庁,やさしい日本語書き換えツール 語彙データ,2020,,term,お掛けください,お掛けください,座ってください,,False,False
02,出入国在留管理庁,やさしい日本語書き換えツール 語彙データ,2020,,term,お召し上がりください,お召し上がりください,食べてください,,False,False
02,出入国在留管理庁,やさしい日本語書き換えツール 語彙データ,2020,,term,拝見します,拝見します,見ます,,False,False
02,出入国在留管理庁,やさしい日本語書き換えツール 語彙データ,2020,,term,差し上げます,差し上げます,あげます ／ 渡します,,False,False
02,出入国在留管理庁,やさしい日本語書き換えツール 語彙データ,2020,,term,救急車(4),救急車,救急車 （病気やけがをした人を助ける車）,,False,False
02,出入国在留管理庁,やさしい日本語書き換えツール 語彙データ,2020,,term,避難訓練,避難訓練,避難訓練 （地震や台風のときに逃げる練習）,,False,False
02,出入国在留管理庁,やさしい日本語書き換えツール 語彙データ,2020,,term,余震(4),余震,余震 （あとからくる地震）,,False,False
02,出入国在留管理庁,やさしい日本語書き換えツール 語彙データ,2020,,term,停電(3),停電,停電 （電気を使うことができない）,,False,False
02,出入国在留管理庁,やさしい日本語書き換えツール 語彙データ,2020,,term,断水(4),断水,断水 （水道から水が出ない）,,False,False
02,出入国在留管理庁,やさしい日本語書き換えツール 語彙データ,2020,,term,行方不明(4),行方不明,行方不明 （どこにいるかわからない、見つからない）,,False,False
02,出入国在留管理庁,やさしい日本語書き換えツール 語彙データ,2020,,term,保護者(2),保護者,保護者 （子どもの家族、お父さん、お母さんなど）,,False,False
02,出入国在留管理庁,やさしい日本語書き換えツール 語彙データ,2020,,term,熱中症,熱中症,熱中症 （暑くて気持ち悪くなる、頭が痛くなる病気）,,False,False
02,出入国在留管理庁,やさしい日本語書き換えツール 語彙データ,2020,,term,暗証番号,暗証番号,暗証番号 （あなただけが知っている番号）,,False,False
02,出入国在留管理庁,やさしい日本語書き換えツール 語彙データ,2020,,term,お子様,お子様,あなたの子ども,,False,False
02,出入国在留管理庁,やさしい日本語書き換えツール 語彙データ,2020,,term,お手洗い,お手洗い,トイレ,,False,False
02,出入国在留管理庁,やさしい日本語書き換えツール 語彙データ,2020,,term,今朝(1),今朝,今日の朝,,False,False
02,出入国在留管理庁,やさしい日本語書き換えツール 語彙データ,2020,,term,更新(2),更新,新しくする,,False,False
02,出入国在留管理庁,やさしい日本語書き換えツール 語彙データ,2020,,term,不要です,不要です,いりません／いらないです,,False,False
02,出入国在留管理庁,やさしい日本語書き換えツール 語彙データ,2020,,term,小児科,小児科,子どもの病気やけがを治す病院,,False,False
02,出入国在留管理庁,やさしい日本語書き換えツール 語彙データ,2020,,term,終日運休,終日運休,今日は電車(バス)が動いていません／止まっています,,False,False
02,出入国在留管理庁,やさしい日本語書き換えツール 語彙データ,2020,,term,キャンセル(1),キャンセル,やめる,,False,False
02,出入国在留管理庁,やさしい日本語書き換えツール 語彙データ,2020,,term,(タイヤの)パンク,(タイヤの)パンク,タイヤに穴が開く／タイヤが壊れる,,False,False
02,出入国在留管理庁,やさしい日本語書き換えツール 語彙データ,2020,,term,ヘルシーな朝食,ヘルシーな朝食,体にいい朝ごはん,,False,False
02,出入国在留管理庁,やさしい日本語書き換えツール 語彙データ,2020,,term,ストレス(1),ストレス,疲れること／心配なこと,,False,False
02,出入国在留管理庁,やさしい日本語書き換えツール 語彙データ,2020,,term,ハザードマップ(1),ハザードマップ,地震や台風のときに危ないところがわかる地図,,False,False
02,出入国在留管理庁,やさしい日本語書き換えツール 語彙データ,2020,,term,ご両親,ご両親,○○さんのお父さんとお母さん,,False,False
02,出入国在留管理庁,やさしい日本語書き換えツール 語彙データ,2020,,term,両親,両親,お父さんとお母さん,,False,False
02,出入国在留管理庁,やさしい日本語書き換えツール 語彙データ,2020,,term,喫煙,喫煙,タバコを吸う,,False,False
02,出入国在留管理庁,やさしい日本語書き換えツール 語彙データ,2020,,term,今朝(2),今朝,今日の朝,,False,False
02,出入国在留管理庁,やさしい日本語書き換えツール 語彙データ,2020,,term,登校(2),登校,学校に行く,,False,False
02,出入国在留管理庁,やさしい日本語書き換えツール 語彙データ,2020,,term,記入,記入,書く,,False,False
02,出入国在留管理庁,やさしい日本語書き換えツール 語彙データ,2020,,term,利用,利用,使う,,False,False
02,出入国在留管理庁,やさしい日本語書き換えツール 語彙データ,2020,,term,未加入(3),未加入,まだ入っていない,,False,False
02,出入国在留管理庁,やさしい日本語書き換えツール 語彙データ,2020,,term,滞納,滞納,まだ払っていない,,False,False
02,出入国在留管理庁,やさしい日本語書き換えツール 語彙データ,2020,,term,土足厳禁(2),土足厳禁,靴を脱いでください,,False,False
02,出入国在留管理庁,やさしい日本語書き換えツール 語彙データ,2020,,term,医療機関を受診してください,医療機関を受診してください,病院に行ってください,,False,False
02,出入国在留管理庁,やさしい日本語書き換えツール 語彙データ,2020,,term,可能,可能,することができます,,False,False
02,出入国在留管理庁,やさしい日本語書き換えツール 語彙データ,2020,,term,不可能,不可能,することができません,,False,False
02,出入国在留管理庁,やさしい日本語書き換えツール 語彙データ,2020,,term,セルフサービス(2),セルフサービス,自分でする,,False,False
02,出入国在留管理庁,やさしい日本語書き換えツール 語彙データ,2020,,term,ノートパソコン,ノートパソコン,ラップトップ　コンピュータ,,False,False
02,出入国在留管理庁,やさしい日本語書き換えツール 語彙データ,2020,,term,授業参観(4),授業参観,授業を見る,,False,False
02,出入国在留管理庁,やさしい日本語書き換えツール 語彙データ,2020,,term,罹災証明書,罹災証明書,罹災証明（地震や大雨などで家が壊れた人のための書類）,,False,False
02,出入国在留管理庁,やさしい日本語書き換えツール 語彙データ,2020,,term,津波(4),津波,津波（大きな波）,,False,False
02,出入国在留管理庁,やさしい日本語書き換えツール 語彙データ,2020,,term,余震(5),余震,余震（あとからくる地震）,,False,False
02,出入国在留管理庁,やさしい日本語書き換えツール 語彙データ,2020,,term,外国人学校(1),外国人学校,外国人の子どものための学校。,,False,False
02,出入国在留管理庁,やさしい日本語書き換えツール 語彙データ,2020,,term,高校生等奨学給付金(1),高校生等奨学給付金,親の収入が少ない家庭が、教科書や勉強に必要なものを買うためにもらうことができるお金。（手続きが必要です。）,,False,False
02,出入国在留管理庁,やさしい日本語書き換えツール 語彙データ,2020,,term,高等学校卒業程度認定試験(1),高等学校卒業程度認定試験,高校を卒業していない人が受けることができる試験。合格したら、大学や専門学校などに入るための試験を受けることができます。,,False,False
02,出入国在留管理庁,やさしい日本語書き換えツール 語彙データ,2020,,term,高等学校就学支援金,高等学校就学支援金,親の収入が少ない高校生の家庭が、授業を受けるためにもらうことができるお金。（手続きが必要です。）,,False,False
02,出入国在留管理庁,やさしい日本語書き換えツール 語彙データ,2020,,term,中学校卒業程度認定試験(1),中学校卒業程度認定試験,日本の中学校を卒業していない人が受ける試験。,,False,False
02,出入国在留管理庁,やさしい日本語書き換えツール 語彙データ,2020,,term,日本留学試験,日本留学試験,日本の大学で勉強したい外国人が受ける試験。,,False,False
02,出入国在留管理庁,やさしい日本語書き換えツール 語彙データ,2020,,term,学童保育（児童育成クラブ）,学童保育（児童育成クラブ）,小学生が授業の終わったあと、仕事をしている親（お父さん、お母さんなど）が迎えに来るまで居ることができる場所。,,False,False
02,出入国在留管理庁,やさしい日本語書き換えツール 語彙データ,2020,,term,夜間中学(1),夜間中学,中学校を卒業していない人や、十分に通うことができなかった人が行く学校。,,False,False
02,出入国在留管理庁,やさしい日本語書き換えツール 語彙データ,2020,,term,遺族年金,遺族年金,年金に入っていた人・年金をもらっていた人が死んだとき、家族が年金からもらうことができるお金。（手続きが必要です。）（→年金）,,False,False
02,出入国在留管理庁,やさしい日本語書き換えツール 語彙データ,2020,,term,介護保険(1),介護保険,４０歳以上の人からお金を集めて、介護が必要になった人を助ける制度。（→介護）,,False,False
02,出入国在留管理庁,やさしい日本語書き換えツール 語彙データ,2020,,term,確定申告(2),確定申告,所得税を払うために、1年間の給料や、税金などを自分で計算して、住んでいるまちの税務署に出すこと。（手続きが必要です。）（→所得税、税金、税務署）,,False,False
02,出入国在留管理庁,やさしい日本語書き換えツール 語彙データ,2020,,term,課税証明書,課税証明書,前の年にもらった給料などの金額と、税金の額を証明する紙。（手続きが必要です。）（→税金）,,False,False
02,出入国在留管理庁,やさしい日本語書き換えツール 語彙データ,2020,,term,寡婦年金(1),寡婦年金,第１号被保険者の夫が死んだときに、妻が年金からもらうことができるお金。（手続きが必要です。）（→第１号被保険者、年金）,,False,False
02,出入国在留管理庁,やさしい日本語書き換えツール 語彙データ,2020,,term,給与所得の源泉徴収票(1),給与所得の源泉徴収票,１年間の給料や、国に払った税金などが書いている紙。（→税金）,,False,False
02,出入国在留管理庁,やさしい日本語書き換えツール 語彙データ,2020,,term,給与明細(1),給与明細,毎月の給料や、国に払っている税金などが書いている紙。毎月、会社からもらいます。（→税金）,,False,False
02,出入国在留管理庁,やさしい日本語書き換えツール 語彙データ,2020,,term,健康保険(1),健康保険,日本に住んでいる皆が入る保険。保険料を払うことで自分が病院に行ったときに払うお金が少なくなります。,,False,False
02,出入国在留管理庁,やさしい日本語書き換えツール 語彙データ,2020,,term,源泉徴収(2),源泉徴収,会社があなたの給料から税金を引いて、国に払います。（→税金）,,False,False
02,出入国在留管理庁,やさしい日本語書き換えツール 語彙データ,2020,,term,高額療養費(1),高額療養費,１か月に病院に払ったお金が多くなった時に後から戻ってくるお金。（手続が必要です。）,,False,False
02,出入国在留管理庁,やさしい日本語書き換えツール 語彙データ,2020,,term,後期高齢者医療制度(2),後期高齢者医療制度,７５歳以上の人が入る健康保険。（→健康保険）,,False,False
02,出入国在留管理庁,やさしい日本語書き換えツール 語彙データ,2020,,term,厚生年金保険(1),厚生年金保険,会社や工場、店などで決まった時間以上働いていて、６９歳までの人が入る年金。（→年金）,,False,False
02,出入国在留管理庁,やさしい日本語書き換えツール 語彙データ,2020,,term,国民健康保険(1),国民健康保険,社会保険に入っていない人が、入る健康保険。（→社会保険、健康保険）,,False,False
02,出入国在留管理庁,やさしい日本語書き換えツール 語彙データ,2020,,term,保険証(2),保険証,病院で出す健康保険のカード。（→健康保険）,,False,False
02,出入国在留管理庁,やさしい日本語書き換えツール 語彙データ,2020,,term,国民健康保険税,国民健康保険税,国民健康保険に入っている人が払う税金。（→税金）,,False,False
02,出入国在留管理庁,やさしい日本語書き換えツール 語彙データ,2020,,term,国民年金(2),国民年金,２０歳から６０歳の人が、みんな入る国の年金。（→年金）,,False,False
02,出入国在留管理庁,やさしい日本語書き換えツール 語彙データ,2020,,term,固定資産税(2),固定資産税,１月１日時点で土地や家などを持っている人が払う税金。（→税金）,,False,False
02,出入国在留管理庁,やさしい日本語書き換えツール 語彙データ,2020,,term,雇用保険(1),雇用保険,仕事がなくなった人や、会社をやめた後仕事が見つからない人がお金をもらえる制度。（手続きが必要です。）,,False,False
02,出入国在留管理庁,やさしい日本語書き換えツール 語彙データ,2020,,term,自動車税/軽自動車税種別割,自動車税/軽自動車税種別割,毎年4月1日に車を持っている人が払う税金。（→税金）,,False,False
02,出入国在留管理庁,やさしい日本語書き換えツール 語彙データ,2020,,term,自賠責保険(2),自賠責保険,車やオートバイを買ったとき、必ず入らないといけない保険。,,False,False
02,出入国在留管理庁,やさしい日本語書き換えツール 語彙データ,2020,,term,死亡一時金(1),死亡一時金,年金に入っていた人が年金をもらわずに死んだとき、家族が国民年金からもらうお金。（手続きが必要です。）（→年金、国民年金）,,False,False
02,出入国在留管理庁,やさしい日本語書き換えツール 語彙データ,2020,,term,社会保険,社会保険,会社で働いている人が入る健康保険。（→健康保険）,,False,False
02,出入国在留管理庁,やさしい日本語書き換えツール 語彙データ,2020,,term,住民税,住民税,１月１日に日本に住所があって、働いている人などが払う税金。（→税金）,,False,False
02,出入国在留管理庁,やさしい日本語書き換えツール 語彙データ,2020,,term,障害基礎年金(1),障害基礎年金,体などに障害がある人が、条件が合う場合に国民年金からもらうことができるお金。（→国民年金）,,False,False
02,出入国在留管理庁,やさしい日本語書き換えツール 語彙データ,2020,,term,障害厚生年金(1),障害厚生年金,体などに障害がある人が、条件が合う場合に厚生年金保険からもらうことができるお金。（→厚生年金保険）,,False,False
02,出入国在留管理庁,やさしい日本語書き換えツール 語彙データ,2020,,term,消費税(2),消費税,物を買ったときやサービスを受けたときに払う税金。（→税金）,,False,False
02,出入国在留管理庁,やさしい日本語書き換えツール 語彙データ,2020,,term,所得証明書,所得証明書,前の年に、給料などで、受け取った金額を証明する紙。（手続きが必要です。）,,False,False
02,出入国在留管理庁,やさしい日本語書き換えツール 語彙データ,2020,,term,所得税(1),所得税,働いてもらった給料など、自分に入ったお金がある人が国に払う税金。（→税金）,,False,False
02,出入国在留管理庁,やさしい日本語書き換えツール 語彙データ,2020,,term,税金(2),税金,国や県、市、区などに払うお金。,,False,False
02,出入国在留管理庁,やさしい日本語書き換えツール 語彙データ,2020,,term,税務署(2),税務署,税金の仕事をする所。（→税金）,,False,False
02,出入国在留管理庁,やさしい日本語書き換えツール 語彙データ,2020,,term,第１号被保険者(2),第１号被保険者,国民年金だけに入っている人。会社に入らないで自分の店を持っている人、農業（野菜などを作る仕事）や漁業（魚などをとる仕事）をしている人、働いていない人などです。（→国民年金）,,False,False
02,出入国在留管理庁,やさしい日本語書き換えツール 語彙データ,2020,,term,第２号被保険者(1),第２号被保険者,国民年金と厚生年金保険に入っている人。会社や工場、店などで働いている人です。(自分の１年の給料などが１３０万円より少ない人は国民年金だけに入っています。)（→国民年金、厚生年金保険）,,False,False
02,出入国在留管理庁,やさしい日本語書き換えツール 語彙データ,2020,,term,第３号被保険者(1),第３号被保険者,自分の夫や妻が厚生年金保険に入っている人。（会社や工場、店で手続きが必要です。）（→厚生年金保険）,,False,False
02,出入国在留管理庁,やさしい日本語書き換えツール 語彙データ,2020,,term,脱退一時金(2),脱退一時金,日本の厚生年金保険をやめて自分の国に帰る人がもらうことができるお金。(手続きが必要です。)（→厚生年金保険）,,False,False
02,出入国在留管理庁,やさしい日本語書き換えツール 語彙データ,2020,,term,特別徴収,特別徴収,会社が、住んでいるまちの役所に働いている人の住民税を払います。あなたの給料から、税金のお金を引いて払います。（→住民税）,,False,False
02,出入国在留管理庁,やさしい日本語書き換えツール 語彙データ,2020,,term,年金(2),年金,20歳以上のみんなからお金を集めて、年齢の高い人や、病気やけがで体などに障害が出た人を助ける制度。,,False,False
02,出入国在留管理庁,やさしい日本語書き換えツール 語彙データ,2020,,term,年末調整(2),年末調整,あなたが働いている会社があなたの代わりに確定申告をして、税金が足りない時は払います。多いときはお金が戻ります。（→確定申告、税金）,,False,False
02,出入国在留管理庁,やさしい日本語書き換えツール 語彙データ,2020,,term,納税証明書,納税証明書,税金を納めていることを証明する紙。（手続きが必要です。）,,False,False
02,出入国在留管理庁,やさしい日本語書き換えツール 語彙データ,2020,,term,納付書(3),納付書,税金を払う紙。（→税金）,,False,False
02,出入国在留管理庁,やさしい日本語書き換えツール 語彙データ,2020,,term,非課税証明書,非課税証明書,市・県民税がかかっていないことを証明する紙。（手続きが必要です。）,,False,False
02,出入国在留管理庁,やさしい日本語書き換えツール 語彙データ,2020,,term,療養費(1),療養費,病院で払ったお金を、あとで健康保険からもらうことができるお金。（手続きが必要です。）（→健康保険）,,False,False
02,出入国在留管理庁,やさしい日本語書き換えツール 語彙データ,2020,,term,労災保険,労災保険,仕事で、けがや病気をした人にお金が出る制度。（手続きが必要です。）,,False,False
02,出入国在留管理庁,やさしい日本語書き換えツール 語彙データ,2020,,term,老齢基礎年金(1),老齢基礎年金,６５歳以上の人が、１０年以上お金を払っていた時に、国民年金からもらうことができるお金。（→国民年金）,,False,False
02,出入国在留管理庁,やさしい日本語書き換えツール 語彙データ,2020,,term,老齢厚生年金(1),老齢厚生年金,６５歳以上の人が、１０年以上お金を払っていた時に、厚生年金保険からもらうことができるお金。（→厚生年金保険）,,False,False
02,出入国在留管理庁,やさしい日本語書き換えツール 語彙データ,2020,,term,給水(2),給水,水を配ること。,,False,False
02,出入国在留管理庁,やさしい日本語書き換えツール 語彙データ,2020,,term,給水所,給水所,水をもらうところ。,,False,False
02,出入国在留管理庁,やさしい日本語書き換えツール 語彙データ,2020,,term,給水車,給水車,水を配る車。,,False,False
02,出入国在留管理庁,やさしい日本語書き換えツール 語彙データ,2020,,term,緊急地震速報(2),緊急地震速報,強い地震が来る少し前に、テレビ、ラジオ、スマートフォンに出るお知らせ。（→地震）,,False,False
02,出入国在留管理庁,やさしい日本語書き換えツール 語彙データ,2020,,term,洪水(3),洪水,川の水があふれること。,,False,False
02,出入国在留管理庁,やさしい日本語書き換えツール 語彙データ,2020,,term,洪水・内水ハザードマップ,洪水・内水ハザードマップ,洪水などが起きたときに、どこが危険か書いている地図。（→洪水）,,False,False
02,出入国在留管理庁,やさしい日本語書き換えツール 語彙データ,2020,,term,災害(2),災害,地震・雨などが原因で人の命が危険になること。（→地震）,,False,False
02,出入国在留管理庁,やさしい日本語書き換えツール 語彙データ,2020,,term,災害時要援護者登録制度,災害時要援護者登録制度,災害の時に一人で逃げることができない人が登録します。近所の人は登録した人のことを知ることができます。（手続きが必要です。）（→災害）,,False,False
02,出入国在留管理庁,やさしい日本語書き換えツール 語彙データ,2020,,term,地震(3),地震,地面が揺れること。大きな地震では、建物が壊れたり、火事が起きたり、電気や水道などが使うことができなくなります。,,False,False
02,出入国在留管理庁,やさしい日本語書き換えツール 語彙データ,2020,,term,消防署,消防署,火事や事故の時に消防車や救急車を出します。,,False,False
02,出入国在留管理庁,やさしい日本語書き換えツール 語彙データ,2020,,term,台風(3),台風,大雨と強い風のこと。大雨で、川の水が増えたり、山の土が崩れたりするから危ないです。,,False,False
02,出入国在留管理庁,やさしい日本語書き換えツール 語彙データ,2020,,term,避難所(2),避難所,災害のとき、逃げる場所。（→災害）,,False,False
02,出入国在留管理庁,やさしい日本語書き換えツール 語彙データ,2020,,term,避難情報,避難情報,大雨や台風など、災害が起こるかもしれないとき、市町村が市民に「逃げてください」と伝える情報。（→災害）,,False,False
02,出入国在留管理庁,やさしい日本語書き換えツール 語彙データ,2020,,term,備蓄,備蓄,災害が起きたときに使う物を用意すること。（→災害）,,False,False
02,出入国在留管理庁,やさしい日本語書き換えツール 語彙データ,2020,,term,備蓄品,備蓄品,災害が起きたときにつかうための物。（→災害）,,False,False
02,出入国在留管理庁,やさしい日本語書き換えツール 語彙データ,2020,,term,防災訓練・避難訓練(2),防災訓練・避難訓練,災害が起きた時のために安全に逃げる道や安全な場所を知るために、住んでいるまちや地域で練習すること。（→災害）,,False,False
02,出入国在留管理庁,やさしい日本語書き換えツール 語彙データ,2020,,term,育児休業(2),育児休業,仕事をしている人が、子どもを育てるために、とることができる休み。（働いている所で手続きが必要です。）,,False,False
02,出入国在留管理庁,やさしい日本語書き換えツール 語彙データ,2020,,term,育児休業給付金,育児休業給付金,育児休業をしているあいだに、雇用保険からもらうことができるお金。（手続きが必要です。）（→育児休業、雇用保険）,,False,False
02,出入国在留管理庁,やさしい日本語書き換えツール 語彙データ,2020,,term,産前産後休業(2),産前産後休業,仕事をしている女の人が、赤ちゃんを産む前、産んだあとにとることができる休み。（働いている所で手続きが必要です。）,,False,False
02,出入国在留管理庁,やさしい日本語書き換えツール 語彙データ,2020,,term,児童手当(1),児童手当,子どもが中学校を卒業するまで、子どもを育てている人がもらうことができるお金。（手続きが必要です。）,,False,False
02,出入国在留管理庁,やさしい日本語書き換えツール 語彙データ,2020,,term,児童扶養手当(1),児童扶養手当,離婚などで、１８歳までの子どもを１人で育てている人 がもらうことができるお金。（手続きが必要です。）,,False,False
02,出入国在留管理庁,やさしい日本語書き換えツール 語彙データ,2020,,term,就学援助,就学援助,学校で使う物や給食などにかかるお金をもらうこと。収入が少ない小学生や中学生の親がもらうことができます。（手続きが必要です。）,,False,False
02,出入国在留管理庁,やさしい日本語書き換えツール 語彙データ,2020,,term,主任児童委員,主任児童委員,妊娠の事や子育てについて話を聞いて、サポートをする人。,,False,False
02,出入国在留管理庁,やさしい日本語書き換えツール 語彙データ,2020,,term,出産手当金(1),出産手当金,赤ちゃんを産むために仕事を休み、給料がもらえないとき、健康保険からもらうことができるお金。（手続きが必要です。）（→健康保険）,,False,False
02,出入国在留管理庁,やさしい日本語書き換えツール 語彙データ,2020,,term,出産育児一時金制度,出産育児一時金制度,健康保険に入っている人が子どもを産んだ時に払う病院のお金の一部を健康保険が払ってくれる制度。（詳しくは保険年金課に聞いてください。）（→健康保険）,,False,False
02,出入国在留管理庁,やさしい日本語書き換えツール 語彙データ,2020,,term,特別児童扶養手当(2),特別児童扶養手当,障害のある１９歳までの子どもを育てている人がもらうお金。（手続きが必要です。）,,False,False
02,出入国在留管理庁,やさしい日本語書き換えツール 語彙データ,2020,,term,乳幼児健診,乳幼児健診,乳児（生まれてから1年から1年半くらいまでの子ども）と幼児（満１歳から小学校に入るまでの子ども）が住んでいるまちの役所が、子どもの健康について調べること。,,False,False
02,出入国在留管理庁,やさしい日本語書き換えツール 語彙データ,2020,,term,認定こども園,認定こども園,小学校に入る前の子どもが通うところ。,,False,False
02,出入国在留管理庁,やさしい日本語書き換えツール 語彙データ,2020,,term,妊婦教室,妊婦教室,お腹に赤ちゃんがいる人に、赤ちゃんに大切なことを教えるところ。,,False,False
02,出入国在留管理庁,やさしい日本語書き換えツール 語彙データ,2020,,term,妊婦健診,妊婦健診,お腹の赤ちゃんが健康かどうかを調べること。,,False,False
02,出入国在留管理庁,やさしい日本語書き換えツール 語彙データ,2020,,term,ファミリー・サポート・センター(1),ファミリー・サポート・センター,まちで、子どもを育てることを助けてほしい人と助けたい人がお互いに助け合うところ。,,False,False
02,出入国在留管理庁,やさしい日本語書き換えツール 語彙データ,2020,,term,保育園(1),保育園,お父さんやお母さんが仕事・病気などで家で子どもを 育てることができない時に、子どもの世話をしてもら うことができます。0歳から５歳の子どもを預けるこ とができます。,,False,False
02,出入国在留管理庁,やさしい日本語書き換えツール 語彙データ,2020,,term,母子健康手帳(2),母子健康手帳,妊娠したら、住んでいるまちの役所に手続きをして、もらうことができる手帳。（手続きが必要です。）,,False,False
02,出入国在留管理庁,やさしい日本語書き換えツール 語彙データ,2020,,term,幼稚園(2),幼稚園,３歳から小学校に入る前の子どもが通うところ。,,False,False
02,出入国在留管理庁,やさしい日本語書き換えツール 語彙データ,2020,,term,印鑑登録証明書,印鑑登録証明書,登録したハンコ（実印）が書いてある紙。住んでいるまちの役所に、印鑑登録証を出したらもらうことができます。家や車を買うときなどに使います。（手続きが必要です。）（→実印、印鑑登録証）,,False,False
02,出入国在留管理庁,やさしい日本語書き換えツール 語彙データ,2020,,term,印鑑登録証(1),印鑑登録証,印鑑登録が終わったら、もらうことのできるカード。 印鑑登録証明書がほしいときに使います。 （手続きが必要です。）（→印鑑登録証明書）,,False,False
02,出入国在留管理庁,やさしい日本語書き換えツール 語彙データ,2020,,term,大家,大家,家や、マンション、アパートなどを貸す人。,,False,False
02,出入国在留管理庁,やさしい日本語書き換えツール 語彙データ,2020,,term,介護(2),介護,毎日の生活（食べること、お風呂に入ることなど）をすることがむずかしい人を、手伝うこと。,,False,False
02,出入国在留管理庁,やさしい日本語書き換えツール 語彙データ,2020,,term,介護休業(1),介護休業,仕事をしている人が、家族の介護をするために、とることができる休み。（手続きが必要です。）（→介護）,,False,False
02,出入国在留管理庁,やさしい日本語書き換えツール 語彙データ,2020,,term,介護休業給付金(2),介護休業給付金,介護休業をしているあいだに、雇用保険からもらうことができるお金。（手続きが必要です。）（→介護休業、雇用保険）,,False,False
02,出入国在留管理庁,やさしい日本語書き換えツール 語彙データ,2020,,term,介護認定,介護認定,介護が必要かどうかを決めます。（→介護）,,False,False
02,出入国在留管理庁,やさしい日本語書き換えツール 語彙データ,2020,,term,回覧板(1),回覧板,住んでいるまちの役所などからの、お知らせが書いている紙。読んだら、次の人に渡します。,,False,False
02,出入国在留管理庁,やさしい日本語書き換えツール 語彙データ,2020,,term,眼科(1),眼科,目の病気を治すところ。,,False,False
02,出入国在留管理庁,やさしい日本語書き換えツール 語彙データ,2020,,term,管理費（共益費）,管理費（共益費）,アパートやマンションに住んでいる人が、毎月払うお金。家賃のことではありません。（→家賃）,,False,False
02,出入国在留管理庁,やさしい日本語書き換えツール 語彙データ,2020,,term,救急車(5),救急車,急な病気の人や、けがをした人を病院に運ぶ車。呼びたいときは、携帯電話、スマートフォン、固定電話、公衆電話から119に電話をします。,,False,False
02,出入国在留管理庁,やさしい日本語書き換えツール 語彙データ,2020,,term,ケアマネジャー(1),ケアマネジャー,介護の相談を受けたり、介護のしかたを考えたりする人。（→介護）,,False,False
02,出入国在留管理庁,やさしい日本語書き換えツール 語彙データ,2020,,term,警察署,警察署,犯罪や事故を防ぐための仕事をしています。,,False,False
02,出入国在留管理庁,やさしい日本語書き換えツール 語彙データ,2020,,term,契約社員,契約社員,いつから、いつまで働くか、会社と契約している人。,,False,False
02,出入国在留管理庁,やさしい日本語書き換えツール 語彙データ,2020,,term,外科,外科,けがを治したり、手術をしたりします。,,False,False
02,出入国在留管理庁,やさしい日本語書き換えツール 語彙データ,2020,,term,（賃貸契約の）更新料,（賃貸契約の）更新料,賃貸契約が終わっても、同じ家に住むときに、家をかりていることを新しく約束するためのお金。（→賃貸契約）,,False,False
02,出入国在留管理庁,やさしい日本語書き換えツール 語彙データ,2020,,term,個人事業主,個人事業主,自分で仕事をしている人。,,False,False
02,出入国在留管理庁,やさしい日本語書き換えツール 語彙データ,2020,,term,戸籍抄本（戸籍個人事項証明書）,戸籍抄本（戸籍個人事項証明書）,日本人の出生・婚姻・死亡などの記録が載っているもの。,,False,False
02,出入国在留管理庁,やさしい日本語書き換えツール 語彙データ,2020,,term,戸籍謄本（戸籍全部事項証明書）,戸籍謄本（戸籍全部事項証明書）,人がどこでいつ生まれたか、結婚したか、死んだかなどの記録。,,False,False
02,出入国在留管理庁,やさしい日本語書き換えツール 語彙データ,2020,,term,ごみカレンダー,ごみカレンダー,どの種類のごみをいつに捨てるかが書いている紙。,,False,False
02,出入国在留管理庁,やさしい日本語書き換えツール 語彙データ,2020,,term,ごみ集積所,ごみ集積所,決まった日に、ごみを捨てるための場所。,,False,False
02,出入国在留管理庁,やさしい日本語書き換えツール 語彙データ,2020,,term,婚姻届(1),婚姻届,日本で結婚する人が、住んでいるまちの役所に出す紙。,,False,False
02,出入国在留管理庁,やさしい日本語書き換えツール 語彙データ,2020,,term,婚姻要件具備証明書,婚姻要件具備証明書,外国人が婚姻届を出すときに必要な紙。住んでいるまちの役所に出します。（→婚姻届）,,False,False
02,出入国在留管理庁,やさしい日本語書き換えツール 語彙データ,2020,,term,最低賃金(1),最低賃金,法律で決まっているいちばん安い給料。（都道府県ごとに決められています。）,,False,False
02,出入国在留管理庁,やさしい日本語書き換えツール 語彙データ,2020,,term,在留カード(1),在留カード,３か月より長く日本に住む外国人が持つ身分証明書のカード。名前や国籍、住所などが書いてあります。,,False,False
02,出入国在留管理庁,やさしい日本語書き換えツール 語彙データ,2020,,term,在留期間更新許可(1),在留期間更新許可,在留期限を長くしたいときにもらうもの。在留資格は変わりません。（手続きが必要です。）（→在留期限、在留資格）,,False,False
02,出入国在留管理庁,やさしい日本語書き換えツール 語彙データ,2020,,term,在留期限,在留期限,外国人が日本にいることができる最後の日。,,False,False
02,出入国在留管理庁,やさしい日本語書き換えツール 語彙データ,2020,,term,在留資格(1),在留資格,外国人が日本で住むことができるためのきまり。,,False,False
02,出入国在留管理庁,やさしい日本語書き換えツール 語彙データ,2020,,term,在留資格取得許可(1),在留資格取得許可,日本で生まれた外国人の赤ちゃんなどが在留カードをもらうこと。（手続きが必要です。）（→在留カード）,,False,False
02,出入国在留管理庁,やさしい日本語書き換えツール 語彙データ,2020,,term,在留資格変更許可,在留資格変更許可,在留資格を変えるときにもらうもの。（手続きが必要です。）（→在留資格）,,False,False
02,出入国在留管理庁,やさしい日本語書き換えツール 語彙データ,2020,,term,残業(2),残業,１日に決められた時間より長く働くこと。,,False,False
02,出入国在留管理庁,やさしい日本語書き換えツール 語彙データ,2020,,term,産婦人科,産婦人科,女性だけの病気を治したり、赤ちゃんを産んだりするところ。,,False,False
02,出入国在留管理庁,やさしい日本語書き換えツール 語彙データ,2020,,term,市営住宅,市営住宅,市が貸すマンションや、アパート。給料の少ない家族が、借りることができます。,,False,False
02,出入国在留管理庁,やさしい日本語書き換えツール 語彙データ,2020,,term,歯科,歯科,歯を治すところ。,,False,False
02,出入国在留管理庁,やさしい日本語書き換えツール 語彙データ,2020,,term,資格外活動許可(1),資格外活動許可,仕事ができない在留資格の人が、仕事をしたいときにもらうもの。（手続きが必要です。）（→在留資格）,,False,False
02,出入国在留管理庁,やさしい日本語書き換えツール 語彙データ,2020,,term,敷金（保証金）,敷金（保証金）,家を借りるときに払うお金。家を借りた人が出ていったあと大家が、家の壊れたところや汚くなったところを直すためなどに使います。（→大家）,,False,False
02,出入国在留管理庁,やさしい日本語書き換えツール 語彙データ,2020,,term,実印,実印,住んでいるまちの役所に認めてもらったはんこ。車や家を買う時などに使います。,,False,False
02,出入国在留管理庁,やさしい日本語書き換えツール 語彙データ,2020,,term,指定ごみ袋,指定ごみ袋,ごみを入れて捨てるための専用の袋。,,False,False
02,出入国在留管理庁,やさしい日本語書き換えツール 語彙データ,2020,,term,死亡届,死亡届,家族や一緒に生活していた人が死んだときに、まちの役所に出す紙。（手続きが必要です。）,,False,False
02,出入国在留管理庁,やさしい日本語書き換えツール 語彙データ,2020,,term,車検,車検,決められた期間に１度、車やオートバイが安全に走ることができるかを調べること。,,False,False
02,出入国在留管理庁,やさしい日本語書き換えツール 語彙データ,2020,,term,車検証(1),車検証,車検が終わった後にもらう紙。（→車検）,,False,False
02,出入国在留管理庁,やさしい日本語書き換えツール 語彙データ,2020,,term,就業規則(1),就業規則,会社が決めた、働く時のルール。（働く時間、給料、休日などについて書かれています。）,,False,False
02,出入国在留管理庁,やさしい日本語書き換えツール 語彙データ,2020,,term,住民票,住民票,市や町に住んでいる人の情報が書いている紙。（手続きが必要です。）,,False,False
02,出入国在留管理庁,やさしい日本語書き換えツール 語彙データ,2020,,term,出生届(2),出生届,人が生まれたときに役所に出す紙。,,False,False
02,出入国在留管理庁,やさしい日本語書き換えツール 語彙データ,2020,,term,消費生活センター,消費生活センター,ものを買う時や、サービスを受ける時に契約をして、売った人や会社と、トラブルになった時に相談するところ。,,False,False
02,出入国在留管理庁,やさしい日本語書き換えツール 語彙データ,2020,,term,身体障害者手帳(2),身体障害者手帳,体に障害がある人が住んでいるまちの役所からもらう手帳。（手続きが必要です。）,,False,False
02,出入国在留管理庁,やさしい日本語書き換えツール 語彙データ,2020,,term,生活困窮者自立支援制度,生活困窮者自立支援制度,生活に困っている人の困りごとを住んでいるまちの役所が一緒に考えて困りごとを解決する制度。,,False,False
02,出入国在留管理庁,やさしい日本語書き換えツール 語彙データ,2020,,term,生活保護,生活保護,生活のお金がなく困っている人が、生活に必要なお金をもらうことができる制度。,,False,False
02,出入国在留管理庁,やさしい日本語書き換えツール 語彙データ,2020,,term,整形外科(1),整形外科,骨、関節、筋肉などを治すところ。,,False,False
02,出入国在留管理庁,やさしい日本語書き換えツール 語彙データ,2020,,term,精神障害者保健福祉手帳,精神障害者保健福祉手帳,心に障害があって、毎日の生活が難しい人が、住んでいるまちの役所からもらう手帳。（手続きが必要です。）,,False,False
02,出入国在留管理庁,やさしい日本語書き換えツール 語彙データ,2020,,term,粗大ごみ(3),粗大ごみ,家具などの大きなごみ。家まで取りに来てもらうためには、市に予約をします。,,False,False
02,出入国在留管理庁,やさしい日本語書き換えツール 語彙データ,2020,,term,退職届(1),退職届,会社をやめるときに、理由などを書いて、会社に出す紙。,,False,False
02,出入国在留管理庁,やさしい日本語書き換えツール 語彙データ,2020,,term,短時間労働者,短時間労働者,1週間の働く時間が正社員に比べて短い人です。,,False,False
02,出入国在留管理庁,やさしい日本語書き換えツール 語彙データ,2020,,term,断水(5),断水,水道の水が止まります。,,False,False
02,出入国在留管理庁,やさしい日本語書き換えツール 語彙データ,2020,,term,町内会,町内会,近くに住んでいる人たちが作る会。,,False,False
02,出入国在留管理庁,やさしい日本語書き換えツール 語彙データ,2020,,term,仲介手数料(1),仲介手数料,家を借りるとき、あなたに家を紹介した不動産屋の手続きに払うお金です。,,False,False
02,出入国在留管理庁,やさしい日本語書き換えツール 語彙データ,2020,,term,賃貸契約(1),賃貸契約,お金を出して物や家を貸したり、借りたりする約束です。,,False,False
02,出入国在留管理庁,やさしい日本語書き換えツール 語彙データ,2020,,term,転居届,転居届,同じ市の中で、住む所を変える時に、今、住んでいる役所に知らせる書類（紙）。引っ越しする日から2週間以内までに出します。,,False,False
02,出入国在留管理庁,やさしい日本語書き換えツール 語彙データ,2020,,term,転出届(1),転出届,別の市に住む所を変える時に、今、住んでいる役所に出す書類（紙）です。引っ越しする2週間前から引っ越しする日までに出します。,,False,False
02,出入国在留管理庁,やさしい日本語書き換えツール 語彙データ,2020,,term,転入届(1),転入届,別の市から、今の市に住む所を変える時に、新しい役所に出す書類（紙）です。引っ越しする日から2週間以内に出します。,,False,False
02,出入国在留管理庁,やさしい日本語書き換えツール 語彙データ,2020,,term,内科(1),内科,外科以外の治療をするところ。（→外科）,,False,False
02,出入国在留管理庁,やさしい日本語書き換えツール 語彙データ,2020,,term,年次有給休暇(1),年次有給休暇,仕事を休んでも給料をもらうことができる休み。会社により１年でもらえる日数が決まっています。,,False,False
02,出入国在留管理庁,やさしい日本語書き換えツール 語彙データ,2020,,term,廃棄物,廃棄物,いらなくなったもの。ごみ。,,False,False
02,出入国在留管理庁,やさしい日本語書き換えツール 語彙データ,2020,,term,派遣社員(1),派遣社員,派遣会社から契約先の別の会社で働く人です。,,False,False
02,出入国在留管理庁,やさしい日本語書き換えツール 語彙データ,2020,,term,ハローワーク(1),ハローワーク,希望する仕事を紹介したり、アドバイスをしてくれたりする国の役所です。,,False,False
02,出入国在留管理庁,やさしい日本語書き換えツール 語彙データ,2020,,term,不動産屋(2),不動産屋,土地や家、建物を借りたい人や買いたい人に紹介する店です。,,False,False
02,出入国在留管理庁,やさしい日本語書き換えツール 語彙データ,2020,,term,（ごみの）分別,分別,ごみを決められた種類に分けて捨てること。,,False,False
02,出入国在留管理庁,やさしい日本語書き換えツール 語彙データ,2020,,term,防犯(1),防犯,犯罪の被害にあわないようにおきる前から考えておくこと。,,False,False
02,出入国在留管理庁,やさしい日本語書き換えツール 語彙データ,2020,,term,マイナンバー（個人番号）,マイナンバー（個人番号）,日本に住んでいる人が持つ番号。番号は、１２個の数字です。,,False,False
02,出入国在留管理庁,やさしい日本語書き換えツール 語彙データ,2020,,term,マイナンバーカード（個人番号カード）,マイナンバーカード（個人番号カード）,マイナンバーや名前、住所がわかるカード。顔の写真がつきます。（→マイナンバー）,,False,False
02,出入国在留管理庁,やさしい日本語書き換えツール 語彙データ,2020,,term,マイナンバー通知カード・通知書,マイナンバー通知カード・通知書,マイナンバーを知らせるための紙のカード。マイナンバーや、名前、住所などが書いてあります。顔の写真は入っていません。（→マイナンバー）,,False,False
02,出入国在留管理庁,やさしい日本語書き換えツール 語彙データ,2020,,term,まちづくりセンター,まちづくりセンター,まちの情報をもらったり、いろいろなことを学んだりすることができます。住んでいる家の近くにあります。,,False,False
02,出入国在留管理庁,やさしい日本語書き換えツール 語彙データ,2020,,term,民生委員・児童委員,民生委員・児童委員,生活や福祉・子育てについての相談やサポートをする人。,,False,False
02,出入国在留管理庁,やさしい日本語書き換えツール 語彙データ,2020,,term,民間住宅(1),民間住宅,市や県以外が持っている家。,,False,False
02,出入国在留管理庁,やさしい日本語書き換えツール 語彙データ,2020,,term,持ち家(1),持ち家,自分が買った家のこと。,,False,False
02,出入国在留管理庁,やさしい日本語書き換えツール 語彙データ,2020,,term,家賃(2),家賃,部屋を借りるためのお金。,,False,False
02,出入国在留管理庁,やさしい日本語書き換えツール 語彙データ,2020,,term,薬局・ドラッグストア,薬局・ドラッグストア,薬を売っている店。,,False,False
02,出入国在留管理庁,やさしい日本語書き換えツール 語彙データ,2020,,term,予防接種(2),予防接種,病気にならないための注射。,,False,False
02,出入国在留管理庁,やさしい日本語書き換えツール 語彙データ,2020,,term,療育手帳,療育手帳,知能に障害がある人がもらう手帳。住んでいるまちの役所からもらうことができます。（手続きが必要です。）,,False,False
02,出入国在留管理庁,やさしい日本語書き換えツール 語彙データ,2020,,term,礼金,礼金,家を借りるときに払うお礼のお金。,,False,False
02,出入国在留管理庁,やさしい日本語書き換えツール 語彙データ,2020,,term,（賃貸契約の）連帯保証人,（賃貸契約の）連帯保証人,家を借りる人が、部屋を壊したときに直すお金や、家賃を払う事ができないとき、代わりにお金を払う人。,,False,False
02,出入国在留管理庁,やさしい日本語書き換えツール 語彙データ,2020,,term,けっこうです,けっこうです,いりません,,False,False
02,出入国在留管理庁,やさしい日本語書き換えツール 語彙データ,2020,,term,委員,委員,～する人,,False,False
02,出入国在留管理庁,やさしい日本語書き換えツール 語彙データ,2020,,term,回収する(2),回収する,集める,,False,False
02,出入国在留管理庁,やさしい日本語書き換えツール 語彙データ,2020,,term,加入する,加入する,入る,,False,False
02,出入国在留管理庁,やさしい日本語書き換えツール 語彙データ,2020,,term,近所(2),近所,近く,,False,False
02,出入国在留管理庁,やさしい日本語書き換えツール 語彙データ,2020,,term,行事,行事,お祭りや運動会などの行事（例示する）,,False,False
02,出入国在留管理庁,やさしい日本語書き換えツール 語彙データ,2020,,term,清掃活動,清掃活動,掃除する,,False,False
02,出入国在留管理庁,やさしい日本語書き換えツール 語彙データ,2020,,term,トラブル,トラブル,困ったこと,,False,False
02,出入国在留管理庁,やさしい日本語書き換えツール 語彙データ,2020,,term,必須(2),必須,必ず,,False,False
02,出入国在留管理庁,やさしい日本語書き換えツール 語彙データ,2020,,term,ルール(3),ルール,決まっていること,,False,False
02,出入国在留管理庁,やさしい日本語書き換えツール 語彙データ,2020,,term,連絡先(3),連絡先,連絡するところ,,False,False
02,出入国在留管理庁,やさしい日本語書き換えツール 語彙データ,2020,,term,～を回す,～を回す,～を渡す,,False,False
02,出入国在留管理庁,やさしい日本語書き換えツール 語彙データ,2020,,term,印鑑,印鑑,判子,,False,False
02,出入国在留管理庁,やさしい日本語書き換えツール 語彙データ,2020,,term,記載する,記載する,載せる,,False,False
02,出入国在留管理庁,やさしい日本語書き換えツール 語彙データ,2020,,term,記入する(3),記入する,書く,,False,False
02,出入国在留管理庁,やさしい日本語書き換えツール 語彙データ,2020,,term,更新する(2),更新する,新しくする,,False,False
02,出入国在留管理庁,やさしい日本語書き換えツール 語彙データ,2020,,term,消印有効,消印有効,締切の日までに郵便局へ出せばよいこと,,False,False
02,出入国在留管理庁,やさしい日本語書き換えツール 語彙データ,2020,,term,原本,原本,（コピーする）元のもの,,False,False
02,出入国在留管理庁,やさしい日本語書き換えツール 語彙データ,2020,,term,減免(2),減免,少なくなること<br>なくなること,,False,False
02,出入国在留管理庁,やさしい日本語書き換えツール 語彙データ,2020,,term,コールセンター,コールセンター,電話で相談することができるところ,,False,False
02,出入国在留管理庁,やさしい日本語書き換えツール 語彙データ,2020,,term,住民登録,住民登録,住んでいることを役所に届ける,,False,False
02,出入国在留管理庁,やさしい日本語書き換えツール 語彙データ,2020,,term,助成,助成,援助,,False,False
02,出入国在留管理庁,やさしい日本語書き換えツール 語彙データ,2020,,term,所得(2),所得,給料,,False,False
02,出入国在留管理庁,やさしい日本語書き換えツール 語彙データ,2020,,term,申告する,申告する,伝える。提出する,,False,False
02,出入国在留管理庁,やさしい日本語書き換えツール 語彙データ,2020,,term,滞納する(3),滞納する,まだ払っていない,,False,False
02,出入国在留管理庁,やさしい日本語書き換えツール 語彙データ,2020,,term,手数料,手数料,手続きのためにかかるお金,,False,False
02,出入国在留管理庁,やさしい日本語書き換えツール 語彙データ,2020,,term,パンフレット,パンフレット,案内や説明を書いている紙,,False,False
02,出入国在留管理庁,やさしい日本語書き換えツール 語彙データ,2020,,term,必着,必着,必ず着くようにする,,False,False
02,出入国在留管理庁,やさしい日本語書き換えツール 語彙データ,2020,,term,フリーダイヤル,フリーダイヤル,電話は無料です。お金はいりません,,False,False
02,出入国在留管理庁,やさしい日本語書き換えツール 語彙データ,2020,,term,本人確認書類(2),本人確認書類,在留カードやパスポート（例示する）,,False,False
02,出入国在留管理庁,やさしい日本語書き換えツール 語彙データ,2020,,term,末日,末日,○月○日（具体的な日時を書く）,,False,False
02,出入国在留管理庁,やさしい日本語書き換えツール 語彙データ,2020,,term,免除(3),免除,いらなくなること,,False,False
02,出入国在留管理庁,やさしい日本語書き換えツール 語彙データ,2020,,term,臨時給付金,臨時給付金,特別にもらうお金,,False,False
02,出入国在留管理庁,やさしい日本語書き換えツール 語彙データ,2020,,term,業者,業者,専門に仕事をしている人,,False,False
02,出入国在留管理庁,やさしい日本語書き換えツール 語彙データ,2020,,term,収集する,収集する,集める,,False,False
02,出入国在留管理庁,やさしい日本語書き換えツール 語彙データ,2020,,term,焼却する,焼却する,焼いて捨てる,,False,False
02,出入国在留管理庁,やさしい日本語書き換えツール 語彙データ,2020,,term,処分,処分,捨てること,,False,False
02,出入国在留管理庁,やさしい日本語書き換えツール 語彙データ,2020,,term,分別,分別,種類によって分けること,,False,False
02,出入国在留管理庁,やさしい日本語書き換えツール 語彙データ,2020,,term,ポイ捨て(2),ポイ捨て,ごみをゴミ箱以外の場所へ捨てること,,False,False
02,出入国在留管理庁,やさしい日本語書き換えツール 語彙データ,2020,,term,リサイクル,リサイクル,もう一度使うこと,,False,False
02,出入国在留管理庁,やさしい日本語書き換えツール 語彙データ,2020,,term,親子,親子,親と子ども,,False,False
02,出入国在留管理庁,やさしい日本語書き換えツール 語彙データ,2020,,term,学用品,学用品,学校で使うもの,,False,False
02,出入国在留管理庁,やさしい日本語書き換えツール 語彙データ,2020,,term,給食(2),給食,学校で出る食事,,False,False
02,出入国在留管理庁,やさしい日本語書き換えツール 語彙データ,2020,,term,子育て,子育て,子どもを育てること,,False,False
02,出入国在留管理庁,やさしい日本語書き換えツール 語彙データ,2020,,term,～歳児,～歳児,～歳の子ども,,False,False
02,出入国在留管理庁,やさしい日本語書き換えツール 語彙データ,2020,,term,児童扶養手当(2),児童扶養手当,親が一人で子どもを育てている家がもらうお金,,False,False
02,出入国在留管理庁,やさしい日本語書き換えツール 語彙データ,2020,,term,世帯,世帯,家庭,,False,False
02,出入国在留管理庁,やさしい日本語書き換えツール 語彙データ,2020,,term,世帯主,世帯主,家庭の中心の人,,False,False
02,出入国在留管理庁,やさしい日本語書き換えツール 語彙データ,2020,,term,同居,同居,一緒に住むこと,,False,False
02,出入国在留管理庁,やさしい日本語書き換えツール 語彙データ,2020,,term,入園,入園,幼稚園や保育園に入ること,,False,False
02,出入国在留管理庁,やさしい日本語書き換えツール 語彙データ,2020,,term,妊婦,妊婦,お腹に赤ちゃんがいる人,,False,False
02,出入国在留管理庁,やさしい日本語書き換えツール 語彙データ,2020,,term,配偶者,配偶者,夫や妻,,False,False
02,出入国在留管理庁,やさしい日本語書き換えツール 語彙データ,2020,,term,保育,保育,小さい子どもを預かること,,False,False
02,出入国在留管理庁,やさしい日本語書き換えツール 語彙データ,2020,,term,保育園(2),保育園,小さい子どもを預かるところ,,False,False
02,出入国在留管理庁,やさしい日本語書き換えツール 語彙データ,2020,,term,保護者(3),保護者,親。親の代わりをする人,,False,False
02,出入国在留管理庁,やさしい日本語書き換えツール 語彙データ,2020,,term,養う,養う,育てる,,False,False
02,出入国在留管理庁,やさしい日本語書き換えツール 語彙データ,2020,,term,悪化する(2),悪化する,もっと悪くなる,,False,False
02,出入国在留管理庁,やさしい日本語書き換えツール 語彙データ,2020,,term,アレルギー,アレルギー,体の具合が悪くなること,,False,False
02,出入国在留管理庁,やさしい日本語書き換えツール 語彙データ,2020,,term,１錠(2),１錠,１つ,,False,False
02,出入国在留管理庁,やさしい日本語書き換えツール 語彙データ,2020,,term,ウイルス,ウイルス,病気,,False,False
02,出入国在留管理庁,やさしい日本語書き換えツール 語彙データ,2020,,term,食後(2),食後,ご飯を食べた後,,False,False
02,出入国在留管理庁,やさしい日本語書き換えツール 語彙データ,2020,,term,ストレス(2),ストレス,疲れること<br>心配なこと,,False,False
02,出入国在留管理庁,やさしい日本語書き換えツール 語彙データ,2020,,term,被保険者証,被保険者証,保険に入っていることを証明する紙,,False,False
02,出入国在留管理庁,やさしい日本語書き換えツール 語彙データ,2020,,term,問診票,問診票,（実物を見せて）この紙,,False,False
02,出入国在留管理庁,やさしい日本語書き換えツール 語彙データ,2020,,term,アクセス,アクセス,～へ行くための乗り物<br>インターネットでニュースを見ること,,False,False
02,出入国在留管理庁,やさしい日本語書き換えツール 語彙データ,2020,,term,インフォメーションセンター,インフォメーションセンター,相談（質問）できるところ,,False,False
02,出入国在留管理庁,やさしい日本語書き換えツール 語彙データ,2020,,term,観光名所,観光名所,有名なところ,,False,False
02,出入国在留管理庁,やさしい日本語書き換えツール 語彙データ,2020,,term,キャンセル(2),キャンセル,～をやめること,,False,False
02,出入国在留管理庁,やさしい日本語書き換えツール 語彙データ,2020,,term,宿泊する,宿泊する,泊まる,,False,False
02,出入国在留管理庁,やさしい日本語書き換えツール 語彙データ,2020,,term,素泊まり,素泊まり,寝るだけ,,False,False
02,出入国在留管理庁,やさしい日本語書き換えツール 語彙データ,2020,,term,半額,半額,料金が半分,,False,False
02,出入国在留管理庁,やさしい日本語書き換えツール 語彙データ,2020,,term,予定,予定,いつ～する,,False,False
02,出入国在留管理庁,やさしい日本語書き換えツール 語彙データ,2020,,term,旅券(2),旅券,パスポート。ビザ,,False,False
02,出入国在留管理庁,やさしい日本語書き換えツール 語彙データ,2020,,term,多くの,多くの,たくさんの,,False,False
02,出入国在留管理庁,やさしい日本語書き換えツール 語彙データ,2020,,term,年末,年末,○月○日まで,,False,False
02,出入国在留管理庁,やさしい日本語書き換えツール 語彙データ,2020,,term,年末年始,年末年始,○月○日から○月○日まで,,False,False
02,出入国在留管理庁,やさしい日本語書き換えツール 語彙データ,2020,,term,慌てない,慌てない,ゆっくりと。急がないで,,False,False
02,出入国在留管理庁,やさしい日本語書き換えツール 語彙データ,2020,,term,安否(3),安否,大丈夫かどうか,,False,False
02,出入国在留管理庁,やさしい日本語書き換えツール 語彙データ,2020,,term,生き埋め,生き埋め,壊れた建物の下にいて動けない人,,False,False
02,出入国在留管理庁,やさしい日本語書き換えツール 語彙データ,2020,,term,一部破損する,一部破損する,少し壊れる,,False,False
02,出入国在留管理庁,やさしい日本語書き換えツール 語彙データ,2020,,term,引火する(4),引火する,火がつく,,False,False
02,出入国在留管理庁,やさしい日本語書き換えツール 語彙データ,2020,,term,迂回する(2),迂回する,違う道を行く,,False,False
02,出入国在留管理庁,やさしい日本語書き換えツール 語彙データ,2020,,term,運転を見合わせる,運転を見合わせる,（電車は）来ない。動かない,,False,False
02,出入国在留管理庁,やさしい日本語書き換えツール 語彙データ,2020,,term,炎上する(2),炎上する,火が出る,,False,False
02,出入国在留管理庁,やさしい日本語書き換えツール 語彙データ,2020,,term,エンジンを切る,エンジンを切る,エンジンを止める,,False,False
02,出入国在留管理庁,やさしい日本語書き換えツール 語彙データ,2020,,term,応急措置(1),応急措置,少しだけ治す,,False,False
02,出入国在留管理庁,やさしい日本語書き換えツール 語彙データ,2020,,term,大声で,大声で,大きな声で,,False,False
02,出入国在留管理庁,やさしい日本語書き換えツール 語彙データ,2020,,term,家屋(2),家屋,住むところ。家,,False,False
02,出入国在留管理庁,やさしい日本語書き換えツール 語彙データ,2020,,term,外国人相談窓口,外国人相談窓口,外国人が相談できるところ,,False,False
02,出入国在留管理庁,やさしい日本語書き換えツール 語彙データ,2020,,term,確認する,確認する,よく見る,,False,False
02,出入国在留管理庁,やさしい日本語書き換えツール 語彙データ,2020,,term,火災(3),火災,火事,,False,False
02,出入国在留管理庁,やさしい日本語書き換えツール 語彙データ,2020,,term,がれき,がれき,建物が壊れたゴミ,,False,False
02,出入国在留管理庁,やさしい日本語書き換えツール 語彙データ,2020,,term,冠水,冠水,水が道にたくさんあること,,False,False
02,出入国在留管理庁,やさしい日本語書き換えツール 語彙データ,2020,,term,危険(3),危険,危ない,,False,False
02,出入国在留管理庁,やさしい日本語書き換えツール 語彙データ,2020,,term,犠牲者(2),犠牲者,死んだ人。けがをした人,,False,False
02,出入国在留管理庁,やさしい日本語書き換えツール 語彙データ,2020,,term,救急車(6),救急車,病気やけがをした人を運ぶ車,,False,False
02,出入国在留管理庁,やさしい日本語書き換えツール 語彙データ,2020,,term,救助(2),救助,助ける,,False,False
02,出入国在留管理庁,やさしい日本語書き換えツール 語彙データ,2020,,term,緊急時(2),緊急時,とても急いで助けが必要なとき。とても危ないとき,,False,False
02,出入国在留管理庁,やさしい日本語書き換えツール 語彙データ,2020,,term,近所(3),近所,近く,,False,False
02,出入国在留管理庁,やさしい日本語書き換えツール 語彙データ,2020,,term,警戒する(2),警戒する,気をつける,,False,False
02,出入国在留管理庁,やさしい日本語書き換えツール 語彙データ,2020,,term,決壊する,決壊する,壊れる,,False,False
02,出入国在留管理庁,やさしい日本語書き換えツール 語彙データ,2020,,term,現在,現在,今,,False,False
02,出入国在留管理庁,やさしい日本語書き換えツール 語彙データ,2020,,term,呼吸(2),呼吸,息,,False,False
02,出入国在留管理庁,やさしい日本語書き換えツール 語彙データ,2020,,term,妨げ,妨げ,じゃま,,False,False
02,出入国在留管理庁,やさしい日本語書き換えツール 語彙データ,2020,,term,支援(2),支援,手伝うこと。困っている人を助けること,,False,False
02,出入国在留管理庁,やさしい日本語書き換えツール 語彙データ,2020,,term,死者(2),死者,死んだ人,,False,False
02,出入国在留管理庁,やさしい日本語書き換えツール 語彙データ,2020,,term,指定された,指定された,決まった。決められた,,False,False
02,出入国在留管理庁,やさしい日本語書き換えツール 語彙データ,2020,,term,死亡する(2),死亡する,死んでいる,,False,False
02,出入国在留管理庁,やさしい日本語書き換えツール 語彙データ,2020,,term,重体(2),重体,命が危ない,,False,False
02,出入国在留管理庁,やさしい日本語書き換えツール 語彙データ,2020,,term,集団で,集団で,一緒に,,False,False
02,出入国在留管理庁,やさしい日本語書き換えツール 語彙データ,2020,,term,収集,収集,集める,,False,False
02,出入国在留管理庁,やさしい日本語書き換えツール 語彙データ,2020,,term,情報(2),情報,お知らせ,,False,False
02,出入国在留管理庁,やさしい日本語書き換えツール 語彙データ,2020,,term,震源地(3),震源地,地震の中心,,False,False
02,出入国在留管理庁,やさしい日本語書き換えツール 語彙データ,2020,,term,浸水(3),浸水,部屋に水が入る,,False,False
02,出入国在留管理庁,やさしい日本語書き換えツール 語彙データ,2020,,term,震度(2),震度,地震の大きさ,,False,False
02,出入国在留管理庁,やさしい日本語書き換えツール 語彙データ,2020,,term,水位,水位,水の高さ,,False,False
02,出入国在留管理庁,やさしい日本語書き換えツール 語彙データ,2020,,term,すみやかに,すみやかに,すぐに,,False,False
02,出入国在留管理庁,やさしい日本語書き換えツール 語彙データ,2020,,term,擦り傷,擦り傷,小さいケガ,,False,False
02,出入国在留管理庁,やさしい日本語書き換えツール 語彙データ,2020,,term,清潔な,清潔な,きれいな,,False,False
02,出入国在留管理庁,やさしい日本語書き換えツール 語彙データ,2020,,term,全壊,全壊,すべて壊れてしまう,,False,False
02,出入国在留管理庁,やさしい日本語書き換えツール 語彙データ,2020,,term,備える(3),備える,用意する,,False,False
02,出入国在留管理庁,やさしい日本語書き換えツール 語彙データ,2020,,term,大規模,大規模,大きい,,False,False
02,出入国在留管理庁,やさしい日本語書き換えツール 語彙データ,2020,,term,ただちに,ただちに,すぐに,,False,False
02,出入国在留管理庁,やさしい日本語書き換えツール 語彙データ,2020,,term,保つ,保つ,そのままにする,,False,False
02,出入国在留管理庁,やさしい日本語書き換えツール 語彙データ,2020,,term,断水(6),断水,水道を使うことができない,,False,False
02,出入国在留管理庁,やさしい日本語書き換えツール 語彙データ,2020,,term,近寄る,近寄る,近くへ行く,,False,False
02,出入国在留管理庁,やさしい日本語書き換えツール 語彙データ,2020,,term,注意する,注意する,気をつける,,False,False
02,出入国在留管理庁,やさしい日本語書き換えツール 語彙データ,2020,,term,調理器具,調理器具,料理を作るための道具,,False,False
02,出入国在留管理庁,やさしい日本語書き換えツール 語彙データ,2020,,term,通行止め,通行止め,通ることができないこと。ところ,,False,False
02,出入国在留管理庁,やさしい日本語書き換えツール 語彙データ,2020,,term,津波(5),津波,とても高い波,,False,False
02,出入国在留管理庁,やさしい日本語書き換えツール 語彙データ,2020,,term,デマ(2),デマ,うその話,,False,False
02,出入国在留管理庁,やさしい日本語書き換えツール 語彙データ,2020,,term,停電する,停電する,電気を使うことができない,,False,False
02,出入国在留管理庁,やさしい日本語書き換えツール 語彙データ,2020,,term,倒壊する(3),倒壊する,壊れる,,False,False
02,出入国在留管理庁,やさしい日本語書き換えツール 語彙データ,2020,,term,土砂災害,土砂災害,山から石や砂が落ちてくること,,False,False
02,出入国在留管理庁,やさしい日本語書き換えツール 語彙データ,2020,,term,土砂崩れ(3),土砂崩れ,山から石や砂が落ちてくること,,False,False
02,出入国在留管理庁,やさしい日本語書き換えツール 語彙データ,2020,,term,亡くなる,亡くなる,死ぬ,,False,False
02,出入国在留管理庁,やさしい日本語書き換えツール 語彙データ,2020,,term,流れ込む,流れ込む,流れてくる,,False,False
02,出入国在留管理庁,やさしい日本語書き換えツール 語彙データ,2020,,term,発生,発生,起きること,,False,False
02,出入国在留管理庁,やさしい日本語書き換えツール 語彙データ,2020,,term,早め,早め,できるだけ早く,,False,False
02,出入国在留管理庁,やさしい日本語書き換えツール 語彙データ,2020,,term,氾濫,氾濫,川の水がたくさん流れること,,False,False
02,出入国在留管理庁,やさしい日本語書き換えツール 語彙データ,2020,,term,控える,控える,できるだけ～しない,,False,False
02,出入国在留管理庁,やさしい日本語書き換えツール 語彙データ,2020,,term,被災地,被災地,（地震や津波）があったところ,,False,False
02,出入国在留管理庁,やさしい日本語書き換えツール 語彙データ,2020,,term,避難所(3),避難所,逃げるところ,,False,False
02,出入国在留管理庁,やさしい日本語書き換えツール 語彙データ,2020,,term,避難する(2),避難する,逃げる,,False,False
02,出入国在留管理庁,やさしい日本語書き換えツール 語彙データ,2020,,term,避難指示,避難指示,逃げるための注意,,False,False
02,出入国在留管理庁,やさしい日本語書き換えツール 語彙データ,2020,,term,火の始末をする,火の始末をする,火を消す,,False,False
02,出入国在留管理庁,やさしい日本語書き換えツール 語彙データ,2020,,term,不通(2),不通,動いていない,,False,False
02,出入国在留管理庁,やさしい日本語書き換えツール 語彙データ,2020,,term,復旧,復旧,電気や水道を）使うことができるようになること,,False,False
02,出入国在留管理庁,やさしい日本語書き換えツール 語彙データ,2020,,term,防災,防災,安全のために用意する,,False,False
02,出入国在留管理庁,やさしい日本語書き換えツール 語彙データ,2020,,term,暴風域,暴風域,強い風が吹くところ,,False,False
02,出入国在留管理庁,やさしい日本語書き換えツール 語彙データ,2020,,term,保護する(2),保護する,守る,,False,False
02,出入国在留管理庁,やさしい日本語書き換えツール 語彙データ,2020,,term,身軽な,身軽な,動きやすい,,False,False
02,出入国在留管理庁,やさしい日本語書き換えツール 語彙データ,2020,,term,身の安全を確保する,身の安全を確保する,自分の体を守る,,False,False
02,出入国在留管理庁,やさしい日本語書き換えツール 語彙データ,2020,,term,無料(2),無料,お金はいりません,,False,False
02,出入国在留管理庁,やさしい日本語書き換えツール 語彙データ,2020,,term,優先(2),優先,（ほかのものより）先にすること,,False,False
02,出入国在留管理庁,やさしい日本語書き換えツール 語彙データ,2020,,term,行方不明(5),行方不明,どこにいるか分からない人,,False,False
02,出入国在留管理庁,やさしい日本語書き換えツール 語彙データ,2020,,term,揺れ(2),揺れ,地震,,False,False
02,出入国在留管理庁,やさしい日本語書き換えツール 語彙データ,2020,,term,翌朝,翌朝,次の日の朝,,False,False
02,出入国在留管理庁,やさしい日本語書き換えツール 語彙データ,2020,,term,余震(6),余震,あとから来る地震,,False,False
02,出入国在留管理庁,やさしい日本語書き換えツール 語彙データ,2020,,term,ライフライン(2),ライフライン,電気やガスや水道のこと,,False,False
02,出入国在留管理庁,やさしい日本語書き換えツール 語彙データ,2020,,term,落下物(2),落下物,上から落ちるもの,,False,False
02,出入国在留管理庁,やさしい日本語書き換えツール 語彙データ,2020,,term,連絡先(4),連絡先,連絡するところ,,False,False
02,出入国在留管理庁,やさしい日本語書き換えツール 語彙データ,2020,,term,路地,路地,道,,False,False
02,出入国在留管理庁,やさしい日本語書き換えツール 語彙データ,2020,,term,～に関する,～に関する,～についての,,False,False
02,出入国在留管理庁,やさしい日本語書き換えツール 語彙データ,2020,,term,～付近,～付近,～の近く,,False,False
02,出入国在留管理庁,やさしい日本語書き換えツール 語彙データ,2020,,term,育児休業(1),育児休業,子どもを育てるために、とることができる休み。,,False,False
02,出入国在留管理庁,やさしい日本語書き換えツール 語彙データ,2020,,term,育児休業給付金,育児休業給付金,育児休業をしているあいだに、雇用保険からもらうことができるお金。（→育児休業、雇用保険）,,False,False
02,出入国在留管理庁,やさしい日本語書き換えツール 語彙データ,2020,,term,遺族基礎年金,遺族基礎年金,国民年金に入っていた人が死んだとき、家族が国民年金からもらうことができるお金。（→国民年金）,,False,False
02,出入国在留管理庁,やさしい日本語書き換えツール 語彙データ,2020,,term,遺族厚生年金,遺族厚生年金,厚生年金保険に入っていた人が死んだとき、家族が厚生年金保険からもらうことができるお金。（厚生年金保険）,,False,False
02,出入国在留管理庁,やさしい日本語書き換えツール 語彙データ,2020,,term,医療保険(2),医療保険,みんなからお金を集めて、けがや病気で病院に行く人を助ける制度。,,False,False
02,出入国在留管理庁,やさしい日本語書き換えツール 語彙データ,2020,,term,印鑑登録証明書,印鑑登録証明書,あなたの「実印」がどれか書いてある紙。住んでいるまちの役所でもらうことができます。（→実印）,,False,False
02,出入国在留管理庁,やさしい日本語書き換えツール 語彙データ,2020,,term,印鑑登録証(2),印鑑登録証,住んでいるまちの役所で印鑑登録証明書をもらうときに使うもの。「実印」を住んでいるまちの役所が認めたときにもらいます。（→印鑑登録証明書、実印）,,False,False
02,出入国在留管理庁,やさしい日本語書き換えツール 語彙データ,2020,,term,オーバーステイ,オーバーステイ,在留期限を過ぎても日本にいること。（→在留期限）,,False,False
02,出入国在留管理庁,やさしい日本語書き換えツール 語彙データ,2020,,term,大家,大家,家を貸す人。,,False,False
02,出入国在留管理庁,やさしい日本語書き換えツール 語彙データ,2020,,term,介護(3),介護,年をとったり、特別な病気になったりして、毎日の生活（食べること、お風呂に入ることなど）をすることがむずかしい人を手伝うこと。,,False,False
02,出入国在留管理庁,やさしい日本語書き換えツール 語彙データ,2020,,term,介護休業(2),介護休業,家族の介護をするために、とることができる休み。（→介護）,,False,False
02,出入国在留管理庁,やさしい日本語書き換えツール 語彙データ,2020,,term,介護休業給付金(1),介護休業給付金,介護休業をしているあいだに、雇用保険からもらうことができるお金。（→介護休業、雇用保険）,,False,False
02,出入国在留管理庁,やさしい日本語書き換えツール 語彙データ,2020,,term,外国人学校(2),外国人学校,外国人の子どものための学校。それぞれの国の文化や言葉に合わせた学校があります。,,False,False
02,出入国在留管理庁,やさしい日本語書き換えツール 語彙データ,2020,,term,介護保険(2),介護保険,40歳以上の人からお金を集めて、介護が必要になった人を助ける制度。（→介護）,,False,False
02,出入国在留管理庁,やさしい日本語書き換えツール 語彙データ,2020,,term,回覧板(2),回覧板,自治会・町内会で使う、住んでいるまちの役所などからのお知らせが書いてあるもの。読み終わったら次の人に渡します。（→自治会・町内会）,,False,False
02,出入国在留管理庁,やさしい日本語書き換えツール 語彙データ,2020,,term,確定申告(3),確定申告,会社などの源泉徴収や年末調整をしない人などの所得税の払い方。住んでいるまちの税務署＜＝税金の仕事をする役所＞に書類を出します。（→源泉徴収、年末調整、所得税）,,False,False
02,出入国在留管理庁,やさしい日本語書き換えツール 語彙データ,2020,,term,寡婦年金(2),寡婦年金,夫が死んだときに、妻が国民年金からもらうことができるお金。（→国民年金）,,False,False
02,出入国在留管理庁,やさしい日本語書き換えツール 語彙データ,2020,,term,眼科(2),眼科,目の病気を治す病院。,,False,False
02,出入国在留管理庁,やさしい日本語書き換えツール 語彙データ,2020,,term,管理費（共益費）,管理費（共益費）,アパートやマンションでみんなが使うものに払うお金。住んでいる人からお金を集めます。,,False,False
02,出入国在留管理庁,やさしい日本語書き換えツール 語彙データ,2020,,term,義務教育学校,義務教育学校,小学校と中学校が一つになった学校。,,False,False
02,出入国在留管理庁,やさしい日本語書き換えツール 語彙データ,2020,,term,救急車(7),救急車,急な病気の人や、けがをした人を病院に運ぶ車。,,False,False
02,出入国在留管理庁,やさしい日本語書き換えツール 語彙データ,2020,,term,給与所得の源泉徴収票(2),給与所得の源泉徴収票,会社があなたの１年間の給料や、源泉徴収した所得税などを書いた紙。（→源泉徴収、所得税）,,False,False
02,出入国在留管理庁,やさしい日本語書き換えツール 語彙データ,2020,,term,給与明細(2),給与明細,会社があなたの毎月の給料や、源泉徴収した所得税などを書いた紙。（→源泉徴収、所得税）,,False,False
02,出入国在留管理庁,やさしい日本語書き換えツール 語彙データ,2020,,term,緊急地震速報(3),緊急地震速報,強い地震が来る少し前に、テレビやスマートフォンに出るお知らせ。,,False,False
02,出入国在留管理庁,やさしい日本語書き換えツール 語彙データ,2020,,term,ケアマネジャー(2),ケアマネジャー,介護の相談を受けたり、介護のしかたを考える専門の人。（→介護）,,False,False
02,出入国在留管理庁,やさしい日本語書き換えツール 語彙データ,2020,,term,契約社員,契約社員,いつまで働くか決まっている人。３年以内に契約＜＝会社と働く人の約束＞が終わります。,,False,False
02,出入国在留管理庁,やさしい日本語書き換えツール 語彙データ,2020,,term,外科,外科,けがを治したり、手術をしたりする病院。,,False,False
02,出入国在留管理庁,やさしい日本語書き換えツール 語彙データ,2020,,term,健康保険(2),健康保険,会社で働いている人が入る医療保険。（→医療保険）,,False,False
02,出入国在留管理庁,やさしい日本語書き換えツール 語彙データ,2020,,term,源泉徴収(3),源泉徴収,会社があなたの代わりに所得税を国に払うこと。会社があなたの給料から所得税などを引いて払います。（→所得税）,,False,False
02,出入国在留管理庁,やさしい日本語書き換えツール 語彙データ,2020,,term,公営住宅,公営住宅,県や市などが貸す家。,,False,False
02,出入国在留管理庁,やさしい日本語書き換えツール 語彙データ,2020,,term,高額療養費(2),高額療養費,１か月に病院に払ったお金が多くなったときに戻ってくるお金。,,False,False
02,出入国在留管理庁,やさしい日本語書き換えツール 語彙データ,2020,,term,後期高齢者医療制度(1),後期高齢者医療制度,75歳以上の人が入る医療保険。（→医療保険）,,False,False
02,出入国在留管理庁,やさしい日本語書き換えツール 語彙データ,2020,,term,高校生等奨学給付金(2),高校生等奨学給付金,親の収入が少ない高校生が、教科書や勉強に使う物を買うためにもらうことができるお金。,,False,False
02,出入国在留管理庁,やさしい日本語書き換えツール 語彙データ,2020,,term,（賃貸契約の）更新料,（賃貸契約の）更新料,賃貸契約が終わっても、引っ越さないで同じ家に住むときに、家賃以外に払うお金。（→賃貸契約）,,False,False
02,出入国在留管理庁,やさしい日本語書き換えツール 語彙データ,2020,,term,厚生年金保険(2),厚生年金保険,会社や工場、店などで、決まった時間以上働いていて、69歳までの人が入る年金。（→年金）,,False,False
02,出入国在留管理庁,やさしい日本語書き換えツール 語彙データ,2020,,term,高等学校卒業程度認定試験(2),高等学校卒業程度認定試験,日本の高校を卒業していない人が受ける試験。合格したら、大学や専門学校などに入るための試験を受けることができます。,,False,False
02,出入国在留管理庁,やさしい日本語書き換えツール 語彙データ,2020,,term,高等学校等就学支援金,高等学校等就学支援金,あなたの代わりに、国が払う高校の授業料。,,False,False
02,出入国在留管理庁,やさしい日本語書き換えツール 語彙データ,2020,,term,国民健康保険(2),国民健康保険,会社の健康保険などに入っていない人が、自分で入る医療保険。（→健康保険、医療保険）,,False,False
02,出入国在留管理庁,やさしい日本語書き換えツール 語彙データ,2020,,term,国民年金(3),国民年金,20歳から59歳の人が、みんな入る国の年金。（→年金）,,False,False
02,出入国在留管理庁,やさしい日本語書き換えツール 語彙データ,2020,,term,固定資産税(1),固定資産税,土地や家を持っている人が払う税金。（→税金）,,False,False
02,出入国在留管理庁,やさしい日本語書き換えツール 語彙データ,2020,,term,雇用保険(2),雇用保険,会社をやめたあと仕事が見つからない人や育児休業、介護休業をしている人を助ける制度。（→育児休業、介護休業）,,False,False
02,出入国在留管理庁,やさしい日本語書き換えツール 語彙データ,2020,,term,婚姻届(2),婚姻届,結婚する人が住んでいるまちの役所に出す紙。,,False,False
02,出入国在留管理庁,やさしい日本語書き換えツール 語彙データ,2020,,term,婚姻要件具備証明書,婚姻要件具備証明書,外国人が婚姻届を住んでいるまちの役所に出すときに必要な紙。（→婚姻届）,,False,False
02,出入国在留管理庁,やさしい日本語書き換えツール 語彙データ,2020,,term,最低賃金(2),最低賃金,法律で決まっているいちばん安い給料。,,False,False
02,出入国在留管理庁,やさしい日本語書き換えツール 語彙データ,2020,,term,在留カード(2),在留カード,３か月より長く日本に住む外国人が入管からもらうカード。名前や国籍、住所などが書いてあります。,,False,False
02,出入国在留管理庁,やさしい日本語書き換えツール 語彙データ,2020,,term,在留期間更新許可(2),在留期間更新許可,在留期限を長くしたいときにもらうもの。在留資格は変わりません。（→在留期限、在留資格）,,False,False
02,出入国在留管理庁,やさしい日本語書き換えツール 語彙データ,2020,,term,在留期限,在留期限,外国人が日本にいることができる最後の日。,,False,False
02,出入国在留管理庁,やさしい日本語書き換えツール 語彙データ,2020,,term,在留資格(2),在留資格,外国人が日本でできること。仕事をすることができる、学校に行くことができる、家族と生活することができるなど。,,False,False
02,出入国在留管理庁,やさしい日本語書き換えツール 語彙データ,2020,,term,在留資格取得許可(2),在留資格取得許可,日本で生まれた外国人の赤ちゃんが在留カードをもらうこと。（→在留カード）,,False,False
02,出入国在留管理庁,やさしい日本語書き換えツール 語彙データ,2020,,term,在留資格変更許可,在留資格変更許可,在留資格を変えるときにもらうもの。（→在留資格）,,False,False
02,出入国在留管理庁,やさしい日本語書き換えツール 語彙データ,2020,,term,残業(3),残業,１日に８時間より長く働くこと。または、１週間に40時間より長く働くこと。,,False,False
02,出入国在留管理庁,やさしい日本語書き換えツール 語彙データ,2020,,term,産前産後休業(1),産前産後休業,会社で仕事をしている女の人が、赤ちゃんが生まれる前にとることができる休みと、赤ちゃんが生まれた後にとらなければいけない休み。,,False,False
02,出入国在留管理庁,やさしい日本語書き換えツール 語彙データ,2020,,term,産婦人科,産婦人科,女の人がなる病気を治したり、赤ちゃんを産んだりする病院,,False,False
02,出入国在留管理庁,やさしい日本語書き換えツール 語彙データ,2020,,term,歯科,歯科,歯を治す病院。,,False,False
02,出入国在留管理庁,やさしい日本語書き換えツール 語彙データ,2020,,term,資格外活動許可(2),資格外活動許可,仕事ができない在留資格の人が、仕事をしたいときにもらうもの。（→在留資格）,,False,False
02,出入国在留管理庁,やさしい日本語書き換えツール 語彙データ,2020,,term,敷金（保証金）,敷金（保証金）,家を借りるときに払うお金。家を借りた人が出て行ったあと大家が、家の壊れたところや汚くなったところを直すためなどに使います。（→大家）,,False,False
02,出入国在留管理庁,やさしい日本語書き換えツール 語彙データ,2020,,term,自治会・町内会,自治会・町内会,近くに住んでいる人たちが作る会。安全で住みやすいまちにするために一緒に考えます。,,False,False
02,出入国在留管理庁,やさしい日本語書き換えツール 語彙データ,2020,,term,実印,実印,住んでいるまちの役所に認めてもらったはんこ。車や家を買うときなどに使います。,,False,False
02,出入国在留管理庁,やさしい日本語書き換えツール 語彙データ,2020,,term,自動車重量税,自動車重量税,車検などのときに払う税金。（→車検、税金）,,False,False
02,出入国在留管理庁,やさしい日本語書き換えツール 語彙データ,2020,,term,自動車税／軽自動車税環境性能割,自動車税／軽自動車税環境性能割,車を買ったときに払う税金。（→税金）,,False,False
02,出入国在留管理庁,やさしい日本語書き換えツール 語彙データ,2020,,term,自動車税／軽自動車税種別割,自動車税／軽自動車税種別割,毎年４月１日に車を持っている人が払う税金。（→税金）,,False,False
02,出入国在留管理庁,やさしい日本語書き換えツール 語彙データ,2020,,term,児童手当(2),児童手当,子どもが中学校を卒業するまで、子どもを育てている人がもらうことができるお金。,,False,False
02,出入国在留管理庁,やさしい日本語書き換えツール 語彙データ,2020,,term,児童扶養手当(3),児童扶養手当,離婚などで、18歳までの子どもを１人で育てている人がもらうことができるお金。障害のある19歳までの子どもを１人で育てている人ももらうことができます。,,False,False
02,出入国在留管理庁,やさしい日本語書き換えツール 語彙データ,2020,,term,自賠責保険(1),自賠責保険,車やオートバイを運転する人からお金を集めて、事故にあった人を助ける制度。,,False,False
02,出入国在留管理庁,やさしい日本語書き換えツール 語彙データ,2020,,term,死亡一時金(2),死亡一時金,年金に入っていた人が死んだとき、家族が国民年金からもらうお金。（→国民年金）,,False,False
02,出入国在留管理庁,やさしい日本語書き換えツール 語彙データ,2020,,term,死亡届,死亡届,家族や一緒に生活していた人が死んだときに、まちの役所に出す紙。,,False,False
02,出入国在留管理庁,やさしい日本語書き換えツール 語彙データ,2020,,term,社会保険・労働保険,社会保険・労働保険,国が、働いている人と会社からお金を集めて、困った人を助ける制度。,,False,False
02,出入国在留管理庁,やさしい日本語書き換えツール 語彙データ,2020,,term,車検,車検,１年か２年に１度、車やオートバイが安全に走ることができるか（使うことができるか）などを調べること。,,False,False
02,出入国在留管理庁,やさしい日本語書き換えツール 語彙データ,2020,,term,車検証(2),車検証,車検が終わった後にもらう紙。（→車検）,,False,False
02,出入国在留管理庁,やさしい日本語書き換えツール 語彙データ,2020,,term,就学援助,就学援助,学校で使う物や給食などにかかるお金をもらうこと。収入が少ない小学生や中学生の親がもらうことができます。,,False,False
02,出入国在留管理庁,やさしい日本語書き換えツール 語彙データ,2020,,term,就業規則(2),就業規則,会社が決めた、働くときの細かいルール。,,False,False
02,出入国在留管理庁,やさしい日本語書き換えツール 語彙データ,2020,,term,住民税,住民税,１月１日に日本に住所があって、働いている人が県や市、区などに払う税金。（→税金）,,False,False
02,出入国在留管理庁,やさしい日本語書き換えツール 語彙データ,2020,,term,出産手当金(2),出産手当金,赤ちゃんを産むために会社を休み、給料がもらえないとき、健康保険からもらうことができるお金。（→健康保険）,,False,False
02,出入国在留管理庁,やさしい日本語書き換えツール 語彙データ,2020,,term,出生届(3),出生届,赤ちゃんが生まれたときにまちの役所に出す紙。,,False,False
02,出入国在留管理庁,やさしい日本語書き換えツール 語彙データ,2020,,term,出産育児一時金,出産育児一時金,赤ちゃんを産むとき、健康保険などからもらうことができるお金。（→健康保険）,,False,False
02,出入国在留管理庁,やさしい日本語書き換えツール 語彙データ,2020,,term,障害基礎年金(2),障害基礎年金,体などに障害がある人が、国民年金からもらうことができるお金。（→国民年金）,,False,False
02,出入国在留管理庁,やさしい日本語書き換えツール 語彙データ,2020,,term,障害厚生年金(2),障害厚生年金,体などに障害がある人が、厚生年金保険からもらうことができるお金。（→厚生年金保険）,,False,False
02,出入国在留管理庁,やさしい日本語書き換えツール 語彙データ,2020,,term,消費税(3),消費税,物を買ったときやサービスを受けたときに払う税金。（→税金）,,False,False
02,出入国在留管理庁,やさしい日本語書き換えツール 語彙データ,2020,,term,所得税(2),所得税,収入（働いてもらった給料など）から国に払う税金。（→税金）,,False,False
02,出入国在留管理庁,やさしい日本語書き換えツール 語彙データ,2020,,term,身体障害者手帳(1),身体障害者手帳,体に障害がある人が住んでいるまちの役所からもらう手帳。,,False,False
02,出入国在留管理庁,やさしい日本語書き換えツール 語彙データ,2020,,term,生活困窮者自立支援制度,生活困窮者自立支援制度,生活に困っている人（お金がない、仕事がない、住むところがない）を住んでいるまちの役所が一緒に考えて助ける制度。,,False,False
02,出入国在留管理庁,やさしい日本語書き換えツール 語彙データ,2020,,term,税金(3),税金,国や県、市、区などに払うお金。,,False,False
02,出入国在留管理庁,やさしい日本語書き換えツール 語彙データ,2020,,term,整形外科(2),整形外科,骨、関節、筋肉などを治す病院。,,False,False
02,出入国在留管理庁,やさしい日本語書き換えツール 語彙データ,2020,,term,精神障害者保健福祉手帳,精神障害者保健福祉手帳,心に障害があって、毎日の生活が難しい人が、住んでいるまちの役所からもらう手帳。,,False,False
02,出入国在留管理庁,やさしい日本語書き換えツール 語彙データ,2020,,term,租税条約,租税条約,税金について国と国とのあいだで決めた約束。日本と約束をしている国の人は、税金が少なくなることがあります。（→税金),,False,False
02,出入国在留管理庁,やさしい日本語書き換えツール 語彙データ,2020,,term,第１号被保険者(1),第１号被保険者,国民年金だけに入っている人。会社に入らないで自分の店を持っている人、農業＜＝野菜などを作る仕事＞や漁業＜＝魚などをとる仕事＞をしている人、働いていない人などです。（→国民年金）,,False,False
02,出入国在留管理庁,やさしい日本語書き換えツール 語彙データ,2020,,term,第３号被保険者(2),第３号被保険者,自分の夫や妻が厚生年金保険に入っている人、自分の夫や妻が65歳になる前の人、自分の１年の給料などが130万円より少ない人。国民年金だけに入っています。（→国民年金）,,False,False
02,出入国在留管理庁,やさしい日本語書き換えツール 語彙データ,2020,,term,退職届(2),退職届,会社をやめるとき、理由などを書いて、会社に出す紙。,,False,False
02,出入国在留管理庁,やさしい日本語書き換えツール 語彙データ,2020,,term,第２号被保険者(2),第２号被保険者,国民年金と厚生年金保険に入っている人。会社や工場、店などで働いている人です。（→国民年金、厚生年金保険）,,False,False
02,出入国在留管理庁,やさしい日本語書き換えツール 語彙データ,2020,,term,脱退一時金(1),脱退一時金,日本の年金をやめて自分の国に帰る人がもらうことができるお金。（→年金）,,False,False
02,出入国在留管理庁,やさしい日本語書き換えツール 語彙データ,2020,,term,短時間労働者,短時間労働者,働く時間が正社員より短いパートタイマーやアルバイトなど。,,False,False
02,出入国在留管理庁,やさしい日本語書き換えツール 語彙データ,2020,,term,仲介手数料(2),仲介手数料,家を借りるとき、あなたに家を紹介した不動産屋に払うお金。（→不動産屋）,,False,False
02,出入国在留管理庁,やさしい日本語書き換えツール 語彙データ,2020,,term,中学校卒業程度認定試験(2),中学校卒業程度認定試験,日本の中学校を卒業していない人が受ける試験。合格すると日本の高校に入るための試験を受けることができます。,,False,False
02,出入国在留管理庁,やさしい日本語書き換えツール 語彙データ,2020,,term,賃貸契約(2),賃貸契約,家を貸す人と借りる人の約束。,,False,False
02,出入国在留管理庁,やさしい日本語書き換えツール 語彙データ,2020,,term,転居届,転居届,同じまちの中で、引っ越しをするときに役所に出す紙。,,False,False
02,出入国在留管理庁,やさしい日本語書き換えツール 語彙データ,2020,,term,転出届(2),転出届,別のまちへ引っ越しをするときに、今まで住んでいた住所の役所に出す紙。引っ越しをして日本を出るときにも出します。,,False,False
02,出入国在留管理庁,やさしい日本語書き換えツール 語彙データ,2020,,term,転入届(2),転入届,別のまちから引っ越しをしたときに、新しい住所の役所に出す紙。引っ越しをして日本に住み始めたときにも出します。,,False,False
02,出入国在留管理庁,やさしい日本語書き換えツール 語彙データ,2020,,term,特別児童扶養手当(1),特別児童扶養手当,障害がある子どもを育てている人がもらうことができるお金。,,False,False
02,出入国在留管理庁,やさしい日本語書き換えツール 語彙データ,2020,,term,特別徴収,特別徴収,会社が、住んでいるまちの役所に働いている人の住民税を払うこと。会社があなたの給料から税金を引いて払います。（→住民税、税金）,,False,False
02,出入国在留管理庁,やさしい日本語書き換えツール 語彙データ,2020,,term,登山届,登山届,山に登る前に名前、住所、電話番号、登山ルートなどを書いて、役所などに届けておくもの。山で事故にあった人を助けるために役に立ちます。,,False,False
02,出入国在留管理庁,やさしい日本語書き換えツール 語彙データ,2020,,term,内科(2),内科,体の中の病気（かぜなど）を治す病院。,,False,False
02,出入国在留管理庁,やさしい日本語書き換えツール 語彙データ,2020,,term,日本留学試験（EJU）,日本留学試験（EJU）,外国から日本の大学に留学したい学生が受ける試験。,,False,False
02,出入国在留管理庁,やさしい日本語書き換えツール 語彙データ,2020,,term,乳幼児健診（乳幼児健康診査）,乳幼児健診（乳幼児健康診査）,住んでいるまちの役所が、赤ちゃんが健康かどうかを調べること。,,False,False
02,出入国在留管理庁,やさしい日本語書き換えツール 語彙データ,2020,,term,認定こども園,認定こども園,小学校に入る前の子どもが通うところ。ここは、幼稚園と保育園の両方の特徴があります。（→幼稚園、保育園）,,False,False
02,出入国在留管理庁,やさしい日本語書き換えツール 語彙データ,2020,,term,妊婦健診（妊婦健康診査）,妊婦健診（妊婦健康診査）,お腹に赤ちゃんがいる人が健康かどうかを調べること。,,False,False
02,出入国在留管理庁,やさしい日本語書き換えツール 語彙データ,2020,,term,年金(3),年金,みんなからお金を集めて、年齢の高い人や、病気やけがで体などに障害が出た人を助ける制度。,,False,False
02,出入国在留管理庁,やさしい日本語書き換えツール 語彙データ,2020,,term,年金手帳(2),年金手帳,年金に入った人がもらう手帳。（→年金）,,False,False
02,出入国在留管理庁,やさしい日本語書き換えツール 語彙データ,2020,,term,年次有給休暇(2),年次有給休暇,仕事を休んでも給料をもらうことができる休み。,,False,False
02,出入国在留管理庁,やさしい日本語書き換えツール 語彙データ,2020,,term,年末調整(3),年末調整,12月に会社が源泉徴収した所得税を計算して、調整するしくみ。多いときは会社があなたにお金を返します。少ないときはあなたが会社にお金を払います。（→源泉徴収、所得税）,,False,False
02,出入国在留管理庁,やさしい日本語書き換えツール 語彙データ,2020,,term,派遣社員(2),派遣社員,派遣会社と契約＜＝派遣会社との約束＞して、別の会社で働く人。,,False,False
02,出入国在留管理庁,やさしい日本語書き換えツール 語彙データ,2020,,term,ハザードマップ(2),ハザードマップ,災害が起きたときに、危ない場所や逃げる場所が書いてある地図。,,False,False
02,出入国在留管理庁,やさしい日本語書き換えツール 語彙データ,2020,,term,母親教室・父親教室,母親教室・父親教室,新しくお父さん・お母さんになる人に、赤ちゃんを産んで育てるときに大切なことを、教えるところ。,,False,False
02,出入国在留管理庁,やさしい日本語書き換えツール 語彙データ,2020,,term,ハローワーク(2),ハローワーク,仕事を紹介する国の役所。,,False,False
02,出入国在留管理庁,やさしい日本語書き換えツール 語彙データ,2020,,term,ファミリー・サポート・センター(2),ファミリー・サポート・センター,用事があるときに、子どもの世話をする人を紹介するところ。,,False,False
02,出入国在留管理庁,やさしい日本語書き換えツール 語彙データ,2020,,term,不動産屋(3),不動産屋,家を借りたい人や家を買いたい人にいろいろな家を紹介する店。,,False,False
02,出入国在留管理庁,やさしい日本語書き換えツール 語彙データ,2020,,term,保育園(3),保育園,親（お父さん・お母さん）が働いているとき、0歳から小学校に入る前の子どもの世話をするところ。子どもが身の回りの世話を受けたり、遊びながらいろいろなことを身につけていきます。,,False,False
02,出入国在留管理庁,やさしい日本語書き換えツール 語彙データ,2020,,term,放課後児童クラブ（学童保育）,放課後児童クラブ（学童保育）,親（お父さん・お母さん）が働いているとき、小学生の子どもの世話をしてもらうことができるところ。,,False,False
02,出入国在留管理庁,やさしい日本語書き換えツール 語彙データ,2020,,term,防災訓練・避難訓練(1),防災訓練・避難訓練,災害が起きたときのために、安全に逃げる練習や、火を消す練習をすること。,,False,False
02,出入国在留管理庁,やさしい日本語書き換えツール 語彙データ,2020,,term,防犯(2),防犯,犯罪の被害にあわないようにすること。,,False,False
02,出入国在留管理庁,やさしい日本語書き換えツール 語彙データ,2020,,term,母子健康手帳(3),母子健康手帳,お腹に赤ちゃんがいる人が、住んでいるまちの役所からもらう手帳。赤ちゃんやお母さんの健康などについて書くものです。,,False,False
02,出入国在留管理庁,やさしい日本語書き換えツール 語彙データ,2020,,term,民間住宅(2),民間住宅,大家から借りる家。（→大家）,,False,False
02,出入国在留管理庁,やさしい日本語書き換えツール 語彙データ,2020,,term,持ち家(2),持ち家,自分が買った家。,,False,False
02,出入国在留管理庁,やさしい日本語書き換えツール 語彙データ,2020,,term,夜間中学(2),夜間中学,中学校を卒業していない人や、十分に通うことができなかった人が行く学校。卒業した人は、高校に入るための試験を受けることができます。,,False,False
02,出入国在留管理庁,やさしい日本語書き換えツール 語彙データ,2020,,term,家賃(3),家賃,家を借りたときに毎月払うお金。,,False,False
02,出入国在留管理庁,やさしい日本語書き換えツール 語彙データ,2020,,term,薬局・ドラッグストア,薬局・ドラッグストア,薬を売っている店。,,False,False
02,出入国在留管理庁,やさしい日本語書き換えツール 語彙データ,2020,,term,幼稚園(3),幼稚園,３歳から小学校に入る前の子どもが通うところ。子どもが遊びながらいろいろなことを学びます。,,False,False
02,出入国在留管理庁,やさしい日本語書き換えツール 語彙データ,2020,,term,予防接種(3),予防接種,病気にならないための注射。,,False,False
02,出入国在留管理庁,やさしい日本語書き換えツール 語彙データ,2020,,term,療育手帳,療育手帳,知能に障害がある人が住んでいるまちの役所からもらう手帳。,,False,False
02,出入国在留管理庁,やさしい日本語書き換えツール 語彙データ,2020,,term,療養費(2),療養費,病院でかかったお金を自分で全部払ったときに、あとから医療保険からもらうことができるお金。（→医療保険）,,False,False
02,出入国在留管理庁,やさしい日本語書き換えツール 語彙データ,2020,,term,礼金,礼金,借りる家が決まったときに、家を借りる人が払うお礼のお金。,,False,False
02,出入国在留管理庁,やさしい日本語書き換えツール 語彙データ,2020,,term,（賃貸契約の）連帯保証人,（賃貸契約の）連帯保証人,家を借りた人が家賃を払うことができないときなどに、代わりに家賃を払う人。,,False,False
02,出入国在留管理庁,やさしい日本語書き換えツール 語彙データ,2020,,term,労災保険,労災保険,会社からお金を集めて、仕事で、けが・病気をした人などを助ける制度。,,False,False
02,出入国在留管理庁,やさしい日本語書き換えツール 語彙データ,2020,,term,老齢基礎年金(2),老齢基礎年金,65歳以上の人が国民年金からもらうことができるお金。（→国民年金）,,False,False
02,出入国在留管理庁,やさしい日本語書き換えツール 語彙データ,2020,,term,老齢厚生年金(2),老齢厚生年金,65歳以上の人が厚生年金保険からもらうことができるお金。（→厚生年金保険）,,False,False
03,弘前大学,災害基礎語彙集成,2013,防災,term,危ない,危ない,危(あぶ)ない,JLPT: ４,False,False
03,弘前大学,災害基礎語彙集成,2013,防災,term,安心,安心,安心(あんしん),JLPT: ３,False,False
03,弘前大学,災害基礎語彙集成,2013,防災,term,家,家,家(いえ),JLPT: ４,False,False
03,弘前大学,災害基礎語彙集成,2013,防災,term,痛い,痛い,痛(いた)い,JLPT: ４,False,False
03,弘前大学,災害基礎語彙集成,2013,防災,term,海,海,海(うみ),JLPT: ４,False,False
03,弘前大学,災害基礎語彙集成,2013,防災,term,収まる,収まる,終(お)わる,JLPT: １,False,False
03,弘前大学,災害基礎語彙集成,2013,防災,term,襲う,襲う,来(く)る,JLPT: １,False,False
03,弘前大学,災害基礎語彙集成,2013,防災,term,落ちる,落ちる,落(お)ちる,JLPT: ３,False,False
03,弘前大学,災害基礎語彙集成,2013,防災,term,音,音,音(おと),JLPT: ３,False,False
03,弘前大学,災害基礎語彙集成,2013,防災,term,海岸,海岸,海岸(かいがん),JLPT: ３,False,False
03,弘前大学,災害基礎語彙集成,2013,防災,term,懐中,懐中,手(て)に 持(も)つ 電気(でんき) ※１,JLPT: 級外,False,False
03,弘前大学,災害基礎語彙集成,2013,防災,term,火事,火事,火事(かじ),JLPT: ３,False,False
03,弘前大学,災害基礎語彙集成,2013,防災,term,ガス,ガス,ガス,JLPT: ３,False,False
03,弘前大学,災害基礎語彙集成,2013,防災,term,片付ける,片付ける,片付(かたづ)ける,JLPT: ３,False,False
03,弘前大学,災害基礎語彙集成,2013,防災,term,傾く,傾く,倒(たお)れるかも しれません,JLPT: ２,False,False
03,弘前大学,災害基礎語彙集成,2013,防災,term,学校,学校,学校(がっこう),JLPT: ４,False,False
03,弘前大学,災害基礎語彙集成,2013,防災,term,壁,壁,壁(かべ),JLPT: ３,False,False
03,弘前大学,災害基礎語彙集成,2013,防災,term,ガラス,ガラス,ガラス,JLPT: ３,False,False
03,弘前大学,災害基礎語彙集成,2013,防災,term,瓦,瓦,上(うえ)から 物(もの)が 落(お)ちてくるかも しれません ※２,JLPT: ２,False,False
03,弘前大学,災害基礎語彙集成,2013,防災,term,かわり,かわり,かわり ※３,JLPT: ３,False,False
03,弘前大学,災害基礎語彙集成,2013,防災,term,危険,危険,危険(きけん),JLPT: ３,False,False
03,弘前大学,災害基礎語彙集成,2013,防災,term,傷,傷,ケガ,JLPT: ２,False,False
03,弘前大学,災害基礎語彙集成,2013,防災,term,救急車,救急車,救急車(きゅうきゅうしゃ)＜病気(びょうき)や ケガをした人(ひと)を 助(たす)ける 車(くるま)＞,JLPT: 級外,False,False
03,弘前大学,災害基礎語彙集成,2013,防災,term,給水,給水,水(みず)を もらうこと 水(みず)を もらう ところ ※４,JLPT: 級外,False,False
03,弘前大学,災害基礎語彙集成,2013,防災,term,崩れる,崩れる,壊(こわ)れて 落(お)ちる,JLPT: ２,False,False
03,弘前大学,災害基礎語彙集成,2013,防災,term,汲む,汲む,水(みず)を 入(い)れる,JLPT: ２,False,False
03,弘前大学,災害基礎語彙集成,2013,防災,term,車,車,車(くるま),JLPT: ４,False,False
03,弘前大学,災害基礎語彙集成,2013,防災,term,グランド,グランド,外(そと)で 運動(うんどう)する 広(ひろ)い ところ,JLPT: ２,False,False
03,弘前大学,災害基礎語彙集成,2013,防災,term,けが,けが,ケガ,JLPT: ３,False,False
03,弘前大学,災害基礎語彙集成,2013,防災,term,煙,煙,火事(かじ)に 気(き)をつけて ください ※５,JLPT: ２,False,False
03,弘前大学,災害基礎語彙集成,2013,防災,term,公園,公園,公園(こうえん),JLPT: ４,False,False
03,弘前大学,災害基礎語彙集成,2013,防災,term,校庭,校庭,外(そと)で 運動(うんどう)する 広(ひろ)い ところ,JLPT: ２,False,False
03,弘前大学,災害基礎語彙集成,2013,防災,term,ご飯,ご飯,ご飯(はん),JLPT: ４,False,False
03,弘前大学,災害基礎語彙集成,2013,防災,term,怖い,怖い,怖(こわ)い,JLPT: ３,False,False
03,弘前大学,災害基礎語彙集成,2013,防災,term,怖さ,怖さ,怖(こわ)さ,JLPT: ３,False,False
03,弘前大学,災害基礎語彙集成,2013,防災,term,壊す,壊す,壊(こわ)す,JLPT: ３,False,False
03,弘前大学,災害基礎語彙集成,2013,防災,term,壊れる,壊れる,壊(こわ)れる,JLPT: ３,False,False
03,弘前大学,災害基礎語彙集成,2013,防災,term,探す,探す,探(さが)す,JLPT: ３,False,False
03,弘前大学,災害基礎語彙集成,2013,防災,term,叫ぶ,叫ぶ,大(おお)きい 声(こえ)で 言(い)う,JLPT: ２,False,False
03,弘前大学,災害基礎語彙集成,2013,防災,term,地震,地震,地震(じしん),JLPT: ３,False,False
03,弘前大学,災害基礎語彙集成,2013,防災,term,沈む,沈む,道(みち)が 壊(こわ)れる,JLPT: ２,False,False
03,弘前大学,災害基礎語彙集成,2013,防災,term,下敷き,下敷き,ケガをした人(ひと) ※６,JLPT: 級外,False,False
03,弘前大学,災害基礎語彙集成,2013,防災,term,消火器,消火器,火(ひ)を 消(け)す 道具(どうぐ),JLPT: 級外,False,False
03,弘前大学,災害基礎語彙集成,2013,防災,term,小学校,小学校,小学校(しょうがっこう),JLPT: ３,False,False
03,弘前大学,災害基礎語彙集成,2013,防災,term,地面,地面,道(みち),JLPT: ２,False,False
03,弘前大学,災害基礎語彙集成,2013,防災,term,地割れ,地割れ,道(みち)が 割(わ)れている,JLPT: 級外,False,False
03,弘前大学,災害基礎語彙集成,2013,防災,term,心臓,心臓,胸(むね) ※７,JLPT: ２,False,False
03,弘前大学,災害基礎語彙集成,2013,防災,term,震度,震度,震度(しんど)＜地震(じしん)の 大(おお)きさ＞,JLPT: 級外,False,False
03,弘前大学,災害基礎語彙集成,2013,防災,term,水道,水道,水道(すいどう),JLPT: ３,False,False
03,弘前大学,災害基礎語彙集成,2013,防災,term,スピーカー,スピーカー,放送(ほうそう)を する 機械(きかい),JLPT: ２,False,False
03,弘前大学,災害基礎語彙集成,2013,防災,term,生活,生活,生活(せいかつ),JLPT: ３,False,False
03,弘前大学,災害基礎語彙集成,2013,防災,term,体育館,体育館,体育館(たいいくかん) ※８,JLPT: 級外,False,False
03,弘前大学,災害基礎語彙集成,2013,防災,term,大震災,大震災,大(おお)きい 地震(じしん),JLPT: 級外,False,False
03,弘前大学,災害基礎語彙集成,2013,防災,term,倒れる,倒れる,倒(たお)れる,JLPT: ３,False,False
03,弘前大学,災害基礎語彙集成,2013,防災,term,助かる,助かる,生(い)きている,JLPT: ２,False,False
03,弘前大学,災害基礎語彙集成,2013,防災,term,助ける,助ける,助(たす)ける ※７,JLPT: ２,False,False
03,弘前大学,災害基礎語彙集成,2013,防災,term,食べる,食べる,食(た)べる,JLPT: ４,False,False
03,弘前大学,災害基礎語彙集成,2013,防災,term,注意,注意,注意(ちゅうい),JLPT: ３,False,False
03,弘前大学,災害基礎語彙集成,2013,防災,term,中学校,中学校,中学校(ちゅうがっこう),JLPT: ３,False,False
03,弘前大学,災害基礎語彙集成,2013,防災,term,津波,津波,津波(つなみ)＜とても 高(たか)い 波(なみ)＞ ※７,JLPT: １,False,False
03,弘前大学,災害基礎語彙集成,2013,防災,term,潰れる,潰れる,壊(こわ)れる,JLPT: ２,False,False
03,弘前大学,災害基礎語彙集成,2013,防災,term,テレビ,テレビ,テレビ,JLPT: ３,False,False
03,弘前大学,災害基礎語彙集成,2013,防災,term,電気,電気,電気(でんき),JLPT: ４,False,False
03,弘前大学,災害基礎語彙集成,2013,防災,term,天井,天井,上(うえ)から 物(もの)が 落(お)ちてくるかも しれません ※２,JLPT: ２,False,False
03,弘前大学,災害基礎語彙集成,2013,防災,term,電灯,電灯,電灯(でんとう),JLPT: ３,False,False
03,弘前大学,災害基礎語彙集成,2013,防災,term,トイレ,トイレ,トイレ,JLPT: ４,False,False
03,弘前大学,災害基礎語彙集成,2013,防災,term,灯,灯,電灯(でんとう) ※９,JLPT: ３,False,False
03,弘前大学,災害基礎語彙集成,2013,防災,term,通る,通る,通(とお)る,JLPT: ３,False,False
03,弘前大学,災害基礎語彙集成,2013,防災,term,波,波,波(なみ) ※７,JLPT: ２,False,False
03,弘前大学,災害基礎語彙集成,2013,防災,term,逃げる,逃げる,逃(に)げる,JLPT: ３,False,False
03,弘前大学,災害基礎語彙集成,2013,防災,term,運ぶ,運ぶ,運(はこ)ぶ,JLPT: ３,False,False
03,弘前大学,災害基礎語彙集成,2013,防災,term,破片,破片,小(ちい)さく 割(わ)れた ○○（名詞(めいし)） ※10,JLPT: ２,False,False
03,弘前大学,災害基礎語彙集成,2013,防災,term,火,火,火(ひ),JLPT: ３,False,False
03,弘前大学,災害基礎語彙集成,2013,防災,term,被害,被害,壊(こわ)れる,JLPT: ２,False,False
03,弘前大学,災害基礎語彙集成,2013,防災,term,避難,避難,逃(に)げる,JLPT: １,False,False
03,弘前大学,災害基礎語彙集成,2013,防災,term,ひび,ひび,割(わ)れている,JLPT: １,False,False
03,弘前大学,災害基礎語彙集成,2013,防災,term,ひび割れ,ひび割れ,割(わ)れている,JLPT: 級外,False,False
03,弘前大学,災害基礎語彙集成,2013,防災,term,ひび割れる,ひび割れる,割(わ)れる,JLPT: 級外,False,False
03,弘前大学,災害基礎語彙集成,2013,防災,term,病院,病院,病院(びょういん),JLPT: ４,False,False
03,弘前大学,災害基礎語彙集成,2013,防災,term,病気,病気,病気(びょうき),JLPT: ４,False,False
03,弘前大学,災害基礎語彙集成,2013,防災,term,ビル,ビル,ビル,JLPT: ３,False,False
03,弘前大学,災害基礎語彙集成,2013,防災,term,無事,無事,生(い)きている,JLPT: ２,False,False
03,弘前大学,災害基礎語彙集成,2013,防災,term,布団,布団,布団(ふとん),JLPT: ３,False,False
03,弘前大学,災害基礎語彙集成,2013,防災,term,船,船,船(ふね),JLPT: ３,False,False
03,弘前大学,災害基礎語彙集成,2013,防災,term,震える,震える,体(からだ)が 小(ちい)さく 揺(ゆ)れる,JLPT: ２,False,False
03,弘前大学,災害基礎語彙集成,2013,防災,term,風呂,風呂,風呂(ふろ),JLPT: ４,False,False
03,弘前大学,災害基礎語彙集成,2013,防災,term,放送,放送,放送(ほうそう),JLPT: ３,False,False
03,弘前大学,災害基礎語彙集成,2013,防災,term,ボランティア,ボランティア,ボランティア＜手伝(てつだ)う人(ひと)＞ ボランティア＜手伝(てつだ)うこと＞,JLPT: 級外,False,False
03,弘前大学,災害基礎語彙集成,2013,防災,term,マグニチュード,マグニチュード,マグニチュード＜地震(じしん)の 大(おお)きさ＞,JLPT: 級外,False,False
03,弘前大学,災害基礎語彙集成,2013,防災,term,水,水,水(みず),JLPT: ４,False,False
03,弘前大学,災害基礎語彙集成,2013,防災,term,燃える,燃える,焼(や)ける,JLPT: ２,False,False
03,弘前大学,災害基礎語彙集成,2013,防災,term,潜る,潜る,下(した)へ 入(はい)る,JLPT: ２,False,False
03,弘前大学,災害基礎語彙集成,2013,防災,term,もらう,もらう,もらう,JLPT: ３,False,False
03,弘前大学,災害基礎語彙集成,2013,防災,term,盛り上がる,盛り上がる,道(みち)が 壊(こわ)れる,JLPT: １,False,False
03,弘前大学,災害基礎語彙集成,2013,防災,term,焼ける,焼ける,焼(や)ける,JLPT: ３,False,False
03,弘前大学,災害基礎語彙集成,2013,防災,term,揺れ,揺れ,地震(じしん),JLPT: 級外,False,False
03,弘前大学,災害基礎語彙集成,2013,防災,term,揺れる,揺れる,揺(ゆ)れる,JLPT: ３,False,False
03,弘前大学,災害基礎語彙集成,2013,防災,term,余震,余震,余震(よしん)＜あとから 来(く)る 地震(じしん)＞,JLPT: 級外,False,False
03,弘前大学,災害基礎語彙集成,2013,防災,term,割れ,割れ,割(わ)れている,JLPT: ２,False,False
03,弘前大学,災害基礎語彙集成,2013,防災,term,割れる,割れる,割(わ)れる,JLPT: ３,False,False
03,弘前大学,災害基礎語彙集成,2013,防災,term,雨,雨,雨(あめ),JLPT: N5,False,False
03,弘前大学,災害基礎語彙集成,2013,防災,term,雨雲,雨雲,雨(あめ)が 降(ふ)ってくる 雲(くも),JLPT: 級外,False,False
03,弘前大学,災害基礎語彙集成,2013,防災,term,遺体,遺体,死(し)んだ人(ひと)の 体(からだ),JLPT: 級外,False,False
03,弘前大学,災害基礎語彙集成,2013,防災,term,受け付ける,受け付ける,受(う)け付(つ)ける,JLPT: N4,False,False
03,弘前大学,災害基礎語彙集成,2013,防災,term,動く,動く,動(うご)く,JLPT: N4,False,False
03,弘前大学,災害基礎語彙集成,2013,防災,term,雨量,雨量,雨(あめ)が 降(ふ)ってくる 量(りょう),JLPT: 級外,False,False
03,弘前大学,災害基礎語彙集成,2013,防災,term,運休,運休,電車(でんしゃ)や バスを 使(つか)うことが できないこと,JLPT: 級外,False,False
03,弘前大学,災害基礎語彙集成,2013,防災,term,影響,影響,影響(えいきょう)＊,JLPT: N2N3,True,False
03,弘前大学,災害基礎語彙集成,2013,防災,term,起きる,起きる,起(お)きる,JLPT: N5,False,False
03,弘前大学,災害基礎語彙集成,2013,防災,term,大雨,大雨,強(つよ)い 雨(あめ),JLPT: 級外,False,False
03,弘前大学,災害基礎語彙集成,2013,防災,term,大雨特別警報,大雨特別警報,強(つよ)い 雨(あめ)のとき 特別(とくべつ)に注意(ちゅうい)すること,JLPT: 級外 N4 級外,False,False
03,弘前大学,災害基礎語彙集成,2013,防災,term,家屋,家屋,住(す)む ところ / 家(いえ),JLPT: N2N3,False,False
03,弘前大学,災害基礎語彙集成,2013,防災,term,河川,河川,川(かわ),JLPT: N1,False,False
03,弘前大学,災害基礎語彙集成,2013,防災,term,確認,確認,確認(かくにん)＊,JLPT: N2N3,True,False
03,弘前大学,災害基礎語彙集成,2013,防災,term,活動,活動,活動(かつどう)＊,JLPT: N2N3,True,False
03,弘前大学,災害基礎語彙集成,2013,防災,term,雷,雷,雷(かみなり)＊,JLPT: N2N3,True,False
03,弘前大学,災害基礎語彙集成,2013,防災,term,がれき,がれき,建物(たてもの)が 壊(こわ)れた ゴミ,JLPT: 級外,False,False
03,弘前大学,災害基礎語彙集成,2013,防災,term,冠水,冠水,水(みず)が 道(みち)に たくさんあること,JLPT: 級外,False,False
03,弘前大学,災害基礎語彙集成,2013,防災,term,危険,危険,危険(きけん),JLPT: N4,False,False
03,弘前大学,災害基礎語彙集成,2013,防災,term,記録,記録,記録(きろく)＊,JLPT: N2N3,True,False
03,弘前大学,災害基礎語彙集成,2013,防災,term,救助,救助,助(たす)ける＊,JLPT: N2N3,True,False
03,弘前大学,災害基礎語彙集成,2013,防災,term,崩れる,崩れる,壊(こわ)れて 落(お)ちる,JLPT: N2N3,False,False
03,弘前大学,災害基礎語彙集成,2013,防災,term,車,車,車(くるま),JLPT: N5,False,False
03,弘前大学,災害基礎語彙集成,2013,防災,term,警戒,警戒,注意(ちゅうい)すること,JLPT: N1,False,False
03,弘前大学,災害基礎語彙集成,2013,防災,term,決壊,決壊,壊(こわ)れる,JLPT: 級外,False,False
03,弘前大学,災害基礎語彙集成,2013,防災,term,建設,建設,建物(たてもの)を 建(た)てること,JLPT: N2N3,False,False
03,弘前大学,災害基礎語彙集成,2013,防災,term,降水,降水,雨(あめ)が 降(ふ)ること,JLPT: N1,False,False
03,弘前大学,災害基礎語彙集成,2013,防災,term,洪水,洪水,川(かわ)の 水(みず)が たくさん 外(そと)に 流(なが)れること,JLPT: N1,False,False
03,弘前大学,災害基礎語彙集成,2013,防災,term,豪雨,豪雨,強(つよ)い 雨(あめ),JLPT: 級外,False,False
03,弘前大学,災害基礎語彙集成,2013,防災,term,災害,災害,(地震(じしん) や 津波(つなみ) で)危(あぶ)ないこと,JLPT: N1,False,False
03,弘前大学,災害基礎語彙集成,2013,防災,term,支援,支援,手伝(てつだ)うこと / 困(こま)っている人(ひと)を 助(たす)ける＊こと,JLPT: 級外,True,False
03,弘前大学,災害基礎語彙集成,2013,防災,term,死者,死者,死(し)んだ人(ひと),JLPT: 級外,False,False
03,弘前大学,災害基礎語彙集成,2013,防災,term,事業,事業,大(おお)きな 仕事(しごと),JLPT: N1,False,False
03,弘前大学,災害基礎語彙集成,2013,防災,term,死亡,死亡,死(し)ぬ,JLPT: N2N3,False,False
03,弘前大学,災害基礎語彙集成,2013,防災,term,自衛,自衛,自分(じぶん) の 体(からだ)を 安全(あんぜん)にする,JLPT: N2N3,False,False
03,弘前大学,災害基礎語彙集成,2013,防災,term,自宅,自宅,自分(じぶん) の 家(いえ),JLPT: N2N3,False,False
03,弘前大学,災害基礎語彙集成,2013,防災,term,住民,住民,住(す)む人(ひと)、住(す)んでいる人(ひと),JLPT: N2N3,False,False
03,弘前大学,災害基礎語彙集成,2013,防災,term,消防,消防,火(ひ)を 消(け)すこと,JLPT: N2N3,False,False
03,弘前大学,災害基礎語彙集成,2013,防災,term,情報,情報,情報(じょうほう)＊,JLPT: N2N3,True,False
03,弘前大学,災害基礎語彙集成,2013,防災,term,状況,状況,起(お)きていること,JLPT: N2N3,False,False
03,弘前大学,災害基礎語彙集成,2013,防災,term,浸水,浸水,水(みず)が (建物(たてもの)や道路(どうろ) に) 入(はい)ってくること,JLPT: 級外,False,False
03,弘前大学,災害基礎語彙集成,2013,防災,term,進め,進め,進(すす)め,JLPT: N4,False,False
03,弘前大学,災害基礎語彙集成,2013,防災,term,水位,水位,水(みず)の 高(たか)さ,JLPT: 級外,False,False
03,弘前大学,災害基礎語彙集成,2013,防災,term,水害,水害,水(みず)で 困(こま)ること / 怪我(けが)をすること / 壊(こわ)れること,JLPT: 級外,False,False
03,弘前大学,災害基礎語彙集成,2013,防災,term,水没,水没,（体(からだ)やものが) 水(みず)の 中(なか)に 入(はい)ること,JLPT: 級外,False,False
03,弘前大学,災害基礎語彙集成,2013,防災,term,整備,整備,使(つか)えるように 準備(じゅんび)すること,JLPT: N2N3,False,False
03,弘前大学,災害基礎語彙集成,2013,防災,term,全壊,全壊,すっかり 壊(こわ)れてしまうこと / 全部(ぜんぶ)壊(こわ)れてしまうこと,JLPT: 級外,False,False
03,弘前大学,災害基礎語彙集成,2013,防災,term,相談,相談,相談(そうだん),JLPT: N4,False,False
03,弘前大学,災害基礎語彙集成,2013,防災,term,増水,増水,水(みず)が たくさん 増(ふ)えること,JLPT: 級外,False,False
03,弘前大学,災害基礎語彙集成,2013,防災,term,ダム,ダム,水(みず)を たくさん 集(あつ)める ところ,JLPT: N2N3,False,False
03,弘前大学,災害基礎語彙集成,2013,防災,term,出る,出る,出(で)る,JLPT: N5,False,False
03,弘前大学,災害基礎語彙集成,2013,防災,term,対応,対応,(地震(じしん) や 津波(つなみ) が) 起(お)きた 後(あと)に 動(うご)くこと,JLPT: N1,False,False
03,弘前大学,災害基礎語彙集成,2013,防災,term,対策,対策,(地震(じしん) や 津波(つなみ) が) 起(お)きる 前(まえ)に 動(うご)くこと,JLPT: N1,False,False
03,弘前大学,災害基礎語彙集成,2013,防災,term,台風,台風,台風(たいふう),JLPT: N4,False,False
03,弘前大学,災害基礎語彙集成,2013,防災,term,濁流,濁流,たくさんの 汚(きたな)い 水(みず),JLPT: 級外,False,False
03,弘前大学,災害基礎語彙集成,2013,防災,term,中止,中止,中止(ちゅうし),JLPT: N4,False,False
03,弘前大学,災害基礎語彙集成,2013,防災,term,注意,注意,注意(ちゅうい),JLPT: N4,False,False
03,弘前大学,災害基礎語彙集成,2013,防災,term,通行止め,通行止め,車(くるま)や 人(ひと)が 通(とお)ることが できないこと / ところ,JLPT: 級外,False,False
03,弘前大学,災害基礎語彙集成,2013,防災,term,通信,通信,連絡(れんらく)すること / 情報(じょうほう)を伝(つた)えること,JLPT: N2N3,False,False
03,弘前大学,災害基礎語彙集成,2013,防災,term,堤防,堤防,水(みず)が 入(はい)らないようにする 壁(かべ),JLPT: N1,False,False
03,弘前大学,災害基礎語彙集成,2013,防災,term,電話,電話,電話(でんわ),JLPT: N5,False,False
03,弘前大学,災害基礎語彙集成,2013,防災,term,土砂,土砂,山(やま)から 落(お)ちてくる 石(いし)や 砂(すな),JLPT: N2N3,False,False
03,弘前大学,災害基礎語彙集成,2013,防災,term,土砂災害,土砂災害,山(やま)から 石(いし)や 砂(すな)が 落(お)ちてくること,JLPT: N1,False,False
03,弘前大学,災害基礎語彙集成,2013,防災,term,土砂崩れ,土砂崩れ,山(やま)から 石(いし)や 砂(すな)が 落(お)ちてくること,JLPT: 級外,False,False
03,弘前大学,災害基礎語彙集成,2013,防災,term,道路,道路,道(みち),JLPT: N2N3,False,False
03,弘前大学,災害基礎語彙集成,2013,防災,term,流れる,流れる,流(なが)れる＊,JLPT: N2N3,True,False
03,弘前大学,災害基礎語彙集成,2013,防災,term,流れ込む,流れ込む,流(なが)れてくる,JLPT: 級外,False,False
03,弘前大学,災害基礎語彙集成,2013,防災,term,発生,発生,(地震(じしん) などが) 起(お)きること,JLPT: N1,False,False
03,弘前大学,災害基礎語彙集成,2013,防災,term,発表,発表,知(し)らせること,JLPT: N2N3,False,False
03,弘前大学,災害基礎語彙集成,2013,防災,term,氾濫,氾濫,川(かわ)の 水(みず)が たくさん 流(なが)れること,JLPT: N1,False,False
03,弘前大学,災害基礎語彙集成,2013,防災,term,被害,被害,壊(こわ)れること / 困(こま)ること / 怪我(けが)をすること,JLPT: N2N3,False,False
03,弘前大学,災害基礎語彙集成,2013,防災,term,被災,被災,壊(こわ)れること / 困(こま)ること / 怪我(けが)をすること,JLPT: N1,False,False
03,弘前大学,災害基礎語彙集成,2013,防災,term,被災地,被災地,(地震(じしん) や 津波(つなみ)) があったところ,JLPT: 級外,False,False
03,弘前大学,災害基礎語彙集成,2013,防災,term,避難,避難,逃(に)げる,JLPT: N1,False,False
03,弘前大学,災害基礎語彙集成,2013,防災,term,避難勧告,避難勧告,逃(に)げるための 大(おお)きな 注意(ちゅうい),JLPT: N1,False,False
03,弘前大学,災害基礎語彙集成,2013,防災,term,避難指示,避難指示,逃(に)げるための 注意(ちゅうい),JLPT: N1 N2N3,False,False
03,弘前大学,災害基礎語彙集成,2013,防災,term,避難所,避難所,みんなが 逃(に)げる ところ,JLPT: N1 N5,False,False
03,弘前大学,災害基礎語彙集成,2013,防災,term,必要,必要,必要(ひつよう),JLPT: N4,False,False
03,弘前大学,災害基礎語彙集成,2013,防災,term,増える,増える,増(ふ)える,JLPT: N4,False,False
03,弘前大学,災害基礎語彙集成,2013,防災,term,復旧,復旧,(電気(でんき) や 水道(すいどう)を) 使(つか)うことができるようになること,JLPT: N1,False,False
03,弘前大学,災害基礎語彙集成,2013,防災,term,降る,降る,降(ふ)る,JLPT: N5,False,False
03,弘前大学,災害基礎語彙集成,2013,防災,term,放水,放水,たくさんの 水(みず)を 流(なが)すこと,JLPT: N1 級外,False,False
03,弘前大学,災害基礎語彙集成,2013,防災,term,暴風域,暴風域,強(つよ)い 風(かぜ)が 吹(ふ)く ところ,JLPT: 級外,False,False
03,弘前大学,災害基礎語彙集成,2013,防災,term,防災,防災,危(あぶ)ないときのために 準備(じゅんび)すること,JLPT: N2N3,False,False
03,弘前大学,災害基礎語彙集成,2013,防災,term,ボート,ボート,小(ちい)さい 船(ふね),JLPT: 級外,False,False
03,弘前大学,災害基礎語彙集成,2013,防災,term,ボランティア,ボランティア,ボランティア＊,JLPT: 級外,True,False
03,弘前大学,災害基礎語彙集成,2013,防災,term,巻き込み,巻き込み,洪水(こうずい)や 津波(つなみ) の 中(なか)に 入(はい)ること,JLPT: 級外,False,False
03,弘前大学,災害基礎語彙集成,2013,防災,term,水,水,水(みず),JLPT: N5,False,False
03,弘前大学,災害基礎語彙集成,2013,防災,term,水かさ,水かさ,水(みず)の 多(おお)さ,JLPT: 級外,False,False
03,弘前大学,災害基礎語彙集成,2013,防災,term,身元,身元,誰(だれ)か わかること,JLPT: 級外,False,False
03,弘前大学,災害基礎語彙集成,2013,防災,term,ミリ,ミリ,ミリ＊,JLPT: N2N3,True,False
03,弘前大学,災害基礎語彙集成,2013,防災,term,無料,無料,お金(かね)は いりません,JLPT: N2N3,False,False
03,弘前大学,災害基礎語彙集成,2013,防災,term,役所,役所,役所(やくしょ)＊,JLPT: N2N3,True,False
03,弘前大学,災害基礎語彙集成,2013,防災,term,山,山,山(やま),JLPT: N5,False,False
03,弘前大学,災害基礎語彙集成,2013,防災,term,優先,優先,先(さき)にすること,JLPT: N1,False,False
03,弘前大学,災害基礎語彙集成,2013,防災,term,行方不明者,行方不明者,居(い)るところが わからない人(ひと),JLPT: N1 N2N3,False,False
03,弘前大学,災害基礎語彙集成,2013,防災,term,要請,要請,お願(ねが)い,JLPT: N1,False,False
03,弘前大学,災害基礎語彙集成,2013,防災,term,呼び掛け,呼び掛け,声(こえ)を かけて 知(し)らせること,JLPT: N2N3,False,False
03,弘前大学,災害基礎語彙集成,2013,防災,term,流域,流域,川(かわ)の 通(とお)る ところ,JLPT: N2N3,False,False
03,弘前大学,災害基礎語彙集成,2013,防災,term,臨時,臨時,急(きゅう)なこと / 長(なが)く 続(つづ)かないこと,JLPT: N2N3,False,False
04,鳥取県,防災ハンドブック,2023,防災,term,大雨特別警報,大雨特別警報,雨がとても強い。命を守る!,警報レベル,False,False
04,鳥取県,防災ハンドブック,2023,防災,term,土砂災害警戒情報,土砂災害警戒情報,山がくずれる。全員逃げる。,警報レベル,False,False
04,鳥取県,防災ハンドブック,2023,防災,term,大雨・洪水警報,大雨・洪水警報,雨が強い。高齢者(お年寄り)などは逃げる。,警報レベル,False,False
04,鳥取県,防災ハンドブック,2023,防災,term,大雨・洪水注意報,大雨・洪水注意報,これから雨が強くなる。逃げる準備をする。,警報レベル,False,False
04,鳥取県,防災ハンドブック,2023,防災,term,早期注意情報,早期注意情報,新しい情報を集める。,警報レベル,False,False
04,鳥取県,防災ハンドブック,2023,防災,term,大雪特別警報,大雪特別警報,雪がとても多い。,警報レベル（雪）,False,False
04,鳥取県,防災ハンドブック,2023,防災,term,大雪警報,大雪警報,雪が多い。,警報レベル（雪）,False,False
04,鳥取県,防災ハンドブック,2023,防災,term,大雪注意報,大雪注意報,これから雪が強くなる。,警報レベル（雪）,False,False
04,鳥取県,防災ハンドブック,2023,防災,term,早期注意情報（雪）,早期注意情報,これから雪が強くなる。,警報レベル（雪）,False,False
04,鳥取県,防災ハンドブック,2023,防災,term,津波,津波,津波（大きな波）,用語解説,True,False
04,鳥取県,防災ハンドブック,2023,防災,term,懐中電灯,懐中電灯,懐中電灯（手に持つ電気）,用語解説,True,False
04,鳥取県,防災ハンドブック,2023,防災,term,非常持出袋,非常持出袋,非常持出袋（食べものなどを入れた袋）,用語解説,True,False
04,鳥取県,防災ハンドブック,2023,防災,term,消火器,消火器,消火器（火を消す道具）,用語解説,True,False
04,鳥取県,防災ハンドブック,2023,防災,term,避難場所,避難場所,避難場所（逃げるところ）,用語解説,True,False
04,鳥取県,防災ハンドブック,2023,防災,term,広域避難場所,広域避難場所,広域避難場所（大きな火事から逃げるところ）,用語解説,True,False
04,鳥取県,防災ハンドブック,2023,防災,term,高齢者,高齢者,お年寄り,用語解説,False,False
04,鳥取県,防災ハンドブック,2023,防災,term,避難,避難,逃げる,用語解説,False,False
04,鳥取県,防災ハンドブック,2023,防災,term,震度,震度,地震の大きさ,用語解説,False,False
05,川崎市,やさしい日本語ガイドライン 第2版,2023,日常生活,term,両親,両親,お父さんとお母さん,ポイント: 漢語→和語,False,False
05,川崎市,やさしい日本語ガイドライン 第2版,2023,日常生活,term,喫煙,喫煙,タバコを吸う,ポイント: 漢語→和語,False,False
05,川崎市,やさしい日本語ガイドライン 第2版,2023,日常生活,term,今朝,今朝,今日の朝,ポイント: 漢語→和語,False,False
05,川崎市,やさしい日本語ガイドライン 第2版,2023,日常生活,term,登校,登校,学校に行く,ポイント: 漢語→和語,False,False
05,川崎市,やさしい日本語ガイドライン 第2版,2023,日常生活,term,記入,記入,書く,ポイント: 漢語→和語,False,False
05,川崎市,やさしい日本語ガイドライン 第2版,2023,日常生活,term,利用,利用,使う,ポイント: 漢語→和語,False,False
05,川崎市,やさしい日本語ガイドライン 第2版,2023,日常生活,term,未加入,未加入,まだ入っていない,ポイント: 漢語→和語,False,False
05,川崎市,やさしい日本語ガイドライン 第2版,2023,日常生活,term,滞納,滞納,まだ払っていない,ポイント: 漢語→和語,False,False
05,川崎市,やさしい日本語ガイドライン 第2版,2023,日常生活,term,土足厳禁,土足厳禁,靴を脱いでください,ポイント: 漢語→和語,False,False
05,川崎市,やさしい日本語ガイドライン 第2版,2023,日常生活,term,医療機関を受診してください,医療機関を受診してください,病院に行ってください,ポイント: 漢語→和語,False,False
05,川崎市,やさしい日本語ガイドライン 第2版,2023,日常生活,term,可能,可能,することができます,ポイント: 漢語→和語,False,False
05,川崎市,やさしい日本語ガイドライン 第2版,2023,日常生活,term,不可能,不可能,することができません,ポイント: 漢語→和語,False,False
05,川崎市,やさしい日本語ガイドライン 第2版,2023,日常生活,term,こちらに記入願います,こちらに記入願います,この紙に書いてください,ポイント: 漢語→和語,False,False
05,川崎市,やさしい日本語ガイドライン 第2版,2023,日常生活,term,セルフサービス,セルフサービス,自分でする,ポイント: カタカナ語,False,False
05,川崎市,やさしい日本語ガイドライン 第2版,2023,日常生活,term,ノートパソコン,ノートパソコン,ラップトップ コンピュータ,ポイント: カタカナ語,False,False
05,川崎市,やさしい日本語ガイドライン 第2版,2023,日常生活,term,召し上がる,召し上がる,食べる/飲む,ポイント: 敬語→普通語,False,False
05,川崎市,やさしい日本語ガイドライン 第2版,2023,日常生活,term,お越しいただく必要はありません,お越しいただく必要はありません,来なくてもいいです,ポイント: 敬語→普通語,False,False
05,川崎市,やさしい日本語ガイドライン 第2版,2023,日常生活,term,おかけください,おかけください,すわってください,ポイント: 敬語→普通語,False,False
05,川崎市,やさしい日本語ガイドライン 第2版,2023,日常生活,term,授業参観,授業参観,授業を見る,ポイント: 専門語→日常語,False,False
05,川崎市,やさしい日本語ガイドライン 第2版,2023,日常生活,sentence,初診の方は保険証を見せて下さい,初診の方は保険証を見せて下さい,この病院は初めてですか？保険証はありますか？,ポイント: 専門語→日常語,False,False
05,川崎市,やさしい日本語ガイドライン 第2版,2023,日常生活,sentence,18歳以上の人は対象外です,18歳以上の人は対象外です,17歳までの人が対象です,ポイント: 二重否定の解消,False,False
05,川崎市,やさしい日本語ガイドライン 第2版,2023,日常生活,sentence,在留カード以外は必要ありません,在留カード以外は必要ありません,在留カードを持ってきてください,ポイント: 二重否定の解消,False,False
05,川崎市,やさしい日本語ガイドライン 第2版,2023,日常生活,term,ご遠慮ください,ご遠慮ください,しないでください,ポイント: 曖昧な表現→具体的に,False,False
05,川崎市,やさしい日本語ガイドライン 第2版,2023,日常生活,term,結構です,結構です,よいです/要りません,ポイント: 曖昧な表現→具体的に,False,False
05,川崎市,やさしい日本語ガイドライン 第2版,2023,日常生活,sentence,9時くらいに来て下さい,9時くらいに来て下さい,8時50分から9時のあいだに来てください,ポイント: 曖昧な表現→具体的に,False,False
05,川崎市,やさしい日本語ガイドライン 第2版,2023,防災,term,罹災証明書,罹災証明書,罹災証明書＜地震や大雨などで家が壊れた人のための書類＞,ポイント: 固有名は残して説明を加える,True,False
05,川崎市,やさしい日本語ガイドライン 第2版,2023,防災,term,津波,津波,津波＜大きな波＞,ポイント: 固有名は残して説明を加える,True,False
05,川崎市,やさしい日本語ガイドライン 第2版,2023,防災,term,余震,余震,余震＜あとからくる地震＞,ポイント: 固有名は残して説明を加える,True,False
06,札幌市,やさしい日本語ガイドライン,2025,防災,term,高台に避難してください,高台に避難してください,高いところへ逃げてください,ポイント: 漢語→和語,False,False
06,札幌市,やさしい日本語ガイドライン,2025,日常生活,term,断水しています,断水しています,水が出ません,ポイント: 漢語→和語,False,False
06,札幌市,やさしい日本語ガイドライン,2025,日常生活,term,無料です,無料です,お金はかかりません,ポイント: 漢語→和語,False,False
06,札幌市,やさしい日本語ガイドライン,2025,日常生活,term,こちらに記入願います,こちらに記入願います,ここに書いてください,ポイント: 漢語→和語,False,False
06,札幌市,やさしい日本語ガイドライン,2025,日常生活,term,月曜閉館です,月曜閉館です,月曜日は休みです,ポイント: 漢語→和語,False,False
06,札幌市,やさしい日本語ガイドライン,2025,日常生活,term,駐輪場,駐輪場,駐輪場＜自転車を置くところ＞,ポイント: 固有名詞は残して説明,True,False
06,札幌市,やさしい日本語ガイドライン,2025,防災,term,余震,余震,余震＜あとからくる地震＞,ポイント: 固有名詞は残して説明,True,False
06,札幌市,やさしい日本語ガイドライン,2025,日常生活,term,こちらにおかけください,こちらにおかけください,ここに座ってください,ポイント: 敬語→普通語,False,False
06,札幌市,やさしい日本語ガイドライン,2025,在留,term,在留カードを拝見します,在留カードを拝見します,在留カードを見せてください,ポイント: 敬語→普通語,False,False
06,札幌市,やさしい日本語ガイドライン,2025,日常生活,term,静かに召し上がってください,静かに召し上がってください,静かに食べてください,ポイント: 敬語→普通語,False,False
06,札幌市,やさしい日本語ガイドライン,2025,日常生活,term,フロア,フロア,○階,ポイント: カタカナ語,False,False
06,札幌市,やさしい日本語ガイドライン,2025,日常生活,term,相談コーナー,相談コーナー,相談するところ,ポイント: カタカナ語,False,False
06,札幌市,やさしい日本語ガイドライン,2025,日常生活,term,パソコン,パソコン,コンピューター,ポイント: カタカナ語,False,False
06,札幌市,やさしい日本語ガイドライン,2025,日常生活,term,コンセント,コンセント,ソケット,ポイント: カタカナ語,False,False
06,札幌市,やさしい日本語ガイドライン,2025,日常生活,sentence,右に曲がったら、階段があります,右に曲がったら、階段があります,右に曲がります。階段があります。,ポイント: 文の構造,False,False
06,札幌市,やさしい日本語ガイドライン,2025,日常生活,sentence,整理番号の早い方から、ご案内します,整理番号の早い方から、ご案内します,整理番号を取ってください。少し待ってください。順番に呼びます。,ポイント: 文の構造,False,False
06,札幌市,やさしい日本語ガイドライン,2025,日常生活,sentence,印鑑をお願いしたいんですが・・・,印鑑をお願いしたいんですが・・・,印鑑を出してください。,ポイント: 文の構造,False,False
06,札幌市,やさしい日本語ガイドライン,2025,日常生活,sentence,明日の10時ごろ来てください,明日の10時ごろ来てください,明日、10時から10時半の間に来てください。,ポイント: 文の構造,False,False
06,札幌市,やさしい日本語ガイドライン,2025,日常生活,sentence,明日の午後は時間がありますか,明日の午後は時間がありますか,あなたは、明日の午後、時間がありますか。,ポイント: 文の構造,False,False
06,札幌市,やさしい日本語ガイドライン,2025,日常生活,sentence,明後日、郵便で届きます,明後日、郵便で届きます,IDカードは、明後日、郵便で届きます。,ポイント: 文の構造,False,False
07,福岡市,使ってみよう やさしい日本語 用語集,,日常生活,term,ご出身は？,ご出身は？,国はどこですか？,自己紹介,False,False
07,福岡市,使ってみよう やさしい日本語 用語集,,日常生活,term,おいくつですか？,おいくつですか？,何歳ですか？,自己紹介,False,False
07,福岡市,使ってみよう やさしい日本語 用語集,,日常生活,term,～と申します,～と申します,～です,自己紹介,False,False
07,福岡市,使ってみよう やさしい日本語 用語集,,日常生活,term,（部屋に入るとき）失礼します,（部屋に入るとき）失礼します,入ります,自己紹介,False,False
07,福岡市,使ってみよう やさしい日本語 用語集,,日常生活,term,（帰るとき、部屋から出るとき）失礼します,（帰るとき、部屋から出るとき）失礼します,さようなら,自己紹介,False,False
07,福岡市,使ってみよう やさしい日本語 用語集,,日常生活,term,けっこうです,けっこうです,いりません,自己紹介,False,False
07,福岡市,使ってみよう やさしい日本語 用語集,,日常生活,term,委員,委員,～する人,自治会・町内会,False,False
07,福岡市,使ってみよう やさしい日本語 用語集,,日常生活,term,回収する,回収する,集める,自治会・町内会,False,False
07,福岡市,使ってみよう やさしい日本語 用語集,,日常生活,term,加入する,加入する,入る,自治会・町内会,False,False
07,福岡市,使ってみよう やさしい日本語 用語集,,日常生活,term,近所,近所,近く,自治会・町内会,False,False
07,福岡市,使ってみよう やさしい日本語 用語集,,日常生活,term,行事,行事,お祭りや運動会などの行事(例示する),自治会・町内会,False,False
07,福岡市,使ってみよう やさしい日本語 用語集,,日常生活,term,清掃活動,清掃活動,掃除する,自治会・町内会,False,False
07,福岡市,使ってみよう やさしい日本語 用語集,,日常生活,term,トラブル,トラブル,困ったこと,自治会・町内会,False,False
07,福岡市,使ってみよう やさしい日本語 用語集,,日常生活,term,必須,必須,必ず,自治会・町内会,False,False
07,福岡市,使ってみよう やさしい日本語 用語集,,日常生活,term,ルール,ルール,決まっていること,自治会・町内会,False,False
07,福岡市,使ってみよう やさしい日本語 用語集,,日常生活,term,連絡先,連絡先,連絡するところ,自治会・町内会,False,False
07,福岡市,使ってみよう やさしい日本語 用語集,,日常生活,term,～を回す,～を回す,～を渡す,自治会・町内会,False,False
07,福岡市,使ってみよう やさしい日本語 用語集,,行政手続,term,お持ちですか？,お持ちですか？,ありますか？,手続き,False,False
07,福岡市,使ってみよう やさしい日本語 用語集,,行政手続,term,印鑑,印鑑,判子,手続き,False,False
07,福岡市,使ってみよう やさしい日本語 用語集,,行政手続,term,記載する,記載する,載せる,手続き,False,False
07,福岡市,使ってみよう やさしい日本語 用語集,,行政手続,term,記入する,記入する,書く,手続き,False,False
07,福岡市,使ってみよう やさしい日本語 用語集,,行政手続,term,更新する,更新する,新しくする,手続き,False,False
07,福岡市,使ってみよう やさしい日本語 用語集,,行政手続,term,消印有効,消印有効,締切の日までに郵便局へ出せばよいこと,手続き,False,False
07,福岡市,使ってみよう やさしい日本語 用語集,,行政手続,term,原本,原本,(コピーする)元のもの,手続き,False,False
07,福岡市,使ってみよう やさしい日本語 用語集,,行政手続,term,減免,減免,少なくなること / なくなること,手続き,False,False
07,福岡市,使ってみよう やさしい日本語 用語集,,行政手続,term,ご用件は何ですか？,ご用件は何ですか？,どうしましたか？,手続き,False,False
07,福岡市,使ってみよう やさしい日本語 用語集,,行政手続,term,コールセンター,コールセンター,電話で相談することができるところ,手続き,False,False
07,福岡市,使ってみよう やさしい日本語 用語集,,行政手続,term,住民登録,住民登録,住んでいることを役所に届ける,手続き,False,False
07,福岡市,使ってみよう やさしい日本語 用語集,,行政手続,term,少々お待ちください,少々お待ちください,少し待ってください,手続き,False,False
07,福岡市,使ってみよう やさしい日本語 用語集,,行政手続,term,助成,助成,援助,手続き,False,False
07,福岡市,使ってみよう やさしい日本語 用語集,,行政手続,term,所得,所得,給料,手続き,False,False
07,福岡市,使ってみよう やさしい日本語 用語集,,行政手続,term,申告する,申告する,伝える。提出する,手続き,False,False
07,福岡市,使ってみよう やさしい日本語 用語集,,行政手続,term,滞納する,滞納する,まだ払っていない,手続き,False,False
07,福岡市,使ってみよう やさしい日本語 用語集,,行政手続,term,手数料,手数料,手続きのためにかかるお金,手続き,False,False
07,福岡市,使ってみよう やさしい日本語 用語集,,行政手続,term,パンフレット,パンフレット,案内や説明を書いている紙,手続き,False,False
07,福岡市,使ってみよう やさしい日本語 用語集,,行政手続,term,必着,必着,必ず着くようにする,手続き,False,False
07,福岡市,使ってみよう やさしい日本語 用語集,,行政手続,term,フリーダイヤル,フリーダイヤル,電話は無料です。お金はいりません,手続き,False,False
07,福岡市,使ってみよう やさしい日本語 用語集,,行政手続,term,本人確認書類,本人確認書類,在留カードやパスポート(例示する),手続き,False,False
07,福岡市,使ってみよう やさしい日本語 用語集,,行政手続,term,末日,末日,○月○日(具体的な日時を書く),手続き,False,False
07,福岡市,使ってみよう やさしい日本語 用語集,,行政手続,term,免除,免除,いらなくなること,手続き,False,False
07,福岡市,使ってみよう やさしい日本語 用語集,,行政手続,term,臨時給付金,臨時給付金,特別にもらうお金,手続き,False,False
07,福岡市,使ってみよう やさしい日本語 用語集,,日常生活,term,業者,業者,専門に仕事をしている人,ごみ,False,False
07,福岡市,使ってみよう やさしい日本語 用語集,,日常生活,term,収集する,収集する,集める,ごみ,False,False
07,福岡市,使ってみよう やさしい日本語 用語集,,日常生活,term,焼却する,焼却する,焼いて捨てる,ごみ,False,False
07,福岡市,使ってみよう やさしい日本語 用語集,,日常生活,term,処分,処分,捨てること,ごみ,False,False
07,福岡市,使ってみよう やさしい日本語 用語集,,日常生活,term,分別,分別,種類によって分けること,ごみ,False,False
07,福岡市,使ってみよう やさしい日本語 用語集,,日常生活,term,ポイ捨て,ポイ捨て,ごみをゴミ箱以外の場所へ捨てること,ごみ,False,False
07,福岡市,使ってみよう やさしい日本語 用語集,,日常生活,term,リサイクル,リサイクル,もう一度使うこと,ごみ,False,False
07,福岡市,使ってみよう やさしい日本語 用語集,,教育,term,親子,親子,親と子ども,家族・子ども・教育,False,False
07,福岡市,使ってみよう やさしい日本語 用語集,,教育,term,学用品,学用品,学校で使うもの,家族・子ども・教育,False,False
07,福岡市,使ってみよう やさしい日本語 用語集,,教育,term,給食,給食,学校で出る食事,家族・子ども・教育,False,False
07,福岡市,使ってみよう やさしい日本語 用語集,,教育,term,子育て,子育て,子どもを育てること,家族・子ども・教育,False,False
07,福岡市,使ってみよう やさしい日本語 用語集,,教育,term,～歳児,～歳児,～歳の子ども,家族・子ども・教育,False,False
07,福岡市,使ってみよう やさしい日本語 用語集,,教育,term,児童扶養手当,児童扶養手当,親が一人で子どもを育てている家がもらうお金,家族・子ども・教育,False,False
07,福岡市,使ってみよう やさしい日本語 用語集,,教育,term,世帯,世帯,家庭,家族・子ども・教育,False,False
07,福岡市,使ってみよう やさしい日本語 用語集,,教育,term,世帯主,世帯主,家庭の中心の人,家族・子ども・教育,False,False
07,福岡市,使ってみよう やさしい日本語 用語集,,教育,term,同居,同居,一緒に住むこと,家族・子ども・教育,False,False
07,福岡市,使ってみよう やさしい日本語 用語集,,教育,term,入園,入園,幼稚園や保育園に入ること,家族・子ども・教育,False,False
07,福岡市,使ってみよう やさしい日本語 用語集,,教育,term,妊婦,妊婦,お腹に赤ちゃんがいる人,家族・子ども・教育,False,False
07,福岡市,使ってみよう やさしい日本語 用語集,,教育,term,配偶者,配偶者,夫や妻,家族・子ども・教育,False,False
07,福岡市,使ってみよう やさしい日本語 用語集,,教育,term,保育,保育,小さい子どもを預かること,家族・子ども・教育,False,False
07,福岡市,使ってみよう やさしい日本語 用語集,,教育,term,保育園,保育園,小さい子どもを預かるところ,家族・子ども・教育,False,False
07,福岡市,使ってみよう やさしい日本語 用語集,,教育,term,保護者,保護者,親。親の代わりをする人,家族・子ども・教育,False,False
07,福岡市,使ってみよう やさしい日本語 用語集,,教育,term,養う,養う,育てる,家族・子ども・教育,False,False
07,福岡市,使ってみよう やさしい日本語 用語集,,医療,term,悪化する,悪化する,もっと悪くなる,病院,False,False
07,福岡市,使ってみよう やさしい日本語 用語集,,医療,term,アレルギー,アレルギー,体の具合が悪くなること,病院,False,False
07,福岡市,使ってみよう やさしい日本語 用語集,,医療,term,1錠,1錠,1つ,病院,False,False
07,福岡市,使ってみよう やさしい日本語 用語集,,医療,term,ウイルス,ウイルス,病気,病院,False,False
07,福岡市,使ってみよう やさしい日本語 用語集,,医療,term,お大事にしてください,お大事にしてください,体に気をつけてください,病院,False,False
07,福岡市,使ってみよう やさしい日本語 用語集,,医療,term,食後,食後,ご飯を食べた後,病院,False,False
07,福岡市,使ってみよう やさしい日本語 用語集,,医療,term,ストレス,ストレス,疲れること / 心配なこと,病院,False,False
07,福岡市,使ってみよう やさしい日本語 用語集,,医療,term,被保険者証,被保険者証,保険に入っていることを証明する紙,病院,False,False
07,福岡市,使ってみよう やさしい日本語 用語集,,医療,term,問診票,問診票,(実物を見せて)この紙,病院,False,False
07,福岡市,使ってみよう やさしい日本語 用語集,,その他,term,アクセス,アクセス,～へ行くための乗り物 / インターネットでニュースを見ること,観光・旅行,False,False
07,福岡市,使ってみよう やさしい日本語 用語集,,その他,term,インフォメーションセンター,インフォメーションセンター,相談(質問)できるところ,観光・旅行,False,False
07,福岡市,使ってみよう やさしい日本語 用語集,,その他,term,観光名所,観光名所,有名なところ,観光・旅行,False,False
07,福岡市,使ってみよう やさしい日本語 用語集,,その他,term,キャンセル,キャンセル,～をやめること,観光・旅行,False,False
07,福岡市,使ってみよう やさしい日本語 用語集,,その他,term,宿泊する,宿泊する,泊まる,観光・旅行,False,False
07,福岡市,使ってみよう やさしい日本語 用語集,,その他,term,素泊まり,素泊まり,寝るだけ,観光・旅行,False,False
07,福岡市,使ってみよう やさしい日本語 用語集,,その他,term,何名様ですか？,何名様ですか？,何人ですか？,観光・旅行,False,False
07,福岡市,使ってみよう やさしい日本語 用語集,,その他,term,半額,半額,料金が半分,観光・旅行,False,False
07,福岡市,使ってみよう やさしい日本語 用語集,,その他,term,予定,予定,いつ～する,観光・旅行,False,False
07,福岡市,使ってみよう やさしい日本語 用語集,,その他,term,旅券,旅券,パスポート。ビザ,観光・旅行,False,False
07,福岡市,使ってみよう やさしい日本語 用語集,,日常生活,term,多くの,多くの,たくさんの,その他,False,False
07,福岡市,使ってみよう やさしい日本語 用語集,,日常生活,term,年末,年末,○月○日まで,その他,False,False
07,福岡市,使ってみよう やさしい日本語 用語集,,日常生活,term,年末年始,年末年始,○月○日から○月○日まで,その他,False,False
07,福岡市,使ってみよう やさしい日本語 用語集,,防災,term,慌てない,慌てない,ゆっくりと。急がないで,ア行,False,False
07,福岡市,使ってみよう やさしい日本語 用語集,,防災,term,安否,安否,大丈夫かどうか,ア行,False,False
07,福岡市,使ってみよう やさしい日本語 用語集,,防災,term,生き埋め,生き埋め,壊れた建物の下にいて動けない人,ア行,False,False
07,福岡市,使ってみよう やさしい日本語 用語集,,防災,term,一部破損する,一部破損する,少し壊れる,ア行,False,False
07,福岡市,使ってみよう やさしい日本語 用語集,,防災,term,引火する,引火する,火がつく,ア行,False,False
07,福岡市,使ってみよう やさしい日本語 用語集,,防災,term,迂回する,迂回する,違う道を行く,ア行,False,False
07,福岡市,使ってみよう やさしい日本語 用語集,,防災,term,運転を見合わせる,運転を見合わせる,(電車は)来ない。動かない,ア行,False,False
07,福岡市,使ってみよう やさしい日本語 用語集,,防災,term,炎上する,炎上する,火が出る,ア行,False,False
07,福岡市,使ってみよう やさしい日本語 用語集,,防災,term,エンジンを切る,エンジンを切る,エンジンを止める,ア行,False,False
07,福岡市,使ってみよう やさしい日本語 用語集,,防災,term,応急処置,応急処置,少しだけ治す,ア行,False,False
07,福岡市,使ってみよう やさしい日本語 用語集,,防災,term,大声で,大声で,大きな声で,ア行,False,False
07,福岡市,使ってみよう やさしい日本語 用語集,,防災,term,家屋,家屋,住むところ。家,カ行,False,False
07,福岡市,使ってみよう やさしい日本語 用語集,,防災,term,外国人相談窓口,外国人相談窓口,外国人が相談できるところ,カ行,False,False
07,福岡市,使ってみよう やさしい日本語 用語集,,防災,term,確認する,確認する,よく見る,カ行,False,False
07,福岡市,使ってみよう やさしい日本語 用語集,,防災,term,火災,火災,火事,カ行,False,False
07,福岡市,使ってみよう やさしい日本語 用語集,,防災,term,がれき,がれき,建物が壊れたゴミ,カ行,False,False
07,福岡市,使ってみよう やさしい日本語 用語集,,防災,term,冠水,冠水,水が道にたくさんあること,カ行,False,False
07,福岡市,使ってみよう やさしい日本語 用語集,,防災,term,危険,危険,危ない,カ行,False,False
07,福岡市,使ってみよう やさしい日本語 用語集,,防災,term,犠牲者,犠牲者,死んだ人。けがをした人,カ行,False,False
07,福岡市,使ってみよう やさしい日本語 用語集,,防災,term,救急車,救急車,病気やけがをした人を運ぶ車,カ行,False,False
07,福岡市,使ってみよう やさしい日本語 用語集,,防災,term,救助,救助,助ける,カ行,False,False
07,福岡市,使ってみよう やさしい日本語 用語集,,防災,term,緊急時,緊急時,とても急いで助けが必要なとき。とても危ないとき,カ行,False,False
07,福岡市,使ってみよう やさしい日本語 用語集,,防災,term,近所,近所,近く,カ行,False,False
07,福岡市,使ってみよう やさしい日本語 用語集,,防災,term,警戒する,警戒する,気をつける,カ行,False,False
07,福岡市,使ってみよう やさしい日本語 用語集,,防災,term,決壊する,決壊する,壊れる,カ行,False,False
07,福岡市,使ってみよう やさしい日本語 用語集,,防災,term,現在,現在,今,カ行,False,False
07,福岡市,使ってみよう やさしい日本語 用語集,,防災,term,呼吸,呼吸,息,カ行,False,False
07,福岡市,使ってみよう やさしい日本語 用語集,,防災,term,妨げ,妨げ,じゃま,サ行,False,False
07,福岡市,使ってみよう やさしい日本語 用語集,,防災,term,支援,支援,手伝うこと。困っている人を助けること,サ行,False,False
07,福岡市,使ってみよう やさしい日本語 用語集,,防災,term,死者,死者,死んだ人,サ行,False,False
07,福岡市,使ってみよう やさしい日本語 用語集,,防災,term,指定された,指定された,決まった。決められた,サ行,False,False
07,福岡市,使ってみよう やさしい日本語 用語集,,防災,term,死亡する,死亡する,死んでいる,サ行,False,False
07,福岡市,使ってみよう やさしい日本語 用語集,,防災,term,重体,重体,命が危ない,サ行,False,False
07,福岡市,使ってみよう やさしい日本語 用語集,,防災,term,集団で,集団で,一緒に,サ行,False,False
07,福岡市,使ってみよう やさしい日本語 用語集,,防災,term,収集,収集,集める,サ行,False,False
07,福岡市,使ってみよう やさしい日本語 用語集,,防災,term,情報,情報,お知らせ,サ行,False,False
07,福岡市,使ってみよう やさしい日本語 用語集,,防災,term,震源地,震源地,地震の中心,サ行,False,False
07,福岡市,使ってみよう やさしい日本語 用語集,,防災,term,浸水,浸水,部屋に水が入る,サ行,False,False
07,福岡市,使ってみよう やさしい日本語 用語集,,防災,term,震度,震度,地震の大きさ,サ行,False,False
07,福岡市,使ってみよう やさしい日本語 用語集,,防災,term,水位,水位,水の高さ,サ行,False,False
07,福岡市,使ってみよう やさしい日本語 用語集,,防災,term,すみやかに,すみやかに,すぐに,サ行,False,False
07,福岡市,使ってみよう やさしい日本語 用語集,,防災,term,擦り傷,擦り傷,小さいケガ,サ行,False,False
07,福岡市,使ってみよう やさしい日本語 用語集,,防災,term,清潔な,清潔な,きれいな,サ行,False,False
07,福岡市,使ってみよう やさしい日本語 用語集,,防災,term,全壊,全壊,すべて壊れてしまう,サ行,False,False
07,福岡市,使ってみよう やさしい日本語 用語集,,防災,term,備える,備える,用意する,サ行,False,False
07,福岡市,使ってみよう やさしい日本語 用語集,,防災,term,大規模,大規模,大きい,タ行,False,False
07,福岡市,使ってみよう やさしい日本語 用語集,,防災,term,ただちに,ただちに,すぐに,タ行,False,False
07,福岡市,使ってみよう やさしい日本語 用語集,,防災,term,保つ,保つ,そのままにする,タ行,False,False
07,福岡市,使ってみよう やさしい日本語 用語集,,防災,term,断水,断水,水道を使うことができない,タ行,False,False
07,福岡市,使ってみよう やさしい日本語 用語集,,防災,term,近寄る,近寄る,近くへ行く,タ行,False,False
07,福岡市,使ってみよう やさしい日本語 用語集,,防災,term,注意する,注意する,気をつける,タ行,False,False
07,福岡市,使ってみよう やさしい日本語 用語集,,防災,term,調理器具,調理器具,料理を作るための道具,タ行,False,False
07,福岡市,使ってみよう やさしい日本語 用語集,,防災,term,通行止め,通行止め,通ることができないこと。ところ,タ行,False,False
07,福岡市,使ってみよう やさしい日本語 用語集,,防災,term,津波,津波,とても高い波,タ行,False,False
07,福岡市,使ってみよう やさしい日本語 用語集,,防災,term,デマ,デマ,うその話,タ行,False,False
07,福岡市,使ってみよう やさしい日本語 用語集,,防災,term,停電する,停電する,電気を使うことができない,タ行,False,False
07,福岡市,使ってみよう やさしい日本語 用語集,,防災,term,倒壊する,倒壊する,壊れる,タ行,False,False
07,福岡市,使ってみよう やさしい日本語 用語集,,防災,term,土砂災害,土砂災害,山から石や砂が落ちてくること,タ行,False,False
07,福岡市,使ってみよう やさしい日本語 用語集,,防災,term,土砂崩れ,土砂崩れ,山から石や砂が落ちてくること,タ行,False,False
07,福岡市,使ってみよう やさしい日本語 用語集,,防災,term,亡くなる,亡くなる,死ぬ,ナ行,False,False
07,福岡市,使ってみよう やさしい日本語 用語集,,防災,term,流れ込む,流れ込む,流れてくる,ナ行,False,False
07,福岡市,使ってみよう やさしい日本語 用語集,,防災,term,発生,発生,起きること,ハ行,False,False
07,福岡市,使ってみよう やさしい日本語 用語集,,防災,term,早め,早め,できるだけ早く,ハ行,False,False
07,福岡市,使ってみよう やさしい日本語 用語集,,防災,term,氾濫,氾濫,川の水がたくさん流れること,ハ行,False,False
07,福岡市,使ってみよう やさしい日本語 用語集,,防災,term,控える,控える,できるだけ～しない,ハ行,False,False
07,福岡市,使ってみよう やさしい日本語 用語集,,防災,term,被災地,被災地,(地震や津波)があったところ,ハ行,False,False
07,福岡市,使ってみよう やさしい日本語 用語集,,防災,term,避難所,避難所,逃げるところ,ハ行,False,False
07,福岡市,使ってみよう やさしい日本語 用語集,,防災,term,避難する,避難する,逃げる,ハ行,False,False
07,福岡市,使ってみよう やさしい日本語 用語集,,防災,term,避難指示,避難指示,逃げるための注意,ハ行,False,False
07,福岡市,使ってみよう やさしい日本語 用語集,,防災,term,火の始末をする,火の始末をする,火を消す,ハ行,False,False
07,福岡市,使ってみよう やさしい日本語 用語集,,防災,term,不通,不通,動いていない,ハ行,False,False
07,福岡市,使ってみよう やさしい日本語 用語集,,防災,term,復旧,復旧,(電気や水道を)使うことができるようになること,ハ行,False,False
07,福岡市,使ってみよう やさしい日本語 用語集,,防災,term,防災,防災,安全のために用意する,ハ行,False,False
07,福岡市,使ってみよう やさしい日本語 用語集,,防災,term,暴風域,暴風域,強い風が吹くところ,ハ行,False,False
07,福岡市,使ってみよう やさしい日本語 用語集,,防災,term,保護する,保護する,守る,ハ行,False,False
07,福岡市,使ってみよう やさしい日本語 用語集,,防災,term,身軽な,身軽な,動きやすい,マ行,False,False
07,福岡市,使ってみよう やさしい日本語 用語集,,防災,term,身の安全を確保する,身の安全を確保する,自分の体を守る,マ行,False,False
07,福岡市,使ってみよう やさしい日本語 用語集,,防災,term,無料,無料,お金はいりません,マ行,False,False
07,福岡市,使ってみよう やさしい日本語 用語集,,防災,term,優先,優先,(ほかのものより)先にすること,ヤ行,False,False
07,福岡市,使ってみよう やさしい日本語 用語集,,防災,term,行方不明,行方不明,どこにいるか分からない人,ヤ行,False,False
07,福岡市,使ってみよう やさしい日本語 用語集,,防災,term,揺れ,揺れ,地震,ヤ行,False,False
07,福岡市,使ってみよう やさしい日本語 用語集,,防災,term,翌朝,翌朝,次の日の朝,ヤ行,False,False
07,福岡市,使ってみよう やさしい日本語 用語集,,防災,term,余震,余震,あとから来る地震,ヤ行,False,False
07,福岡市,使ってみよう やさしい日本語 用語集,,防災,term,ライフライン,ライフライン,電気やガスや水道のこと,ラ行,False,False
07,福岡市,使ってみよう やさしい日本語 用語集,,防災,term,落下物,落下物,上から落ちるもの,ラ行,False,False
07,福岡市,使ってみよう やさしい日本語 用語集,,防災,term,連絡先,連絡先,連絡するところ,ラ行,False,False
07,福岡市,使ってみよう やさしい日本語 用語集,,防災,term,路地,路地,道,ラ行,False,False
07,福岡市,使ってみよう やさしい日本語 用語集,,防災,term,～に関する,～に関する,～についての,その他,False,False
07,福岡市,使ってみよう やさしい日本語 用語集,,防災,term,～付近,～付近,～の近く,その他,False,False
08,三重県,やさしい日本語ガイドライン,2025,防災,term,慌てない,慌てない,ゆっくりと。急がないで,緊急・災害,False,False
08,三重県,やさしい日本語ガイドライン,2025,防災,term,安否,安否,大丈夫かどうか,緊急・災害,False,False
08,三重県,やさしい日本語ガイドライン,2025,防災,term,生き埋め,生き埋め,壊れた建物の下にいて動けない人,緊急・災害,False,False
08,三重県,やさしい日本語ガイドライン,2025,防災,term,一部破損する,一部破損する,少し壊れる,緊急・災害,False,False
08,三重県,やさしい日本語ガイドライン,2025,防災,term,引火する,引火する,火がつく,緊急・災害,False,False
08,三重県,やさしい日本語ガイドライン,2025,防災,term,迂回する,迂回する,違う道を行く,緊急・災害,False,False
08,三重県,やさしい日本語ガイドライン,2025,防災,term,運転を見合わせる,運転を見合わせる,(電車は)来ない。動かない,緊急・災害,False,False
08,三重県,やさしい日本語ガイドライン,2025,防災,term,炎上する,炎上する,火が出る,緊急・災害,False,False
08,三重県,やさしい日本語ガイドライン,2025,防災,term,エンジンを切る,エンジンを切る,エンジンを止める,緊急・災害,False,False
08,三重県,やさしい日本語ガイドライン,2025,防災,term,応急処置,応急処置,少しだけ治す,緊急・災害,False,False
08,三重県,やさしい日本語ガイドライン,2025,防災,term,大声で,大声で,大きな声で,緊急・災害,False,False
08,三重県,やさしい日本語ガイドライン,2025,防災,term,家屋,家屋,住むところ。家,緊急・災害,False,False
08,三重県,やさしい日本語ガイドライン,2025,防災,term,外国人相談窓口,外国人相談窓口,外国人が相談できるところ,緊急・災害,False,False
08,三重県,やさしい日本語ガイドライン,2025,防災,term,確認する,確認する,よく見る,緊急・災害,False,False
08,三重県,やさしい日本語ガイドライン,2025,防災,term,火災,火災,火事,緊急・災害,False,False
08,三重県,やさしい日本語ガイドライン,2025,防災,term,がれき,がれき,建物が壊れたゴミ,緊急・災害,False,False
08,三重県,やさしい日本語ガイドライン,2025,防災,term,冠水,冠水,水が道にたくさんあること,緊急・災害,False,False
08,三重県,やさしい日本語ガイドライン,2025,防災,term,危険,危険,危ない,緊急・災害,False,False
08,三重県,やさしい日本語ガイドライン,2025,防災,term,犠牲者,犠牲者,死んだ人。けがをした人,緊急・災害,False,False
08,三重県,やさしい日本語ガイドライン,2025,防災,term,救急車,救急車,病気やけがをした人を運ぶ車,緊急・災害,False,False
08,三重県,やさしい日本語ガイドライン,2025,防災,term,救助,救助,助ける,緊急・災害,False,False
08,三重県,やさしい日本語ガイドライン,2025,防災,term,緊急時,緊急時,とても急いで助けが必要なとき。とても危ないとき,緊急・災害,False,False
08,三重県,やさしい日本語ガイドライン,2025,防災,term,近所,近所,近く,緊急・災害,False,False
08,三重県,やさしい日本語ガイドライン,2025,防災,term,警戒する,警戒する,気をつける,緊急・災害,False,False
08,三重県,やさしい日本語ガイドライン,2025,防災,term,決壊する,決壊する,壊れる,緊急・災害,False,False
08,三重県,やさしい日本語ガイドライン,2025,防災,term,現在,現在,今,緊急・災害,False,False
08,三重県,やさしい日本語ガイドライン,2025,防災,term,呼吸,呼吸,息,緊急・災害,False,False
08,三重県,やさしい日本語ガイドライン,2025,防災,term,妨げ,妨げ,じゃま,緊急・災害,False,False
08,三重県,やさしい日本語ガイドライン,2025,防災,term,支援,支援,手伝うこと。困っている人を助けること,緊急・災害,False,False
08,三重県,やさしい日本語ガイドライン,2025,防災,term,死者,死者,死んだ人,緊急・災害,False,False
08,三重県,やさしい日本語ガイドライン,2025,防災,term,指定された,指定された,決まった。決められた,緊急・災害,False,False
08,三重県,やさしい日本語ガイドライン,2025,防災,term,死亡する,死亡する,死んでいる,緊急・災害,False,False
08,三重県,やさしい日本語ガイドライン,2025,防災,term,重体,重体,命が危ない,緊急・災害,False,False
08,三重県,やさしい日本語ガイドライン,2025,防災,term,集団で,集団で,一緒に,緊急・災害,False,False
08,三重県,やさしい日本語ガイドライン,2025,防災,term,収集,収集,集める,緊急・災害,False,False
08,三重県,やさしい日本語ガイドライン,2025,防災,term,情報,情報,お知らせ,緊急・災害,False,False
08,三重県,やさしい日本語ガイドライン,2025,防災,term,震源地,震源地,地震の中心,緊急・災害,False,False
08,三重県,やさしい日本語ガイドライン,2025,防災,term,浸水,浸水,部屋に水が入る,緊急・災害,False,False
08,三重県,やさしい日本語ガイドライン,2025,防災,term,震度,震度,地震の大きさ,緊急・災害,False,False
08,三重県,やさしい日本語ガイドライン,2025,防災,term,水位,水位,水の高さ,緊急・災害,False,False
08,三重県,やさしい日本語ガイドライン,2025,防災,term,すみやかに,すみやかに,すぐに,緊急・災害,False,False
08,三重県,やさしい日本語ガイドライン,2025,防災,term,擦り傷,擦り傷,小さいケガ,緊急・災害,False,False
08,三重県,やさしい日本語ガイドライン,2025,防災,term,清潔な,清潔な,きれいな,緊急・災害,False,False
08,三重県,やさしい日本語ガイドライン,2025,防災,term,全壊,全壊,すべて壊れてしまう,緊急・災害,False,False
08,三重県,やさしい日本語ガイドライン,2025,防災,term,備える,備える,用意する,緊急・災害,False,False
08,三重県,やさしい日本語ガイドライン,2025,防災,term,大規模,大規模,大きい,緊急・災害,False,False
08,三重県,やさしい日本語ガイドライン,2025,防災,term,ただちに,ただちに,すぐに,緊急・災害,False,False
08,三重県,やさしい日本語ガイドライン,2025,防災,term,保つ,保つ,そのままにする,緊急・災害,False,False
08,三重県,やさしい日本語ガイドライン,2025,防災,term,断水,断水,水道を使うことができない,緊急・災害,False,False
08,三重県,やさしい日本語ガイドライン,2025,防災,term,近寄る,近寄る,近くへ行く,緊急・災害,False,False
08,三重県,やさしい日本語ガイドライン,2025,防災,term,注意する,注意する,気をつける,緊急・災害,False,False
08,三重県,やさしい日本語ガイドライン,2025,防災,term,調理器具,調理器具,料理を作るための道具,緊急・災害,False,False
08,三重県,やさしい日本語ガイドライン,2025,防災,term,通行止め,通行止め,通ることができないこと。ところ,緊急・災害,False,False
08,三重県,やさしい日本語ガイドライン,2025,防災,term,津波,津波,とても高い波,緊急・災害,False,False
08,三重県,やさしい日本語ガイドライン,2025,防災,term,デマ,デマ,うその話,緊急・災害,False,False
08,三重県,やさしい日本語ガイドライン,2025,防災,term,停電する,停電する,電気を使うことができない,緊急・災害,False,False
08,三重県,やさしい日本語ガイドライン,2025,防災,term,倒壊する,倒壊する,壊れる,緊急・災害,False,False
08,三重県,やさしい日本語ガイドライン,2025,防災,term,土砂災害,土砂災害,山から石や砂が落ちてくること,緊急・災害,False,False
08,三重県,やさしい日本語ガイドライン,2025,防災,term,土砂崩れ,土砂崩れ,山から石や砂が落ちてくること,緊急・災害,False,False
08,三重県,やさしい日本語ガイドライン,2025,防災,term,亡くなる,亡くなる,死ぬ,緊急・災害,False,False
08,三重県,やさしい日本語ガイドライン,2025,防災,term,流れ込む,流れ込む,流れてくる,緊急・災害,False,False
08,三重県,やさしい日本語ガイドライン,2025,防災,term,発生,発生,起きること,緊急・災害,False,False
08,三重県,やさしい日本語ガイドライン,2025,防災,term,早め,早め,できるだけ早く,緊急・災害,False,False
08,三重県,やさしい日本語ガイドライン,2025,防災,term,氾濫,氾濫,川の水がたくさん流れること,緊急・災害,False,False
08,三重県,やさしい日本語ガイドライン,2025,防災,term,控える,控える,できるだけ～しない,緊急・災害,False,False
08,三重県,やさしい日本語ガイドライン,2025,防災,term,被災地,被災地,(地震や津波)があったところ,緊急・災害,False,False
08,三重県,やさしい日本語ガイドライン,2025,防災,term,避難所,避難所,逃げるところ,緊急・災害,False,False
08,三重県,やさしい日本語ガイドライン,2025,防災,term,避難する,避難する,逃げる,緊急・災害,False,False
08,三重県,やさしい日本語ガイドライン,2025,防災,term,避難指示,避難指示,逃げるための注意,緊急・災害,False,False
08,三重県,やさしい日本語ガイドライン,2025,防災,term,火の始末をする,火の始末をする,火を消す,緊急・災害,False,False
08,三重県,やさしい日本語ガイドライン,2025,防災,term,不通,不通,動いていない,緊急・災害,False,False
08,三重県,やさしい日本語ガイドライン,2025,防災,term,復旧,復旧,(電気や水道を)使うことができるようになること,緊急・災害,False,False
08,三重県,やさしい日本語ガイドライン,2025,防災,term,防災,防災,安全のために用意する,緊急・災害,False,False
08,三重県,やさしい日本語ガイドライン,2025,防災,term,暴風域,暴風域,強い風が吹くところ,緊急・災害,False,False
08,三重県,やさしい日本語ガイドライン,2025,防災,term,保護する,保護する,守る,緊急・災害,False,False
08,三重県,やさしい日本語ガイドライン,2025,防災,term,身軽な,身軽な,動きやすい,緊急・災害,False,False
08,三重県,やさしい日本語ガイドライン,2025,防災,term,身の安全を確保する,身の安全を確保する,自分の体を守る,緊急・災害,False,False
08,三重県,やさしい日本語ガイドライン,2025,防災,term,無料,無料,お金はいりません,緊急・災害,False,False
08,三重県,やさしい日本語ガイドライン,2025,防災,term,優先,優先,(ほかのものより)先にすること,緊急・災害,False,False
08,三重県,やさしい日本語ガイドライン,2025,防災,term,行方不明,行方不明,どこにいるか分からない人,緊急・災害,False,False
08,三重県,やさしい日本語ガイドライン,2025,防災,term,揺れ,揺れ,地震,緊急・災害,False,False
08,三重県,やさしい日本語ガイドライン,2025,防災,term,翌朝,翌朝,次の日の朝,緊急・災害,False,False
08,三重県,やさしい日本語ガイドライン,2025,防災,term,余震,余震,あとから来る地震,緊急・災害,False,False
08,三重県,やさしい日本語ガイドライン,2025,防災,term,ライフライン,ライフライン,電気やガスや水道のこと,緊急・災害,False,False
08,三重県,やさしい日本語ガイドライン,2025,防災,term,落下物,落下物,上から落ちるもの,緊急・災害,False,False
08,三重県,やさしい日本語ガイドライン,2025,防災,term,連絡先,連絡先,連絡するところ,緊急・災害,False,False
08,三重県,やさしい日本語ガイドライン,2025,防災,term,路地,路地,道,緊急・災害,False,False
08,三重県,やさしい日本語ガイドライン,2025,防災,term,～に関する,～に関する,～についての,緊急・災害,False,False
08,三重県,やさしい日本語ガイドライン,2025,防災,term,～付近,～付近,～の近く,緊急・災害,False,False
08,三重県,やさしい日本語ガイドライン,2025,行政手続,term,ポイ捨て禁止,ポイ捨て禁止,ごみを捨てないでください,手続き,False,False
08,三重県,やさしい日本語ガイドライン,2025,行政手続,term,不在連絡票,不在連絡票,あなたに荷物が来ました。あなたは家にいませんでした。だから、宅配便の人は荷物を持って帰りました。そのお知らせです。,手続き,False,False
08,三重県,やさしい日本語ガイドライン,2025,行政手続,term,町内会,町内会,同じ地域に住んでいる人たちが集まって、いろいろな活動をします。地域の掃除、お祭りがあります。,手続き,False,False
08,三重県,やさしい日本語ガイドライン,2025,行政手続,term,お持ちですか？,お持ちですか？,ありますか？,手続き,False,False
08,三重県,やさしい日本語ガイドライン,2025,行政手続,term,印鑑,印鑑,判子,手続き,False,False
08,三重県,やさしい日本語ガイドライン,2025,行政手続,term,記載する,記載する,載せる,手続き,False,False
08,三重県,やさしい日本語ガイドライン,2025,行政手続,term,記入する,記入する,書く,手続き,False,False
08,三重県,やさしい日本語ガイドライン,2025,行政手続,term,更新する,更新する,新しくする,手続き,False,False
08,三重県,やさしい日本語ガイドライン,2025,行政手続,term,消印有効,消印有効,締切の日までに郵便局へ出せばよいこと,手続き,False,False
08,三重県,やさしい日本語ガイドライン,2025,行政手続,term,原本,原本,(コピーする)元のもの,手続き,False,False
08,三重県,やさしい日本語ガイドライン,2025,行政手続,term,減免,減免,少なくなること / なくなること,手続き,False,False
08,三重県,やさしい日本語ガイドライン,2025,行政手続,term,ご用件は何ですか？,ご用件は何ですか？,どうしましたか？,手続き,False,False
08,三重県,やさしい日本語ガイドライン,2025,行政手続,term,コールセンター,コールセンター,電話で相談することができるところ,手続き,False,False
08,三重県,やさしい日本語ガイドライン,2025,行政手続,term,住民登録,住民登録,住んでいることを役所に届ける,手続き,False,False
08,三重県,やさしい日本語ガイドライン,2025,行政手続,term,少々お待ちください,少々お待ちください,少し待ってください,手続き,False,False
08,三重県,やさしい日本語ガイドライン,2025,行政手続,term,助成,助成,援助,手続き,False,False
08,三重県,やさしい日本語ガイドライン,2025,行政手続,term,所得,所得,給料,手続き,False,False
08,三重県,やさしい日本語ガイドライン,2025,行政手続,term,申告する,申告する,伝える。提出する,手続き,False,False
08,三重県,やさしい日本語ガイドライン,2025,行政手続,term,滞納する,滞納する,まだ払っていない,手続き,False,False
08,三重県,やさしい日本語ガイドライン,2025,行政手続,term,手数料,手数料,手続きのためにかかるお金,手続き,False,False
08,三重県,やさしい日本語ガイドライン,2025,行政手続,term,パンフレット,パンフレット,案内や説明を書いている紙,手続き,False,False
08,三重県,やさしい日本語ガイドライン,2025,行政手続,term,必着,必着,必ず着くようにする,手続き,False,False
08,三重県,やさしい日本語ガイドライン,2025,行政手続,term,フリーダイヤル,フリーダイヤル,電話は無料です。お金はいりません,手続き,False,False
08,三重県,やさしい日本語ガイドライン,2025,行政手続,term,本人確認書類,本人確認書類,在留カードやパスポート(例示する),手続き,False,False
08,三重県,やさしい日本語ガイドライン,2025,行政手続,term,末日,末日,○月○日(具体的な日時を書く),手続き,False,False
08,三重県,やさしい日本語ガイドライン,2025,行政手続,term,免除,免除,いらなくなること,手続き,False,False
08,三重県,やさしい日本語ガイドライン,2025,行政手続,term,臨時給付金,臨時給付金,特別にもらうお金,手続き,False,False
10,大阪市,防災やさしい日本語,2022,防災,term,津波,津波,津波（大きな波）,用語解説,True,False
10,大阪市,防災やさしい日本語,2022,防災,term,避難場所,避難場所,避難場所（逃げるところ）,用語解説,True,False
10,大阪市,防災やさしい日本語,2022,防災,term,避難所,避難所,避難所（逃げるところ）,用語解説,True,False
10,大阪市,防災やさしい日本語,2022,防災,term,広域避難場所,広域避難場所,広域避難場所（大きな火事から逃げるところ）,用語解説,True,False
10,大阪市,防災やさしい日本語,2022,防災,term,懐中電灯,懐中電灯,懐中電灯（電池で光るライト）,用語解説,True,False
12,横浜市,やさしい日本語で伝える 語彙集,2024,日常生活,term,青パト,青パト,青色のライトをつけた車でパトロール（見て回る）こと,分野: 暮らし,False,False
12,横浜市,やさしい日本語で伝える 語彙集,2024,日常生活,term,歩きたばこ,歩きたばこ,歩いている時にたばこを吸うこと,分野: ごみ・リサイクル,False,False
12,横浜市,やさしい日本語で伝える 語彙集,2024,行政手続,term,暗証番号,暗証番号,あなたが決める秘密の番号です。電子証明（№352）を使うときに必要です。,分野: 届出・申請,False,False
12,横浜市,やさしい日本語で伝える 語彙集,2024,防災,term,あんしん電話,あんしん電話,家で急に体調が悪くなった時、すぐに家族や近所の人にお知らせする機械。一人ぐらしの障害がある人やおとしよりの人が使います。,分野: 防災・救急,False,False
12,横浜市,やさしい日本語で伝える 語彙集,2024,防災,term,安否確認,安否確認,生きているかどうか、ケガをしていないかを調べること,分野: 防災・救急,False,False
12,横浜市,やさしい日本語で伝える 語彙集,2024,教育,term,育児講座,育児講座,子どもを育てるために役立つ話を聞くことができます。子どもの年にあわせたご飯や遊び方など,分野: 子育て・教育,False,False
12,横浜市,やさしい日本語で伝える 語彙集,2024,教育,term,育児支援センター園,育児支援センター園,"子育て（子どもを育てること）について困ったことを相談（聞くこと）ができます。
小学生より小さい子どもがいる人は使うことができます。",分野: 子育て・教育,False,False
12,横浜市,やさしい日本語で伝える 語彙集,2024,教育,term,育児相談,育児相談,"子どものことで心配なことがある時、相談（聞くこと）ができます。
保育所や役所に行って相談できます。電話でも相談できます。",分野: 子育て・教育,False,False
12,横浜市,やさしい日本語で伝える 語彙集,2024,医療,term,育成医療,育成医療,17歳までの子どもの病気を治す時に払うお金が少なくなります。役所がお金のほとんどを出してくれます。全部の病気やけがではありません。,分野: 健康・福祉,False,False
12,横浜市,やさしい日本語で伝える 語彙集,2024,社会保険,term,遺族基礎年金,遺族基礎年金,こどもがいる人が死んだとき、家族がもらいます。もらえないときもあります。,分野: 保険・年金,False,False
12,横浜市,やさしい日本語で伝える 語彙集,2024,日常生活,term,一時多量ごみ,一時多量ごみ,一度にたくさん出るごみ,分野: ごみ・リサイクル,False,False
12,横浜市,やさしい日本語で伝える 語彙集,2024,教育,term,一時保育事業,一時保育事業,小学校に入る前の子どもを保育園に、（少しの間）、預ける（世話をしてもらう）ことができます。,分野: 子育て・教育,False,False
12,横浜市,やさしい日本語で伝える 語彙集,2024,社会保険,term,一部負担金,一部負担金,国民健康保険証や健康保険証を使って、病院や薬局へ行ったときに払うお金のことです。,分野: 保険・年金,False,False
12,横浜市,やさしい日本語で伝える 語彙集,2024,社会保険,term,異動,異動,住所や名前が変わった時や、生まれた時、死んだ時など、前から変わること。仕事をするところの健康保険をやめたり、はいったりすることなど。,分野: 保険・年金,False,False
12,横浜市,やさしい日本語で伝える 語彙集,2024,行政手続,term,委任状,委任状,手続（あなたがやらなければいけないこと）を他の人にお願いする時に書く書類（紙）,分野: 届出・申請,False,False
12,横浜市,やさしい日本語で伝える 語彙集,2024,社会保険,term,医療援助,医療援助,国などが病院や薬のお金をだすこと。人によって、わりあい（％）が違います。,分野: 保険・年金,False,False
12,横浜市,やさしい日本語で伝える 語彙集,2024,社会保険,term,医療給付,医療給付,難病などで病院に行った時、払うお金が安くなることがあります。,分野: 保険・年金,False,False
12,横浜市,やさしい日本語で伝える 語彙集,2024,社会保険,term,医療給付制度,医療給付制度,病気やけがの時に、国や市のお金で病院に行くことができる制度（きまりごと）,分野: 保険・年金,False,False
12,横浜市,やさしい日本語で伝える 語彙集,2024,社会保険,term,医療費控除,医療費控除,自分や家族のために病院のお金を払ったとき、所得税が安くなること,分野: 保険・年金,False,False
12,横浜市,やさしい日本語で伝える 語彙集,2024,社会保険,term,医療費支給申請,医療費支給申請,病院や薬局で払ったお金が戻ってきます。役所で手続します。,分野: 保険・年金,False,False
12,横浜市,やさしい日本語で伝える 語彙集,2024,行政手続,term,印影,印影,紙に押したはんこの形,分野: 届出・申請,False,False
12,横浜市,やさしい日本語で伝える 語彙集,2024,行政手続,term,印鑑証明書（印鑑登録証明書）,印鑑証明書（印鑑登録証明書）,あなたのはんこがあなたのものであるということを証明する（分かるようにする）書類（紙）,分野: 届出・申請,False,False
12,横浜市,やさしい日本語で伝える 語彙集,2024,行政手続,term,印鑑登録（印鑑証明）,印鑑登録（印鑑証明）,あなたのはんこがあなたのものであるということを登録する（知らせる）こと,分野: 届出・申請,False,False
12,横浜市,やさしい日本語で伝える 語彙集,2024,行政手続,term,印鑑登録証,印鑑登録証,印鑑登録証明書（№22）をもらうためのカード。印鑑登録した時にもらいます,分野: 届出・申請,False,False
12,横浜市,やさしい日本語で伝える 語彙集,2024,行政手続,term,印鑑登録証亡失届,印鑑登録証亡失届,印鑑登録証（№24）をなくしたことを役所に知らせる書類（紙）,分野: 届出・申請,False,False
12,横浜市,やさしい日本語で伝える 語彙集,2024,行政手続,term,印鑑登録廃止申請,印鑑登録廃止申請,印鑑登録（№23）をやめたいと役所に知らせること,分野: 届出・申請,False,False
12,横浜市,やさしい日本語で伝える 語彙集,2024,その他,term,運賃,運賃,バスや地下鉄に乗るときに払うお金,分野: 市営交通,False,False
12,横浜市,やさしい日本語で伝える 語彙集,2024,行政手続,term,運転免許証（自動車運転免許証）,運転免許証（自動車運転免許証）,車を運転してもよいことが分かるカード。本人確認書類（資料）（№516）のひとつです。,分野: 届出・申請,False,False
12,横浜市,やさしい日本語で伝える 語彙集,2024,行政手続,term,営業許可,営業許可,食べ物のお店を始めていいよ、ということ,分野: 届出・申請,False,False
12,横浜市,やさしい日本語で伝える 語彙集,2024,行政手続,term,営業許可証,営業許可証,食べ物のお店を始めていいよ、という書類（紙）,分野: 届出・申請,False,False
12,横浜市,やさしい日本語で伝える 語彙集,2024,行政手続,term,営業許可申請,営業許可申請,食べ物のお店を始めるための手続,分野: 届出・申請,False,False
12,横浜市,やさしい日本語で伝える 語彙集,2024,行政手続,term,営業許可申請書,営業許可申請書,食べ物のお店を始めていいですか、という書類（紙）,分野: 届出・申請,False,False
12,横浜市,やさしい日本語で伝える 語彙集,2024,その他,term,駅事務室,駅事務室,駅で仕事をしている人がいるところ。忘れ物をした時や困った時に相談できます。,分野: 市営交通,False,False
12,横浜市,やさしい日本語で伝える 語彙集,2024,防災,term,液状化,液状化,地震で地面の形が変わったり、穴が開いたり、水が出たりすること,分野: 防災・救急,False,False
12,横浜市,やさしい日本語で伝える 語彙集,2024,行政手続,term,押印,押印,はんこを紙に押すこと,分野: 届出・申請,False,False
12,横浜市,やさしい日本語で伝える 語彙集,2024,その他,term,お客様サービスセンター,お客様サービスセンター,きっぷを買う時や横浜で遊ぶ時に相談できます,分野: 市営交通,False,False
12,横浜市,やさしい日本語で伝える 語彙集,2024,社会保険,term,オンライン資格確認,オンライン資格確認,病院で、マイナンバーカード（№520）または被保険者証（№442）を使い、オンラインで情報の確認ができること,分野: 保険・年金,False,False
12,横浜市,やさしい日本語で伝える 語彙集,2024,社会保険,term,海外療養費,海外療養費,"海外で病気やけがをして病院に行ったときに払ったお金が戻ってきます。
国民健康保険に入っていなければなりません。
病気やけがを治すために海外に行った人は戻ってきません。",分野: 保険・年金,False,False
12,横浜市,やさしい日本語で伝える 語彙集,2024,医療,term,介護,介護,ふだんの生活にたすけがいる人の世話をすること,分野: 健康・福祉,False,False
12,横浜市,やさしい日本語で伝える 語彙集,2024,行政手続,term,外国人登録,外国人登録,"日本に住む外国人が住所などを登録する（知らせる）こと。
2012年になくなりました。",分野: 届出・申請,False,False
12,横浜市,やさしい日本語で伝える 語彙集,2024,行政手続,term,外国人登録証明書,外国人登録証明書,「外国人登録」をした外国人がもつカード。2012年から在留カード（№178）か特別永住者証明書（№369）に変わりました。,分野: 届出・申請,False,False
12,横浜市,やさしい日本語で伝える 語彙集,2024,行政手続,term,外国籍,外国籍,日本以外の国籍を持っていること,分野: 届出・申請,False,False
12,横浜市,やさしい日本語で伝える 語彙集,2024,社会保険,term,介護サービス,介護サービス,"介護保険で使うことができるサービスです。
家で使うことができるサービス（身の回りのお世話など）、施設で受けることができるサービスなどがあります。",分野: 保険・年金,False,False
12,横浜市,やさしい日本語で伝える 語彙集,2024,医療,term,介護支援専門員,介護支援専門員,「ケアマネージャー」（№104）のこと,分野: 健康・福祉,False,False
12,横浜市,やさしい日本語で伝える 語彙集,2024,医療,term,介護者,介護者,介護（生活の世話）をする人,分野: 健康・福祉,False,False
12,横浜市,やさしい日本語で伝える 語彙集,2024,社会保険,term,介護扶助,介護扶助,生活保護をもらっている人が介護（生活の世話をすること）が必要になったときに、サービスを受けられます。,分野: 保険・年金,False,False
12,横浜市,やさしい日本語で伝える 語彙集,2024,社会保険,term,介護報酬,介護報酬,おとしよりの世話をする仕事でもらえるお金,分野: 保険・年金,False,False
12,横浜市,やさしい日本語で伝える 語彙集,2024,社会保険,term,介護保険,介護保険,年をとって生活ができなくなった時、いろいろなサービスが受けることができる制度（決まりごと）。みんなでお金を出し合います。,分野: 保険・年金,False,False
12,横浜市,やさしい日本語で伝える 語彙集,2024,社会保険,term,介護保険サービス,介護保険サービス,「介護サービス」（№43）のこと,分野: 保険・年金,False,False
12,横浜市,やさしい日本語で伝える 語彙集,2024,社会保険,term,介護保険証,介護保険証,介護保険に入っていることを証明する（わかるようにする）カード,分野: 保険・年金,False,False
12,横浜市,やさしい日本語で伝える 語彙集,2024,社会保険,term,介護保険制度,介護保険制度,決まりごとです。年をとって生活ができなくなったときに、いろいろなサービスが受けることができます。みんなでお金を出し合います。,分野: 保険・年金,False,False
12,横浜市,やさしい日本語で伝える 語彙集,2024,医療,term,介護予防,介護予防,"年をとっても元気で介護（No.39）を必要としないようにすること
また、介護が必要になった人を、元気な状態にもどしたり、それ以上悪くしないようにすること",分野: 健康・福祉,False,False
12,横浜市,やさしい日本語で伝える 語彙集,2024,日常生活,term,回収,回収,集めること,分野: ごみ・リサイクル,False,False
12,横浜市,やさしい日本語で伝える 語彙集,2024,医療,term,介助器具,介助器具,補聴器やメガネなど、耳や目などが悪い人が使う道具,分野: 健康・福祉,False,False
12,横浜市,やさしい日本語で伝える 語彙集,2024,その他,term,快速運転,快速運転,速い電車。止まらない駅があります。,分野: 市営交通,False,False
12,横浜市,やさしい日本語で伝える 語彙集,2024,その他,term,開庁日,開庁日,役所が開いている日,分野: その他,False,False
12,横浜市,やさしい日本語で伝える 語彙集,2024,その他,term,家屋,家屋,家や建物など,分野: 税,False,False
12,横浜市,やさしい日本語で伝える 語彙集,2024,その他,term,（金）額,（金）額,お金がいくらかということ,分野: その他,False,False
12,横浜市,やさしい日本語で伝える 語彙集,2024,社会保険,term,学生納付特例,学生納付特例,お金が少ない学生は国民年金のお金を払わなくてもいいです。手続きをしなければいけません。,分野: 保険・年金,False,False
12,横浜市,やさしい日本語で伝える 語彙集,2024,その他,term,確定申告書,確定申告書,所得税をいくら払うかを決める書類（紙）,分野: 税,False,False
12,横浜市,やさしい日本語で伝える 語彙集,2024,教育,term,学童保育,学童保育,小学生が授業が終わったあと、仕事をしている親（お父さん、お母さんなど）がむかえに来るまで自分の家の代わりにいることができるところ。世話をする人もいて、みんなで遊んだり、宿題をしたり、おやつを食べたりして一緒にいろいろなことをします。,分野: 子育て・教育,False,False
12,横浜市,やさしい日本語で伝える 語彙集,2024,その他,term,課税,課税,役所が税金を決めること,分野: 税,False,False
12,横浜市,やさしい日本語で伝える 語彙集,2024,その他,term,課税証明書,課税証明書,1年間の所得と住民税をわかるようにする書類（紙）。固定資産税のものもあります。,分野: 税,False,False
12,横浜市,やさしい日本語で伝える 語彙集,2024,その他,term,課税標準額,課税標準額,税金がいくらになるかということを計算するための基の金額,分野: 税,False,False
12,横浜市,やさしい日本語で伝える 語彙集,2024,行政手続,term,火葬（埋葬）許可証,火葬（埋葬）許可証,死んだ人を焼いたり埋めたりしてもよいことがわかる書類（紙）。死亡届（№213）を出すと役所でもらえます。,分野: 届出・申請,False,False
12,横浜市,やさしい日本語で伝える 語彙集,2024,教育,term,学区（通学区域）,学区（通学区域）,"住んでいる場所で入学する小学校と中学校が決まっています。
その場所（地域、エリア）のこと。",分野: 子育て・教育,False,False
12,横浜市,やさしい日本語で伝える 語彙集,2024,教育,term,学校運営協議会,学校運営協議会,学校の近くに住んでいる人や、その学校の子どもの親（お父さん、お母さんなど）などが、よい学校にするために話し合う会,分野: 子育て・教育,False,False
12,横浜市,やさしい日本語で伝える 語彙集,2024,教育,term,学校開放,学校開放,学校の近くに住んでいる人などが、学校の体育館やグラウンド（校庭）、教室などを使うこと。,分野: 子育て・教育,False,False
12,横浜市,やさしい日本語で伝える 語彙集,2024,教育,term,学校休業日,学校休業日,学校が休みの日。土曜日、日曜日、夏休みなど。,分野: 子育て・教育,False,False
12,横浜市,やさしい日本語で伝える 語彙集,2024,日常生活,term,家庭ごみ,家庭ごみ,家から出るごみ,分野: ごみ・リサイクル,False,False
12,横浜市,やさしい日本語で伝える 語彙集,2024,教育,term,家庭的保育事業,家庭的保育事業,横浜市が決めた人（家庭保育福祉員）の家などに、０～２歳の子どもを３～５人預ける(世話をしてもらう）ことができます。,分野: 子育て・教育,False,False
12,横浜市,やさしい日本語で伝える 語彙集,2024,教育,term,家庭保育福祉員,家庭保育福祉員,横浜市が決めた人（資格がある人）。その人の家などに、０～２歳の子どもを３～５人預ける（世話をしてもらう）ことができます。,分野: 子育て・教育,False,False
12,横浜市,やさしい日本語で伝える 語彙集,2024,社会保険,term,寡婦年金,寡婦年金,夫が死んだ時、妻がもらえるかもしれません。もらえないときもあります。,分野: 保険・年金,False,False
12,横浜市,やさしい日本語で伝える 語彙集,2024,日常生活,term,環境衛生,環境衛生,周りの空気・水などをきれいにすること。,分野: 暮らし,False,False
12,横浜市,やさしい日本語で伝える 語彙集,2024,医療,term,がん検診,がん検診,がん（死ぬかもしれない病気）を早くみつけるために体をみてもらうこと,分野: 健康・福祉,False,False
12,横浜市,やさしい日本語で伝える 語彙集,2024,行政手続,term,官公署発行,官公署発行,役所が出した書類（紙）,分野: 届出・申請,False,False
12,横浜市,やさしい日本語で伝える 語彙集,2024,その他,term,"観光スポット周遊バス
「あかいくつ」",観光スポット周遊バス 「あかいくつ」,赤レンガ倉庫や元町・中華街など横浜の観光スポットに行くバスです。,分野: 市営交通,False,False
12,横浜市,やさしい日本語で伝える 語彙集,2024,日常生活,term,鑑札,鑑札,犬を登録したことの証明です。首輪につける小さな札です。犬を飼うときは登録して札をつけなければいけません。,分野: 暮らし,False,False
12,横浜市,やさしい日本語で伝える 語彙集,2024,医療,term,感染症（対策）,感染症（対策）,人にうつる病気,分野: 健康・福祉,False,False
12,横浜市,やさしい日本語で伝える 語彙集,2024,日常生活,term,還付金詐欺,還付金詐欺,区役所の人だと言って「お金が戻ってくる」とうそを言って、お金を取る犯罪（悪いこと）,分野: 暮らし,False,False
12,横浜市,やさしい日本語で伝える 語彙集,2024,防災,term,感電ブレーカー,感電ブレーカー,地震のときに家の電気が止まるようにする機械,分野: 防災・救急,False,False
12,横浜市,やさしい日本語で伝える 語彙集,2024,行政手続,term,起算,起算,"〇〇した日から数えること
例：入国した日から起算して",分野: 届出・申請,False,False
12,横浜市,やさしい日本語で伝える 語彙集,2024,社会保険,term,基礎年金番号,基礎年金番号,年金に入っている人がもらう番号。一人ずつ番号が違います。,分野: 保険・年金,False,False
12,横浜市,やさしい日本語で伝える 語彙集,2024,社会保険,term,基礎年金番号通知書,基礎年金番号通知書,基礎年金番号（No.83）を知らせる書類（紙）。年金に入るともらいます。,分野: 保険・年金,False,False
12,横浜市,やさしい日本語で伝える 語彙集,2024,日常生活,term,喫煙禁止地区,喫煙禁止地区,外でタバコを吸うことができないところ,分野: 暮らし,False,False
12,横浜市,やさしい日本語で伝える 語彙集,2024,防災,term,救援物資,救援物資,災害があった場所へ送る食べものや毛布、薬など,分野: 防災・救急,False,False
12,横浜市,やさしい日本語で伝える 語彙集,2024,防災,term,休日急患診療所,休日急患診療所,日曜日、祝日、12月30日～１月３日に行くことができる病院。内科と小児科があります。10:00～16:00までです。,分野: 防災・救急,False,False
12,横浜市,やさしい日本語で伝える 語彙集,2024,教育,term,休日保育,休日保育,日曜日や祝日に、お父さんやお母さんが仕事などで世話ができない時に使うことができます。,分野: 子育て・教育,False,False
12,横浜市,やさしい日本語で伝える 語彙集,2024,その他,term,給与所得,給与所得,給与（給料やボーナスなど）の分の所得,分野: 税,False,False
12,横浜市,やさしい日本語で伝える 語彙集,2024,教育,term,教育総合相談センター,教育総合相談センター,小学生や中学生が、学校に行けなかったり、いじめなどで困った時に相談できるところ,分野: 子育て・教育,False,False
12,横浜市,やさしい日本語で伝える 語彙集,2024,日常生活,term,狂犬病,狂犬病,人にも動物にもうつるこわい病気。人が狂犬病になると死にます。,分野: 暮らし,False,False
12,横浜市,やさしい日本語で伝える 語彙集,2024,日常生活,term,狂犬病予防注射,狂犬病予防注射,狂犬病にならないように、犬が受ける注射です。毎年１回受ける必要があります。,分野: 暮らし,False,False
12,横浜市,やさしい日本語で伝える 語彙集,2024,防災,term,共助,共助,災害のときのためにみんなで助け合うこと,分野: 防災・救急,False,False
12,横浜市,やさしい日本語で伝える 語彙集,2024,医療,term,居宅介護支援事業者,居宅介護支援事業者,おとしよりの生活についての仕事をする人。計画をたてます。,分野: 健康・福祉,False,False
12,横浜市,やさしい日本語で伝える 語彙集,2024,医療,term,禁煙支援薬局,禁煙支援薬局,たばこをやめたい人が相談できる薬屋さん。病院も教えてくれます。,分野: 健康・福祉,False,False
12,横浜市,やさしい日本語で伝える 語彙集,2024,医療,term,禁煙相談,禁煙相談,たばこをやめたいときに相談（聞くこと）ができるところです。たばこをやめる方法を知ることができます。,分野: 健康・福祉,False,False
12,横浜市,やさしい日本語で伝える 語彙集,2024,教育,term,緊急保育（一時保育事業）,緊急保育（一時保育事業）,"困った時に、小学校に入る前の子どもを保育所に預ける（世話をしてもらう）ことができます。
お父さんやお母さんなどが急に病気になって入院しなければならない時などに利用できます。",分野: 子育て・教育,False,False
12,横浜市,やさしい日本語で伝える 語彙集,2024,日常生活,term,〇〇禁止区域,〇〇禁止区域,〇〇してはだめなところ,分野: 暮らし,False,False
12,横浜市,やさしい日本語で伝える 語彙集,2024,教育,term,区域外就学届,区域外就学届,横浜市に住んでいる※お子さんが、国立や私立などの小中学校に通うときに役所に出す書類（紙）　※住民登録がある,分野: 子育て・教育,False,False
12,横浜市,やさしい日本語で伝える 語彙集,2024,その他,term,グリーンライン,グリーンライン,中山駅から日吉駅まで行く横浜市の地下鉄。緑の線です。,分野: 市営交通,False,False
12,横浜市,やさしい日本語で伝える 語彙集,2024,医療,term,訓練・介助器具助成制度,訓練・介助器具助成制度,横浜市に住む17歳までの障害のある子どもは、補聴器やメガネなどを買う時に、安くなります。手続しなければなりません。収入が多い人は安くなりません。,分野: 健康・福祉,False,False
12,横浜市,やさしい日本語で伝える 語彙集,2024,医療,term,ケアハウス,ケアハウス,一人で生活することが心配で、世話をする人がいないおとしより（60歳以上）が安く住むことができる施設。食事がつきます。お風呂があります。,分野: 健康・福祉,False,False
12,横浜市,やさしい日本語で伝える 語彙集,2024,医療,term,ケアプラン,ケアプラン,介護サービスの計画です（どのサービスを使いますか、どれだけ使いますか）。ケアマネージャーと一緒に考えます。,分野: 健康・福祉,False,False
12,横浜市,やさしい日本語で伝える 語彙集,2024,医療,term,ケアマネージャー,ケアマネージャー,おとしよりの生活についての仕事をする人。計画をたてます。,分野: 健康・福祉,False,False
12,横浜市,やさしい日本語で伝える 語彙集,2024,その他,term,軽自動車,軽自動車,660ccより小さい車,分野: 税,False,False
12,横浜市,やさしい日本語で伝える 語彙集,2024,その他,term,軽自動車税,軽自動車税,軽自動車などをもっている人が払う市税,分野: 税,False,False
12,横浜市,やさしい日本語で伝える 語彙集,2024,その他,term,系統,系統,バスの番号,分野: 市営交通,False,False
12,横浜市,やさしい日本語で伝える 語彙集,2024,医療,term,敬老パス,敬老パス,横浜市内のバスと地下鉄などに何回でも乗ることができるカード。１年間使うことができます。横浜市に住んでいたら、70歳からもらうことができます。このカードをもらうためには、お金を払うときがあります。,分野: 健康・福祉,False,False
12,横浜市,やさしい日本語で伝える 語彙集,2024,その他,term,経路時刻表検索システム,経路時刻表検索システム,横浜市のバスや地下鉄での行き方や時間を調べるシステム,分野: 市営交通,False,False
12,横浜市,やさしい日本語で伝える 語彙集,2024,行政手続,term,結婚証明書,結婚証明書,「婚姻（№165）していること」を証明する（わかるようにする）書類（紙）,分野: 届出・申請,False,False
12,横浜市,やさしい日本語で伝える 語彙集,2024,その他,term,減額,減額,税金を安くすること,分野: 税,False,False
12,横浜市,やさしい日本語で伝える 語彙集,2024,その他,term,減額措置,減額措置,役所が税金を安くすること,分野: 税,False,False
12,横浜市,やさしい日本語で伝える 語彙集,2024,医療,term,元気づくりステーション,元気づくりステーション,自分の家の近くでみんなと一緒に、介護予防（No.52）や健康づくりを行うグループの活動,分野: 健康・福祉,False,False
12,横浜市,やさしい日本語で伝える 語彙集,2024,防災,term,減災行動,減災行動,災害のときに困ったことを減らすために行うこと,分野: 防災・救急,False,False
12,横浜市,やさしい日本語で伝える 語彙集,2024,その他,term,県税,県税,県に払う税金,分野: 税,False,False
12,横浜市,やさしい日本語で伝える 語彙集,2024,その他,term,源泉徴収票,源泉徴収票,1年間にもらった給料や年金と、払った所得税（No.266）を書いた書類（紙）,分野: 税,False,False
12,横浜市,やさしい日本語で伝える 語彙集,2024,その他,term,券売機,券売機,きっぷを買うことができる機械,分野: 市営交通,False,False
12,横浜市,やさしい日本語で伝える 語彙集,2024,その他,term,県民税,県民税,県に住所がある人や会社などが払う県税,分野: 税,False,False
12,横浜市,やさしい日本語で伝える 語彙集,2024,防災,term,広域避難場所,広域避難場所,地震での大火事から命を守るために逃げるところ,分野: 防災・救急,False,False
12,横浜市,やさしい日本語で伝える 語彙集,2024,行政手続,term,（住民票の）広域交付,（住民票の）広域交付,住民票（№232）を住んでいないところの役所でもらうこと,分野: 届出・申請,False,False
12,横浜市,やさしい日本語で伝える 語彙集,2024,社会保険,term,高額介護サービス,高額介護サービス,要介護認定を受けている人が、介護保険サービスを受けて、月に決まったお金よりたくさん払った時、お金が戻ってきます。,分野: 保険・年金,False,False
12,横浜市,やさしい日本語で伝える 語彙集,2024,社会保険,term,高額療養費,高額療養費,"国民健康保険（№141）に入っている人は、病院や薬局へ行ったとき、払ったお金が、月に決まった金額をこえると、こえた金額が戻ってきます。
戻ってくるお金があるときは区役所からお知らせがあります。",分野: 保険・年金,False,False
12,横浜市,やさしい日本語で伝える 語彙集,2024,その他,term,公課証明,公課証明,固定資産課税台帳に書いてあることを証明する（わかるようにする）書類（紙）。税額がわかります。,分野: 税,False,False
12,横浜市,やさしい日本語で伝える 語彙集,2024,社会保険,term,後期高齢者医療制度,後期高齢者医療制度,75歳以上の人や、65歳から74歳で障害がある人のための制度（決まりごと）。おとしよりが病院や薬局に行ったとき、払うお金が少なくなります。,分野: 保険・年金,False,False
12,横浜市,やさしい日本語で伝える 語彙集,2024,社会保険,term,後期高齢者医療被保険者証,後期高齢者医療被保険者証,後期高齢者医療制度に入っていることを証明する（わかるようにする）カード,分野: 保険・年金,False,False
12,横浜市,やさしい日本語で伝える 語彙集,2024,日常生活,term,公共職業安定所（ハローワーク）,公共職業安定所（ハローワーク）,仕事を探すことができるところ。失業保険の手続きもできます。,分野: 暮らし,False,False
12,横浜市,やさしい日本語で伝える 語彙集,2024,医療,term,後見人（成年後見人）,後見人（成年後見人）,成年後見制度（№295）で決めたあなたの代わりの人,分野: 健康・福祉,False,False
12,横浜市,やさしい日本語で伝える 語彙集,2024,防災,term,公助,公助,災害のときのために、役所が行うこと。救助活動や避難場所の用意など。,分野: 防災・救急,False,False
12,横浜市,やさしい日本語で伝える 語彙集,2024,医療,term,更生医療,更生医療,身体障害者手帳　を持っている人が、手帳（ノート）に書いてある障害を病院でみてもらいます。,分野: 健康・福祉,False,False
12,横浜市,やさしい日本語で伝える 語彙集,2024,社会保険,term,厚生年金,厚生年金,会社で働いている人などが加入します。,分野: 保険・年金,False,False
12,横浜市,やさしい日本語で伝える 語彙集,2024,その他,term,交通系ＩＣカード（PASMO・Suicaなど）,交通系ＩＣカード（PASMO・Suicaなど）,地下鉄やバスに乗るときに使えるICカード。PASMOやSuicaなどがあります。,分野: 市営交通,False,False
12,横浜市,やさしい日本語で伝える 語彙集,2024,社会保険,term,公的医療保険,公的医療保険,この保険に入っていると病気やけがをなおすときに払うお金が少なくなります。日本では、すべての人が入ります。,分野: 保険・年金,False,False
12,横浜市,やさしい日本語で伝える 語彙集,2024,行政手続,term,公的個人認証,公的個人認証,電子証明（№352）のこと,分野: 届出・申請,False,False
12,横浜市,やさしい日本語で伝える 語彙集,2024,行政手続,term,交付,交付,役所が出した書類（紙）やマイナンバーカード（№520）をもらうこと,分野: 届出・申請,False,False
12,横浜市,やさしい日本語で伝える 語彙集,2024,医療,term,高齢者虐待,高齢者虐待,おとしよりに暴力をしたり、世話をしなかったり、おとしよりが困ることをすること,分野: 健康・福祉,False,False
12,横浜市,やさしい日本語で伝える 語彙集,2024,社会保険,term,高齢受給者証,高齢受給者証,病院や薬局で払うお金のわりあい（％）が書いてある紙。健康保険に入っている７０歳から７４歳までの人がもらいます。,分野: 保険・年金,False,False
12,横浜市,やさしい日本語で伝える 語彙集,2024,医療,term,高齢障害支援課,高齢障害支援課,区役所の窓口の一つ。おとしよりや障害がある人のことについて相談できます。,分野: 健康・福祉,False,False
12,横浜市,やさしい日本語で伝える 語彙集,2024,日常生活,term,小型家電,小型家電,電気・電池で動く小さな製品。携帯電話やデジタルカメラなど,分野: ごみ・リサイクル,False,False
12,横浜市,やさしい日本語で伝える 語彙集,2024,日常生活,term,小型家電回収ボックス,小型家電回収ボックス,いらなくなった電気・電池で動く小さな製品を入れる箱。集めたものをリサイクルします。,分野: ごみ・リサイクル,False,False
12,横浜市,やさしい日本語で伝える 語彙集,2024,その他,term,国税,国税,国に払う税金,分野: 税,False,False
12,横浜市,やさしい日本語で伝える 語彙集,2024,社会保険,term,国民健康保険,国民健康保険,"会社の健康保険※などに入っていない人が入る医療保険（病院の料金が安くなります）です。
※健康保険…病気やけがをした時のための保険。病院で払うお金が少なくなります。",分野: 保険・年金,False,False
12,横浜市,やさしい日本語で伝える 語彙集,2024,社会保険,term,国民健康保険証,国民健康保険証,国民健康保険（№141）に入っている人が病院にかかるときに出すカード。2024年12月２日からマイナンバーカード(№520)が代わりになります。,分野: 保険・年金,False,False
12,横浜市,やさしい日本語で伝える 語彙集,2024,社会保険,term,国民年金,国民年金,"保険料を払った人は、年をとった時や病気やけがで働くことができなくなった時などに、生活のためのお金をもらうことができます。
日本に住んでいる20歳から59歳の人は、日本人も外国人もみんな「国民年金」に入ります。",分野: 保険・年金,False,False
12,横浜市,やさしい日本語で伝える 語彙集,2024,日常生活,term,古紙,古紙,いらなくなった紙。本・新聞・ダンボールなど,分野: ごみ・リサイクル,False,False
12,横浜市,やさしい日本語で伝える 語彙集,2024,その他,term,個人県民税,個人県民税,お金をもらった人が払う県税。前の年の所得でいくら払うかが決まります。,分野: 税,False,False
12,横浜市,やさしい日本語で伝える 語彙集,2024,その他,term,個人事業税,個人事業税,自分でビジネスをする人が払う県税,分野: 税,False,False
12,横浜市,やさしい日本語で伝える 語彙集,2024,その他,term,個人市民税,個人市民税,お金をもらった人が払う市税。前の年の所得で、いくら払うかが決まります。,分野: 税,False,False
12,横浜市,やさしい日本語で伝える 語彙集,2024,その他,term,個人住民税,個人住民税,個人市民税と個人県民税,分野: 税,False,False
12,横浜市,やさしい日本語で伝える 語彙集,2024,行政手続,term,個人情報,個人情報,名前、性別（男か女）、生まれた日、住所のこと,分野: 届出・申請,False,False
12,横浜市,やさしい日本語で伝える 語彙集,2024,行政手続,term,個人番号,個人番号,「マイナンバー」（№519）のこと,分野: 届出・申請,False,False
12,横浜市,やさしい日本語で伝える 語彙集,2024,行政手続,term,個人番号カード交付・電子証明書発行通知書兼照会書（交付通知書）,個人番号カード交付・電子証明書発行通知書兼照会書（交付通知書）,マイナンバーカード（№520）を受け取る時に必要なはがきです。申し込みが必要です。,分野: 届出・申請,False,False
12,横浜市,やさしい日本語で伝える 語彙集,2024,行政手続,term,戸籍,戸籍,日本の国籍をもつ人が、役所に登録した（知らせた）家族の情報（名前、生まれた年・月・日など）,分野: 届出・申請,False,False
12,横浜市,やさしい日本語で伝える 語彙集,2024,行政手続,term,（区役所）戸籍課,（区役所）戸籍課,"区役所窓口の一つ。
引っ越し（住む場所を変えること）、結婚、子どもが生まれた時などについて手続き（あなたがやらなければいけないこと）をするところです。",分野: 届出・申請,False,False
12,横浜市,やさしい日本語で伝える 語彙集,2024,行政手続,term,戸籍個人事項証明（戸籍抄本）,戸籍個人事項証明（戸籍抄本）,戸籍（№152）の中の一部のひとだけを証明する（わかるようにする）書類（紙）,分野: 届出・申請,False,False
12,横浜市,やさしい日本語で伝える 語彙集,2024,行政手続,term,戸籍全部事項証明書（戸籍謄本）,戸籍全部事項証明書（戸籍謄本）,戸籍（№152）の中の全員を証明する（わかるようにする）書類（紙）,分野: 届出・申請,False,False
12,横浜市,やさしい日本語で伝える 語彙集,2024,行政手続,term,戸籍謄抄本,戸籍謄抄本,戸籍（№152）の中の全員または一部の人だけを証明する（わかるようにする）書類（紙）,分野: 届出・申請,False,False
12,横浜市,やさしい日本語で伝える 語彙集,2024,行政手続,term,戸籍の附票（戸籍の附票の写し）,戸籍の附票（戸籍の附票の写し）,戸籍（№152）にのっている人の住んでいたところがわかる書類（紙）,分野: 届出・申請,False,False
12,横浜市,やさしい日本語で伝える 語彙集,2024,行政手続,term,戸籍法,戸籍法,戸籍（№152）の法律（決まり）,分野: 届出・申請,False,False
12,横浜市,やさしい日本語で伝える 語彙集,2024,教育,term,子育て支援,子育て支援,子どもを育てる時に心配なことや大変なことがある時に、周りの人や市が助ける（力を貸す）こと,分野: 子育て・教育,False,False
12,横浜市,やさしい日本語で伝える 語彙集,2024,その他,term,固定資産課税台帳,固定資産課税台帳,固定資産税をはらう人がもっている土地、家屋、償却資産のことを書いたもの,分野: 税,False,False
12,横浜市,やさしい日本語で伝える 語彙集,2024,その他,term,固定資産税,固定資産税,土地、家屋、償却資産などをもっている人が払う市税,分野: 税,False,False
12,横浜市,やさしい日本語で伝える 語彙集,2024,教育,term,（区役所）こども家庭支援課こども家庭係,（区役所）こども家庭支援課こども家庭係,区役所の窓口の一つ。子育て（子どもを育てること）や母子健康手帳、児童手当、保育園のことを相談（聞くこと）ができます,分野: 子育て・教育,False,False
12,横浜市,やさしい日本語で伝える 語彙集,2024,教育,term,こども家庭相談,こども家庭相談,子どもを育てている人が相談（聞くこと）ができます。赤ちゃんから18歳までの子どもについてです。,分野: 子育て・教育,False,False
12,横浜市,やさしい日本語で伝える 語彙集,2024,日常生活,term,古布,古布,いらなくなった布。洋服など,分野: ごみ・リサイクル,False,False
12,横浜市,やさしい日本語で伝える 語彙集,2024,行政手続,term,婚姻,婚姻,（国が法律（決まり）で認めた）結婚のこと,分野: 届出・申請,False,False
12,横浜市,やさしい日本語で伝える 語彙集,2024,行政手続,term,婚姻届,婚姻届,結婚をする時に役所に出す書類（紙）,分野: 届出・申請,False,False
12,横浜市,やさしい日本語で伝える 語彙集,2024,行政手続,term,婚姻要件具備証明書,婚姻要件具備証明書,結婚できることを証明する（分かるようにする）書類（紙）。結婚する人の国の役所が出します。,分野: 届出・申請,False,False
12,横浜市,やさしい日本語で伝える 語彙集,2024,教育,term,こんにちは赤ちゃん訪問,こんにちは赤ちゃん訪問,民生委員（No.528）などがお母さんと赤ちゃんが元気でいられるようにいろいろな情報をくれます。,分野: 子育て・教育,False,False
12,横浜市,やさしい日本語で伝える 語彙集,2024,防災,term,災害,災害,地震、大雨、台風などで、困ったことが起きること,分野: 防災・救急,False,False
12,横浜市,やさしい日本語で伝える 語彙集,2024,防災,term,災害時給水所,災害時給水所,地震などで水が止まったときに水がもらえるところ,分野: 防災・救急,False,False
12,横浜市,やさしい日本語で伝える 語彙集,2024,防災,term,災害弔慰金,災害弔慰金,火事や地震、大雨、台風などで、死んだ人の家族が役所からもらえるお金。,分野: 防災・救急,False,False
12,横浜市,やさしい日本語で伝える 語彙集,2024,防災,term,災害見舞金,災害見舞金,火事や地震、大雨、台風などで、けがをしたり家が壊れたりした人が役所からもらえるお金。,分野: 防災・救急,False,False
12,横浜市,やさしい日本語で伝える 語彙集,2024,教育,term,在学証明書,在学証明書,"その学校の子ども・生徒・学生であることを証明する（わかるようにする）もの。
学校に行くためのバスや電車に安くのるための書類（紙）です。学校がつくります。",分野: 子育て・教育,False,False
12,横浜市,やさしい日本語で伝える 語彙集,2024,行政手続,term,再交付,再交付,役所が出した書類（紙）をなくした人が、もう一度同じ書類（紙）をもらうこと。もう一度、交付（No.134）してもらうこと,分野: 届出・申請,False,False
12,横浜市,やさしい日本語で伝える 語彙集,2024,医療,term,在宅介護支援センター,在宅介護支援センター,地域包括支援センター（No.322）とほぼ同じ,分野: 健康・福祉,False,False
12,横浜市,やさしい日本語で伝える 語彙集,2024,医療,term,在宅サービス,在宅サービス,年をとった人や障害がある人が、家で生活するために受けられるサービス,分野: 健康・福祉,False,False
12,横浜市,やさしい日本語で伝える 語彙集,2024,行政手続,term,再発行,再発行,再交付（№174）のこと,分野: 届出・申請,False,False
12,横浜市,やさしい日本語で伝える 語彙集,2024,行政手続,term,在留カード,在留カード,90日以上日本にいる外国人がもつカード。入国管理局でもらえます。,分野: 届出・申請,False,False
12,横浜市,やさしい日本語で伝える 語彙集,2024,その他,term,差押え,差押え,給料や売り上げ、貯金、家、自動車などを役所が税金の代わりに取ること。税金を期限（決まった日）までに払わない人から取ります。,分野: 税,False,False
12,横浜市,やさしい日本語で伝える 語彙集,2024,その他,term,市営,市営,市の,分野: 市営交通,False,False
12,横浜市,やさしい日本語で伝える 語彙集,2024,その他,term,市営バス一日乗車券,市営バス一日乗車券,横浜市営バスに一日何回でも乗れるきっぷ,分野: 市営交通,False,False
12,横浜市,やさしい日本語で伝える 語彙集,2024,医療,term,視覚障害,視覚障害,目に障害のある人,分野: 健康・福祉,False,False
12,横浜市,やさしい日本語で伝える 語彙集,2024,行政手続,term,資格証明書,資格証明書,"役所が出したもので、自分の名前や資格※が分かるもの。運転免許証や在留カードなど。  
※資格…ライセンス",分野: 届出・申請,False,False
12,横浜市,やさしい日本語で伝える 語彙集,2024,日常生活,term,資源回収拠点,資源回収拠点,資源物（№186）を置くことができるところ,分野: ごみ・リサイクル,False,False
12,横浜市,やさしい日本語で伝える 語彙集,2024,日常生活,term,資源集団回収,資源集団回収,自治会・町内会（No.189）などで紙や布など、リサイクルできるものを集めること,分野: ごみ・リサイクル,False,False
12,横浜市,やさしい日本語で伝える 語彙集,2024,日常生活,term,資源物,資源物,もう一度使うことができるもの,分野: ごみ・リサイクル,False,False
12,横浜市,やさしい日本語で伝える 語彙集,2024,防災,term,自助,自助,災害のときのために、自分・家族の命・生活を守ること。食べものや水を用意することなど。,分野: 防災・救急,False,False
12,横浜市,やさしい日本語で伝える 語彙集,2024,その他,term,市税,市税,市に払う税金,分野: 税,False,False
12,横浜市,やさしい日本語で伝える 語彙集,2024,日常生活,term,自治会町内会,自治会町内会,近くに住んでいる人たちが作る団体（グループ）。近所の問題を考えたり、助け合ったりします。,分野: 暮らし,False,False
12,横浜市,やさしい日本語で伝える 語彙集,2024,行政手続,term,実印,実印,役所に印鑑登録（No.23）したはんこ,分野: 届出・申請,False,False
12,横浜市,やさしい日本語で伝える 語彙集,2024,その他,term,失効,失効,使うことができなくなること。効果がなくなること。,分野: その他,False,False
12,横浜市,やさしい日本語で伝える 語彙集,2024,その他,term,実費相当額,実費相当額,かかったお金と同じ,分野: その他,False,False
12,横浜市,やさしい日本語で伝える 語彙集,2024,医療,term,指定医,指定医,診断書、意見書を書くことのできるお医者さん。身体障害者手帳、自立支援医療、小児慢性特定疾病医療給付、補装具などの申請のときに相談します。,分野: 健康・福祉,False,False
12,横浜市,やさしい日本語で伝える 語彙集,2024,医療,term,指定医療機関,指定医療機関,生活保護や自立支援医療のために市が決めた病院や薬やさん,分野: 健康・福祉,False,False
12,横浜市,やさしい日本語で伝える 語彙集,2024,教育,term,指定校,指定校,行くことが決まっている小学校と中学校。住んでいるところで決まります,分野: 子育て・教育,False,False
12,横浜市,やさしい日本語で伝える 語彙集,2024,教育,term,指定地区外就学許可制度,指定地区外就学許可制度,横浜市では通う小中学校が決まっています。ほかの横浜市立の学校に行きたいときは、「なぜ通いたいか」（理由）が必要です。,分野: 子育て・教育,False,False
12,横浜市,やさしい日本語で伝える 語彙集,2024,日常生活,term,自転車駐車場,自転車駐車場,自転車やオートバイを止める（ための）ところ,分野: 暮らし,False,False
12,横浜市,やさしい日本語で伝える 語彙集,2024,日常生活,term,（自転車等の）放置,（自転車等の）放置,"自転車やオートバイを、止めてはいけないところ※に置いて、そこからいなくなること
止めてはいけないところは決まっています。※道の上や公園などの公共の場所",分野: 暮らし,False,False
12,横浜市,やさしい日本語で伝える 語彙集,2024,日常生活,term,自転車等放置禁止区域,自転車等放置禁止区域,「（自転車等の）放置」「○○禁止区域」（No.198、98を見てください。）,分野: 暮らし,False,False
12,横浜市,やさしい日本語で伝える 語彙集,2024,日常生活,term,自転車等保管場所,自転車等保管場所,"役所が放置自転車等を持っていくところ
あなたの放置自転車等を取りにいくところ。お金がかかります。",分野: 暮らし,False,False
12,横浜市,やさしい日本語で伝える 語彙集,2024,教育,term,児童,児童,子ども,分野: 子育て・教育,False,False
12,横浜市,やさしい日本語で伝える 語彙集,2024,行政手続,term,自動車検査証,自動車検査証,車の検査を受けたときにもらう書類（紙）。車を持っている人や使う人の名前が書いてあります。,分野: 届出・申請,False,False
12,横浜市,やさしい日本語で伝える 語彙集,2024,その他,term,自動車取得税,自動車取得税,車が自分のものになる時に払う県税,分野: 税,False,False
12,横浜市,やさしい日本語で伝える 語彙集,2024,その他,term,自動車税,自動車税,軽自動車ではない車をもっている人が払う県税,分野: 税,False,False
12,横浜市,やさしい日本語で伝える 語彙集,2024,行政手続,term,自動車臨時運行許可（仮ナンバー）,自動車臨時運行許可（仮ナンバー）,特別にその時だけ使うことができるナンバープレートです。区役所で申請します。,分野: 届出・申請,False,False
12,横浜市,やさしい日本語で伝える 語彙集,2024,教育,term,児童手当,児童手当,子どもを育てている人が、役所からもらうことができるお金。収入（もらったお金やもの）と年齢（子どもの年）によって変わります,分野: 子育て・教育,False,False
12,横浜市,やさしい日本語で伝える 語彙集,2024,教育,term,児童福祉施設,児童福祉施設,子どもの面倒をみる（世話をする）ための場所・建物。保育所や児童養護施設など,分野: 子育て・教育,False,False
12,横浜市,やさしい日本語で伝える 語彙集,2024,教育,term,児童福祉法,児童福祉法,子どもを守るための法律,分野: 子育て・教育,False,False
12,横浜市,やさしい日本語で伝える 語彙集,2024,教育,term,児童扶養手当,児童扶養手当,18歳までの子どもをひとりで育てている親（お父さん、お母さんなど）は、お金をもらうことができます。収入（もらったお金やもの）によって決まります。,分野: 子育て・教育,False,False
12,横浜市,やさしい日本語で伝える 語彙集,2024,その他,term,シニアパス,シニアパス,65歳以上の人が、横浜市営バスに何回でも乗れるきっぷ。３か月か６か月の間  使うことかできます。「あかいくつ」には乗れません。,分野: 市営交通,False,False
12,横浜市,やさしい日本語で伝える 語彙集,2024,その他,term,支払い期限,支払い期限,お金をこの日までに、はらわなければいけません。,分野: 税,False,False
12,横浜市,やさしい日本語で伝える 語彙集,2024,行政手続,term,死亡診断書,死亡診断書,人が死んだことについて書いてある、お医者さんが出した書類（紙）,分野: 届出・申請,False,False
12,横浜市,やさしい日本語で伝える 語彙集,2024,行政手続,term,死亡届,死亡届,人が死んだことを役所に知らせる書類（紙）。人が死んだらすぐ出してください。,分野: 届出・申請,False,False
12,横浜市,やさしい日本語で伝える 語彙集,2024,その他,term,市民税,市民税,市に住所がある人や会社などが払う市税,分野: 税,False,False
12,横浜市,やさしい日本語で伝える 語彙集,2024,医療,term,社会福祉協議会,社会福祉協議会,毎日の生活の中で困っている人を助けるためにいろいろな人と協力して支えていく団体（グループ）。,分野: 健康・福祉,False,False
12,横浜市,やさしい日本語で伝える 語彙集,2024,医療,term,社会福祉士,社会福祉士,生活に困っている人を助けるための勉強をして、よく知っている人。国のテストに合格した人。,分野: 健康・福祉,False,False
12,横浜市,やさしい日本語で伝える 語彙集,2024,教育,term,就学,就学,学校に入って勉強すること,分野: 子育て・教育,False,False
12,横浜市,やさしい日本語で伝える 語彙集,2024,行政手続,term,住基カード（住民基本台帳カード）,住基カード（住民基本台帳カード）,名前や生まれた日、住所などが書いてあるカード。2016年にマイナンバーカード（№520）に変わりました。,分野: 届出・申請,False,False
12,横浜市,やさしい日本語で伝える 語彙集,2024,行政手続,term,住居表示,住居表示,住んでいる町の名前や住所の番号を役所が変えること,分野: 届出・申請,False,False
12,横浜市,やさしい日本語で伝える 語彙集,2024,行政手続,term,住居表示変更証明書,住居表示変更証明書,住んでいるところの町の名前や住所の番号を、役所が変えたことがわかるようにした書類（紙）,分野: 届出・申請,False,False
12,横浜市,やさしい日本語で伝える 語彙集,2024,日常生活,term,収集,収集,集めること,分野: ごみ・リサイクル,False,False
12,横浜市,やさしい日本語で伝える 語彙集,2024,行政手続,term,住所地,住所地,住んでいる場所,分野: 届出・申請,False,False
12,横浜市,やさしい日本語で伝える 語彙集,2024,日常生活,term,集積場所,集積場所,ごみを出すところ。決まった曜日の朝８時までに出します。,分野: ごみ・リサイクル,False,False
12,横浜市,やさしい日本語で伝える 語彙集,2024,医療,term,住宅改修費,住宅改修費,要介護認定を受けている人が、家で生活しやすいように家を直したとき、役所が払ってくれるお金。直す前に区役所に相談しなければなりません。,分野: 健康・福祉,False,False
12,横浜市,やさしい日本語で伝える 語彙集,2024,行政手続,term,住宅用家屋証明書,住宅用家屋証明書,住んでいる家だと証明する（わかるようにする）書類（紙）,分野: 届出・申請,False,False
12,横浜市,やさしい日本語で伝える 語彙集,2024,防災,term,住宅用火災警報器,住宅用火災警報器,火事になりそうなとき、音や声で教えてくれるもの。,分野: 防災・救急,False,False
12,横浜市,やさしい日本語で伝える 語彙集,2024,医療,term,重度障害者医療証,重度障害者医療証,"この券（カード）を持っていると病気やけがをなおす時にお金が０円になります。
体や心に重い障害があって、１級などの手帳を持っている人がこの券を使えます。",分野: 健康・福祉,False,False
12,横浜市,やさしい日本語で伝える 語彙集,2024,医療,term,重度身体障害者,重度身体障害者,からだに重い障害がある人です。,分野: 健康・福祉,False,False
12,横浜市,やさしい日本語で伝える 語彙集,2024,行政手続,term,住民基本台帳法,住民基本台帳法,住所などの手続（あなたがやらなければいけないこと）の法律（決まり）,分野: 届出・申請,False,False
12,横浜市,やさしい日本語で伝える 語彙集,2024,その他,term,住民税,住民税,市民税と県民税,分野: 税,False,False
12,横浜市,やさしい日本語で伝える 語彙集,2024,行政手続,term,住民登録,住民登録,あなたが住んでいることを役所に登録する(知らせる)こと,分野: 届出・申請,False,False
12,横浜市,やさしい日本語で伝える 語彙集,2024,行政手続,term,住民票（住民票の写し）,住民票（住民票の写し）,あなたや家族が住んでいるところを証明する（わかるようにする）書類（紙）。住所、氏名（名前）、生まれた日など,分野: 届出・申請,False,False
12,横浜市,やさしい日本語で伝える 語彙集,2024,行政手続,term,住民票記載事項証明書,住民票記載事項証明書,住民票にのっていることを選んで証明する（わかるようにする）書類（紙）。住所、氏名（名前）、生まれた日など,分野: 届出・申請,False,False
12,横浜市,やさしい日本語で伝える 語彙集,2024,社会保険,term,受給権者,受給権者,年金をもらうことができる人です。,分野: 保険・年金,False,False
12,横浜市,やさしい日本語で伝える 語彙集,2024,社会保険,term,出産育児一時金,出産育児一時金,国民健康保険や健康保険に入っている人が、赤ちゃんを産んだ時にもらえるお金,分野: 保険・年金,False,False
12,横浜市,やさしい日本語で伝える 語彙集,2024,行政手続,term,出生証明書,出生証明書,子どもが生まれたことを証明する（わかるようにする）紙。お医者さんまたは助産師（赤ちゃんを生むときに力を貸してくれる人）が書きます。,分野: 届出・申請,False,False
12,横浜市,やさしい日本語で伝える 語彙集,2024,行政手続,term,出生届,出生届,子どもが生まれたことを役所に知らせる書類（紙）。子どもが生まれた日から2週間のうちに出してください。,分野: 届出・申請,False,False
12,横浜市,やさしい日本語で伝える 語彙集,2024,教育,term,出生連絡票,出生連絡票,赤ちゃんが生まれたことを役所に知らせるためのはがき,分野: 子育て・教育,False,False
12,横浜市,やさしい日本語で伝える 語彙集,2024,社会保険,term,障害基礎年金,障害基礎年金,障害がある人がもらいます。もらえないときもあります。,分野: 保険・年金,False,False
12,横浜市,やさしい日本語で伝える 語彙集,2024,医療,term,障害児・障害者,障害児・障害者,障害のある人,分野: 健康・福祉,False,False
12,横浜市,やさしい日本語で伝える 語彙集,2024,医療,term,障害者自動車燃料券,障害者自動車燃料券,障害がある人が自分の車のガソリン代の支払いに使える券（チケット）。横浜市が決めた人がもらえます。手続きしなければなりません。,分野: 健康・福祉,False,False
12,横浜市,やさしい日本語で伝える 語彙集,2024,医療,term,障害者総合支援法,障害者総合支援法,障害者のためのサービスについての法律,分野: 健康・福祉,False,False
12,横浜市,やさしい日本語で伝える 語彙集,2024,医療,term,障害者手帳,障害者手帳,障害者が持つことができる手帳（ノート）。いろいろなサービスや手助けを受けることができます。,分野: 健康・福祉,False,False
12,横浜市,やさしい日本語で伝える 語彙集,2024,医療,term,障害者福祉施設,障害者福祉施設,障害のある人が住むところや、昼に行くところ。生活を手伝ってもらったり、仕事の練習をしたり、ものをつくったりするところ。,分野: 健康・福祉,False,False
12,横浜市,やさしい日本語で伝える 語彙集,2024,行政手続,term,照会書（照会文書）,照会書（照会文書）,確認する（はっきりする）ための書類（紙）です。家に届きます。,分野: 届出・申請,False,False
12,横浜市,やさしい日本語で伝える 語彙集,2024,日常生活,term,浄化槽,浄化槽,家から出た汚れた水をきれいにするためのタンク,分野: 暮らし,False,False
12,横浜市,やさしい日本語で伝える 語彙集,2024,その他,term,償却資産,償却資産,ビジネスのために長い間、使うもの。例えば、機械や机、イスなど,分野: 税,False,False
12,横浜市,やさしい日本語で伝える 語彙集,2024,その他,term,乗車券,乗車券,きっぷ,分野: 市営交通,False,False
12,横浜市,やさしい日本語で伝える 語彙集,2024,医療,term,小児医療証,小児医療証,こどもが、病気やけがで医者にみてもらったり、薬やさんで薬をもらう時に持っていきます。持っていくと０円になります。,分野: 健康・福祉,False,False
12,横浜市,やさしい日本語で伝える 語彙集,2024,医療,term,小児医療費助成,小児医療費助成,こどもが病気やけがで、病院や薬局に行ったとき、お金が0円になる仕組み。,分野: 健康・福祉,False,False
12,横浜市,やさしい日本語で伝える 語彙集,2024,医療,term,小児慢性特定疾病,小児慢性特定疾病,小児がんなど、いくつかの特別な病気。子ども（18歳まで）が国や市のお金でお医者さんにみてもらうことができます。,分野: 健康・福祉,False,False
12,横浜市,やさしい日本語で伝える 語彙集,2024,日常生活,term,消費生活総合センター,消費生活総合センター,物を買ったときや、サービスを利用したときのトラブル（こまったこと）について話を聞いてくれるところ。横浜市に住んでいる人、横浜市にある会社で働いている人や学校に通っている人が相談できます。,分野: 暮らし,False,False
12,横浜市,やさしい日本語で伝える 語彙集,2024,行政手続,term,情報提供等記録開示システム,情報提供等記録開示システム,マイナポータル（No.518)のこと,分野: 届出・申請,False,False
12,横浜市,やさしい日本語で伝える 語彙集,2024,行政手続,term,証明発行,証明発行,あなたを証明する（わかるようにする）書類（紙）を役所が出すこと,分野: 届出・申請,False,False
12,横浜市,やさしい日本語で伝える 語彙集,2024,教育,term,職業体験プログラム,職業体験プログラム,短い間、仕事をやってみるプログラム,分野: 子育て・教育,False,False
12,横浜市,やさしい日本語で伝える 語彙集,2024,教育,term,職業的自立,職業的自立,あなたが仕事をして、働いたお金で生活すること,分野: 子育て・教育,False,False
12,横浜市,やさしい日本語で伝える 語彙集,2024,医療,term,食中毒,食中毒,食べものや飲みものに混ざっていた、ばい菌や虫、毒が原因で病気になること,分野: 健康・福祉,False,False
12,横浜市,やさしい日本語で伝える 語彙集,2024,医療,term,食品営業許可,食品営業許可,役所が食べ物のお店を始めていいよ、ということです。,分野: 健康・福祉,False,False
12,横浜市,やさしい日本語で伝える 語彙集,2024,医療,term,食品衛生,食品衛生,食べ物や飲み物で病気にならないようにすること,分野: 健康・福祉,False,False
12,横浜市,やさしい日本語で伝える 語彙集,2024,医療,term,食品衛生責任者,食品衛生責任者,お店の人。食べ物や飲み物で病気にならないようにします。,分野: 健康・福祉,False,False
12,横浜市,やさしい日本語で伝える 語彙集,2024,医療,term,食品衛生責任者証,食品衛生責任者証,食品衛生責任者の名前が書いてある書類（紙）。,分野: 健康・福祉,False,False
12,横浜市,やさしい日本語で伝える 語彙集,2024,日常生活,term,食品ロス,食品ロス,まだ食べることができるのに捨てているもの,分野: ごみ・リサイクル,False,False
12,横浜市,やさしい日本語で伝える 語彙集,2024,その他,term,女性専用車,女性専用車,車の一部。決まった時間に女の人だけが乗れるところ。小学生以下の子どもや障害のある人と助ける人も乗ることができます。,分野: 市営交通,False,False
12,横浜市,やさしい日本語で伝える 語彙集,2024,行政手続,term,除籍,除籍,昔の戸籍（No.152）の情報（データ）,分野: 届出・申請,False,False
12,横浜市,やさしい日本語で伝える 語彙集,2024,その他,term,所得,所得,収入（もらったお金）から、経費（そのお金をもらうために使ったお金）を引いたものです。計算のやり方は法律で決まっています。,分野: 税,False,False
12,横浜市,やさしい日本語で伝える 語彙集,2024,その他,term,所得税,所得税,所得があった人が払う国税,分野: 税,False,False
12,横浜市,やさしい日本語で伝える 語彙集,2024,行政手続,term,署名用電子証明書,署名用電子証明書,電子証明（No. 352）のこと,分野: 届出・申請,False,False
12,横浜市,やさしい日本語で伝える 語彙集,2024,医療,term,自立支援医療,自立支援医療,障害を軽くしたり、なおしたりするためのお金が安くなります。,分野: 健康・福祉,False,False
12,横浜市,やさしい日本語で伝える 語彙集,2024,その他,term,申告（税に関する申告）,申告（税に関する申告）,自分の家、土地、車、もらったお金などについて、税務署や区役所に教えること。これをすると自分の税額が決まります。,分野: 税,False,False
12,横浜市,やさしい日本語で伝える 語彙集,2024,その他,term,申告書（税に関する申告書）,申告書（税に関する申告書）,申告のための書類（紙）,分野: 税,False,False
12,横浜市,やさしい日本語で伝える 語彙集,2024,医療,term,心身障害児・心身障害者,心身障害児・心身障害者,からだや脳に障害がある子どもやおとな,分野: 健康・福祉,False,False
12,横浜市,やさしい日本語で伝える 語彙集,2024,行政手続,term,申請,申請,役所にお願いすること,分野: 届出・申請,False,False
12,横浜市,やさしい日本語で伝える 語彙集,2024,行政手続,term,申請書,申請書,役所にお願いするために書く紙,分野: 届出・申請,False,False
12,横浜市,やさしい日本語で伝える 語彙集,2024,医療,term,身体障害者,身体障害者,からだに何か障害がある人,分野: 健康・福祉,False,False
12,横浜市,やさしい日本語で伝える 語彙集,2024,医療,term,身体障害者手帳,身体障害者手帳,身体障害者がもらう手帳（ノート）,分野: 健康・福祉,False,False
12,横浜市,やさしい日本語で伝える 語彙集,2024,教育,term,スクールカウンセラー,スクールカウンセラー,心のことがよく分かる人。学校に行けなかったり、いじめ、暴力（力や言葉で、人をきずつけること）など困った時に、子どもやお父さんお母さんの話を聞いてくれます。,分野: 子育て・教育,False,False
12,横浜市,やさしい日本語で伝える 語彙集,2024,その他,term,ステーションアテンダント,ステーションアテンダント,地下鉄の駅で、いろいろ教えてくれる人。大きい駅にいます。,分野: 市営交通,False,False
12,横浜市,やさしい日本語で伝える 語彙集,2024,日常生活,term,３Ｒ,３Ｒ,リユース、リデュース、リサイクルのこと,分野: ごみ・リサイクル,False,False
12,横浜市,やさしい日本語で伝える 語彙集,2024,その他,term,税額,税額,税金がいくらかということ,分野: 税,False,False
12,横浜市,やさしい日本語で伝える 語彙集,2024,医療,term,生活衛生,生活衛生,生活（食べ物、飲み物、住まい）についての衛生,分野: 健康・福祉,False,False
12,横浜市,やさしい日本語で伝える 語彙集,2024,医療,term,生活習慣病,生活習慣病,毎日の生活のしかたでなってしまう病気。食べ物やお酒やたばこ、運動をしないことで病気になります。,分野: 健康・福祉,False,False
12,横浜市,やさしい日本語で伝える 語彙集,2024,医療,term,生活保護,生活保護,がんばっても生活するお金が足りないときに、生活するためのお金をもらいます。自分の力で生活できるまで手伝ってもらうこと。,分野: 健康・福祉,False,False
12,横浜市,やさしい日本語で伝える 語彙集,2024,医療,term,生活保護受給者,生活保護受給者,生活保護をもらっている人,分野: 健康・福祉,False,False
12,横浜市,やさしい日本語で伝える 語彙集,2024,医療,term,生活保護世帯,生活保護世帯,生活保護をもらっている世帯,分野: 健康・福祉,False,False
12,横浜市,やさしい日本語で伝える 語彙集,2024,行政手続,term,請求者,請求者,役所に（何かをして）欲しいと思っている人,分野: 届出・申請,False,False
12,横浜市,やさしい日本語で伝える 語彙集,2024,その他,term,税金,税金,国や県や市がするサービスのために人や会社などが払うお金,分野: 税,False,False
12,横浜市,やさしい日本語で伝える 語彙集,2024,教育,term,青少年,青少年,子どもや若い人,分野: 子育て・教育,False,False
12,横浜市,やさしい日本語で伝える 語彙集,2024,教育,term,青少年指導員,青少年指導員,子どもたちのためにイベントや夜のパトロールなどをする地域のリーダー,分野: 子育て・教育,False,False
12,横浜市,やさしい日本語で伝える 語彙集,2024,その他,term,税証明発行窓口,税証明発行窓口,課税証明書（No.53）や納税証明書（No.404）をもらうところ,分野: 税,False,False
12,横浜市,やさしい日本語で伝える 語彙集,2024,医療,term,精神障害者,精神障害者,こころの病気や、お酒やドラッグの問題があって、生活が難しい人,分野: 健康・福祉,False,False
12,横浜市,やさしい日本語で伝える 語彙集,2024,医療,term,精神障害者保健福祉手帳,精神障害者保健福祉手帳,こころの病気があって、生活が難しい人が持つことができる手帳（ノート）,分野: 健康・福祉,False,False
12,横浜市,やさしい日本語で伝える 語彙集,2024,医療,term,精神通院医療,精神通院医療,こころの病気などで病院に行っている人が  もらえる書類（紙）。病院で払うお金が安くなります。,分野: 健康・福祉,False,False
12,横浜市,やさしい日本語で伝える 語彙集,2024,医療,term,精神保健指定医,精神保健指定医,精神障害者を診るお医者さん。この人が考えて決めて入院させることができます。本人が入院したいかどうかは、関係ありません。,分野: 健康・福祉,False,False
12,横浜市,やさしい日本語で伝える 語彙集,2024,医療,term,精神保健福祉相談,精神保健福祉相談,大きな心配やこころの病気について相談する（聞く）ことができます。,分野: 健康・福祉,False,False
12,横浜市,やさしい日本語で伝える 語彙集,2024,医療,term,成年後見制度,成年後見制度,一人で大事なことを決めたり、お金を払うことがむずかしくなった時、代わりにやってくれる人（後見人）を決める制度（決まりごと）です。,分野: 健康・福祉,False,False
12,横浜市,やさしい日本語で伝える 語彙集,2024,医療,term,成年被後見人,成年被後見人,"一人で大事なことを決めたり、お金を払うことができない人です。
かわりにやってくれる人（後見人）が必要です。裁判所（法律でよい、悪いを決めるところ）が決めた人が後見人です。",分野: 健康・福祉,False,False
12,横浜市,やさしい日本語で伝える 語彙集,2024,その他,term,（区役所）税務課,（区役所）税務課,区役所の窓口の一つ。税金のしごとをするところ。,分野: 税,False,False
12,横浜市,やさしい日本語で伝える 語彙集,2024,行政手続,term,世帯,世帯,同じ家で一緒に生活する人のグループ,分野: 届出・申請,False,False
12,横浜市,やさしい日本語で伝える 語彙集,2024,行政手続,term,世帯員,世帯員,同じ家で一緒に生活する人。同じ世帯（No.298）の人のこと,分野: 届出・申請,False,False
12,横浜市,やさしい日本語で伝える 語彙集,2024,行政手続,term,世帯主,世帯主,世帯（No.298）を代表する（みんなで選ぶ）人,分野: 届出・申請,False,False
12,横浜市,やさしい日本語で伝える 語彙集,2024,行政手続,term,世帯主変更,世帯主変更,世帯（No.298）を代表する（みんなで選ぶ）人を別の人に変えること,分野: 届出・申請,False,False
12,横浜市,やさしい日本語で伝える 語彙集,2024,行政手続,term,世帯変更届,世帯変更届,"世帯（No.298）の人を変えたことを（結婚や離婚※の時など）役所に知らせる書類（紙） 
※離婚…結婚をやめること",分野: 届出・申請,False,False
12,横浜市,やさしい日本語で伝える 語彙集,2024,その他,term,全線定期券,全線定期券,市営のバスにどこでも何回でも乗れる安いきっぷ。いつからいつまでと決まっています。「あかいくつ」は乗れません。,分野: 市営交通,False,False
12,横浜市,やさしい日本語で伝える 語彙集,2024,社会保険,term,葬祭費,葬祭費,お葬式などをした人が役所で手続きするともらえるお金。死んだ人が国民健康保険に入っていなければなりません。,分野: 保険・年金,False,False
12,横浜市,やさしい日本語で伝える 語彙集,2024,その他,term,相続,相続,死んだ人が残したもの（お金や借金など）を引き継ぐ（受け取る）こと,分野: 税,False,False
12,横浜市,やさしい日本語で伝える 語彙集,2024,その他,term,相続人,相続人,死んだ人が残したもの（お金や借金など）を引き継ぐ（受け取る）人,分野: 税,False,False
12,横浜市,やさしい日本語で伝える 語彙集,2024,日常生活,term,粗大ごみ,粗大ごみ,家から出す大きいごみ。タンスなど,分野: ごみ・リサイクル,False,False
12,横浜市,やさしい日本語で伝える 語彙集,2024,社会保険,term,第一号被保険者,第一号被保険者,国民年金に入っている人,分野: 保険・年金,False,False
12,横浜市,やさしい日本語で伝える 語彙集,2024,社会保険,term,第三号被保険者,第三号被保険者,20歳から59歳までで、第一号被保険者でも第二号被保険者でもない人,分野: 保険・年金,False,False
12,横浜市,やさしい日本語で伝える 語彙集,2024,行政手続,term,第三者請求（戸籍・住民票）,第三者請求（戸籍・住民票）,他の人があなたの戸籍全部事項証明書（No.155）や住民票（No.232）を役所でもらうこと,分野: 届出・申請,False,False
12,横浜市,やさしい日本語で伝える 語彙集,2024,防災,term,耐震改修,耐震改修,建物を強くすること。大きな地震があっても倒れにくくします。,分野: 防災・救急,False,False
12,横浜市,やさしい日本語で伝える 語彙集,2024,防災,term,耐震診断,耐震診断,大きな地震があったときに倒れないかどうか建物の強さを調べること,分野: 防災・救急,False,False
12,横浜市,やさしい日本語で伝える 語彙集,2024,社会保険,term,第二号被保険者,第二号被保険者,厚生年金に入っている人,分野: 保険・年金,False,False
12,横浜市,やさしい日本語で伝える 語彙集,2024,日常生活,term,対面朗読,対面朗読,文字が読めない人や読みにくい人、本のページをめくることが難しい人などのために、係の人が声に出して本を読みます。市立図書館でやっています。,分野: 暮らし,False,False
12,横浜市,やさしい日本語で伝える 語彙集,2024,行政手続,term,代理権確認書類,代理権確認書類,代理人（No.316）かどうか役所に知らせる書類（紙）（委任状（No.15)など）,分野: 届出・申請,False,False
12,横浜市,やさしい日本語で伝える 語彙集,2024,行政手続,term,代理人,代理人,任意代理人（No.388）か法定代理人（No.492）のこと,分野: 届出・申請,False,False
12,横浜市,やさしい日本語で伝える 語彙集,2024,社会保険,term,脱退一時金,脱退一時金,6カ月以上国民年金のお金を払った外国人が、国に帰る時、もらえる場合があるお金。保険料を払った期間で金額は変わります。,分野: 保険・年金,False,False
12,横浜市,やさしい日本語で伝える 語彙集,2024,教育,term,地域活動拠点,地域活動拠点,中学生や高校生が自由に勉強や遊びができるところ,分野: 子育て・教育,False,False
12,横浜市,やさしい日本語で伝える 語彙集,2024,医療,term,地域活動支援センター,地域活動支援センター,障害のある人が、ほかの人たちと一緒に、ものをつくったり、話し合ったりできるところ,分野: 健康・福祉,False,False
12,横浜市,やさしい日本語で伝える 語彙集,2024,医療,term,地域ケアプラザ,地域ケアプラザ,おとしより、子ども、障害者やボランティア活動についていろいろな相談を受けて、必要なサービスにつなげてくれるところ。,分野: 健康・福祉,False,False
12,横浜市,やさしい日本語で伝える 語彙集,2024,教育,term,地域子育て支援拠点事業,地域子育て支援拠点事業,"小学校に入る前の小さい子どもが遊ぶ部屋があります。子どもたちや子どもを育てている人と友だちになることができます。
⼦どものことを相談（聞くこと）ができます。",分野: 子育て・教育,False,False
12,横浜市,やさしい日本語で伝える 語彙集,2024,医療,term,地域包括支援センター,地域包括支援センター,おとしよりが相談（聞くこと）をするところ,分野: 健康・福祉,False,False
12,横浜市,やさしい日本語で伝える 語彙集,2024,防災,term,地域防災拠点,地域防災拠点,地震で家に住むことができないとき、生活するところ。ずっといることはできません。,分野: 防災・救急,False,False
12,横浜市,やさしい日本語で伝える 語彙集,2024,教育,term,地域ユースプラザ,地域ユースプラザ,15歳から39歳までの人がいろいろな問題について相談できます。ここに来る人たちと交流もできます。横浜市に４つあります。0円です。,分野: 子育て・教育,False,False
12,横浜市,やさしい日本語で伝える 語彙集,2024,教育,term,地域療育センター,地域療育センター,障害のある子どもたちが行くことのできるところ。相談や訓練を行います。お医者さんがいます。,分野: 子育て・教育,False,False
12,横浜市,やさしい日本語で伝える 語彙集,2024,その他,term,地下鉄１日乗車券,地下鉄１日乗車券,横浜市営地下鉄に一日何回でも乗れるきっぷ,分野: 市営交通,False,False
12,横浜市,やさしい日本語で伝える 語彙集,2024,その他,term,地積,地積,土地の広さ,分野: 税,False,False
12,横浜市,やさしい日本語で伝える 語彙集,2024,日常生活,term,地籍,地籍,土地の情報（誰のものか、何に使うか、広さなど）,分野: 暮らし,False,False
12,横浜市,やさしい日本語で伝える 語彙集,2024,医療,term,知能指数,知能指数,考える力などをあらわす数（IQ）。テストで調べます。,分野: 健康・福祉,False,False
12,横浜市,やさしい日本語で伝える 語彙集,2024,その他,term,チャージ,チャージ,ICカードにお金を入れること。,分野: 市営交通,False,False
12,横浜市,やさしい日本語で伝える 語彙集,2024,医療,term,中国残留邦人支援給付制度,中国残留邦人支援給付制度,制度（決まりごと）です。『中国残留邦人』に生活をしてくために必要なお金を渡します。,分野: 健康・福祉,False,False
12,横浜市,やさしい日本語で伝える 語彙集,2024,医療,term,中国残留邦人等支援法,中国残留邦人等支援法,『中国残留邦人』と『樺太残留邦人』が自分の国や地域に帰ることの手伝いや日本で生活ができるように助けるための法律。,分野: 健康・福祉,False,False
12,横浜市,やさしい日本語で伝える 語彙集,2024,日常生活,term,注射済み票,注射済み票,犬に注射（狂犬病予防注射）をしたことの証明。首輪につける小さな札です。犬を飼うときは注射をしなければいけません。,分野: 暮らし,False,False
12,横浜市,やさしい日本語で伝える 語彙集,2024,その他,term,徴収,徴収,税金や料金を集めること,分野: 税,False,False
12,横浜市,やさしい日本語で伝える 語彙集,2024,教育,term,通学区域特認校,通学区域特認校,通学区域に関係なく行くことができる学校,分野: 子育て・教育,False,False
12,横浜市,やさしい日本語で伝える 語彙集,2024,医療,term,通所介護,通所介護,おとしより（おじいさん・おばあさん）が昼に決められたところに行って、生活に必要な世話を受けるサービス。,分野: 健康・福祉,False,False
12,横浜市,やさしい日本語で伝える 語彙集,2024,行政手続,term,通知カード,通知カード,マイナンバー（No.519）を知らせる書類（紙）。名前、住所、生まれた日、性別（男か女）とマイナンバーが書いてあります。2020年５月25日からはありません。,分野: 届出・申請,False,False
12,横浜市,やさしい日本語で伝える 語彙集,2024,行政手続,term,通知カード紛失,通知カード紛失,通知カード（No.337)を失くすこと。すぐ役所へ知らせてください。,分野: 届出・申請,False,False
12,横浜市,やさしい日本語で伝える 語彙集,2024,行政手続,term,通知書,通知書,役所がする（した）ことをあなたに知らせる書類（紙）,分野: 届出・申請,False,False
12,横浜市,やさしい日本語で伝える 語彙集,2024,行政手続,term,続柄,続柄,一緒に住んでいる人の関係のこと（例：夫、妻、父、母、子など）,分野: 届出・申請,False,False
12,横浜市,やさしい日本語で伝える 語彙集,2024,防災,term,津波避難施設,津波避難施設,津波から逃げるためのところ。,分野: 防災・救急,False,False
12,横浜市,やさしい日本語で伝える 語彙集,2024,その他,term,定期券（定期乗車券）,定期券（定期乗車券）,決まった場所で何回でも乗れる安いきっぷ。いつからいつまでと決まっています。,分野: 市営交通,False,False
12,横浜市,やさしい日本語で伝える 語彙集,2024,医療,term,デイサービス,デイサービス,おとしよりが昼間に過ごします。生活に必要な世話を受けるところ。,分野: 健康・福祉,False,False
12,横浜市,やさしい日本語で伝える 語彙集,2024,医療,term,低所得,低所得,給料などが、少ないこと,分野: 健康・福祉,False,False
12,横浜市,やさしい日本語で伝える 語彙集,2024,その他,term,停留所,停留所,バスがとまるところ。バス停。,分野: 市営交通,False,False
12,横浜市,やさしい日本語で伝える 語彙集,2024,日常生活,term,適正処理困難物,適正処理困難物,横浜市では集めていないごみ。消火器、タイヤ、バッテリー、ガソリンなど,分野: ごみ・リサイクル,False,False
12,横浜市,やさしい日本語で伝える 語彙集,2024,行政手続,term,手数料,手数料,手続（あなたがやらなければいけないこと）をする時に払うお金,分野: 届出・申請,False,False
12,横浜市,やさしい日本語で伝える 語彙集,2024,行政手続,term,手続き,手続き,役所ですること,分野: 届出・申請,False,False
12,横浜市,やさしい日本語で伝える 語彙集,2024,行政手続,term,転居,転居,【横浜市版】住んでいる区の中で引っ越し（住む場所を変えること）をすること,分野: 届出・申請,False,False
12,横浜市,やさしい日本語で伝える 語彙集,2024,行政手続,term,転居届,転居届,【横浜市版】住んでいる区の中で引っ越し（住む場所を変えること）したことを、役所に知らせる書類（紙）,分野: 届出・申請,False,False
12,横浜市,やさしい日本語で伝える 語彙集,2024,教育,term,転校（転入学）,転校（転入学）,引っ越し（住む場所を変えること）などで学校が変わること,分野: 子育て・教育,False,False
12,横浜市,やさしい日本語で伝える 語彙集,2024,行政手続,term,電子証明,電子証明,"あなたがインターネットなどを使って手続（あなたがやらなければいけないこと）する時、「あなた」であることを証明する（わかるようにする）こと
マイナンバーカード（No.520）のICチップに入っています。",分野: 届出・申請,False,False
12,横浜市,やさしい日本語で伝える 語彙集,2024,行政手続,term,電子申請サービス,電子申請サービス,インターネットで、申し込んだり手続き（あなたがやらなければいけないこと）ができるサービス,分野: 届出・申請,False,False
12,横浜市,やさしい日本語で伝える 語彙集,2024,行政手続,term,転出,転出,【横浜市版】横浜市から別のところに引っ越し（住む場所を変えること）すること,分野: 届出・申請,False,False
12,横浜市,やさしい日本語で伝える 語彙集,2024,行政手続,term,転出証明書,転出証明書,転出届を出すともらえる書類（紙）。引っ越し（住む場所を変えること）したところの役所に出します。,分野: 届出・申請,False,False
12,横浜市,やさしい日本語で伝える 語彙集,2024,行政手続,term,転出届,転出届,【横浜市版】横浜市から別のところに引っ越し（住む場所を変えること）する時、役所に出す紙。転出証明書（No.355）がもらえます。,分野: 届出・申請,False,False
12,横浜市,やさしい日本語で伝える 語彙集,2024,行政手続,term,転出入,転出入,転出（No.354）と転入（No.358）のこと。,分野: 届出・申請,False,False
12,横浜市,やさしい日本語で伝える 語彙集,2024,行政手続,term,転入,転入,【横浜市版】別のところから引っ越し（住む場所を変えること）てくること。,分野: 届出・申請,False,False
12,横浜市,やさしい日本語で伝える 語彙集,2024,行政手続,term,転入届,転入届,【横浜市版】別のところから横浜市に引っ越し（住む場所を変えること）てきた時に役所に出す書類（紙）,分野: 届出・申請,False,False
12,横浜市,やさしい日本語で伝える 語彙集,2024,その他,term,天引き,天引き,給与（給料やボーナスなど）などから税金が引かれること,分野: 税,False,False
12,横浜市,やさしい日本語で伝える 語彙集,2024,行政手続,term,登記事項証明書（成年後見制度）,登記事項証明書（成年後見制度）,成年後見制度（No.295）で「後見人（No.127）」と「成年被後見人（No.296）」との関係を証明する（わかるようにする）ための書類（紙）。法務局（市役所や区役所とはちがう役所）が出します。,分野: 届出・申請,False,False
12,横浜市,やさしい日本語で伝える 語彙集,2024,行政手続,term,登記申請（成年後見制度）,登記申請（成年後見制度）,「後見人（No.127）と「成年被後見人（No.296）」との関係を、法務局（市役所や区役所とはちがう役所）に登録する（知らせる）こと。,分野: 届出・申請,False,False
12,横浜市,やさしい日本語で伝える 語彙集,2024,行政手続,term,登録印,登録印,役所に印鑑登録（No.23）したはんこ,分野: 届出・申請,False,False
12,横浜市,やさしい日本語で伝える 語彙集,2024,行政手続,term,登録印鑑亡失届,登録印鑑亡失届,印鑑登録（No.23）したはんこをなくしたことを役所に知らせる書類（紙）,分野: 届出・申請,False,False
12,横浜市,やさしい日本語で伝える 語彙集,2024,行政手続,term,独身証明書,独身証明書,「今は結婚していない」ことを証明する（わかるようにする）紙。自分の国の役所が出します。,分野: 届出・申請,False,False
12,横浜市,やさしい日本語で伝える 語彙集,2024,社会保険,term,特定健康診査,特定健康診査,横浜市が決めたお医者さんが、１年に１回40歳から74歳の人の体の具合をみます。,分野: 保険・年金,False,False
12,横浜市,やさしい日本語で伝える 語彙集,2024,行政手続,term,特定個人情報,特定個人情報,マイナンバー（No.519）が入っている個人情報,分野: 届出・申請,False,False
12,横浜市,やさしい日本語で伝える 語彙集,2024,医療,term,特定疾患及び指定難病,特定疾患及び指定難病,医療給付をもらうことができる難病。国が決めた難病。,分野: 健康・福祉,False,False
12,横浜市,やさしい日本語で伝える 語彙集,2024,行政手続,term,特別永住者証明書,特別永住者証明書,「特別永住者」がもつカード。区役所戸籍課（No.153）でもらえます。,分野: 届出・申請,False,False
12,横浜市,やさしい日本語で伝える 語彙集,2024,教育,term,特別支援学校はまっ子ふれあいスクール,特別支援学校はまっ子ふれあいスクール,"特別支援学校※に通う小学生・中学生が授業が終わったあと、そのまま学校の中で楽しく安心して遊べるところ
※特別支援学校・・・障害のある子どもが、なるべくいろいろなことを自分でできるようになるよう学ぶ学校",分野: 子育て・教育,False,False
12,横浜市,やさしい日本語で伝える 語彙集,2024,社会保険,term,特別障害給付金,特別障害給付金,障害年金をもらえない人がもらいます。もらえないときもあります。,分野: 保険・年金,False,False
12,横浜市,やさしい日本語で伝える 語彙集,2024,その他,term,特別徴収,特別徴収,会社などが社員の住民税を集めて払うこと（⇔普通徴収）,分野: 税,False,False
12,横浜市,やさしい日本語で伝える 語彙集,2024,その他,term,都市計画税,都市計画税,市街化区域（家や店が集まるところ）に土地や建物を持つ人が市に払う税金,分野: 税,False,False
12,横浜市,やさしい日本語で伝える 語彙集,2024,行政手続,term,届出,届出,引っ越し（住む場所を変えること）、子どもが生まれた時、婚姻（No.165）する時など、変わったことや変えることを役所に知らせること。,分野: 届出・申請,False,False
12,横浜市,やさしい日本語で伝える 語彙集,2024,日常生活,term,生ごみ,生ごみ,食べ物などの残り、くさるごみ,分野: ごみ・リサイクル,False,False
12,横浜市,やさしい日本語で伝える 語彙集,2024,医療,term,難病,難病,原因が分からないため、なおすことが難しい病気,分野: 健康・福祉,False,False
12,横浜市,やさしい日本語で伝える 語彙集,2024,医療,term,日常生活用具,日常生活用具,障害者がもらうことができる、生活に必要な道具。もらえる人や、道具の種類は、決まっています。,分野: 健康・福祉,False,False
12,横浜市,やさしい日本語で伝える 語彙集,2024,教育,term,入学承諾書,入学承諾書,入学できることが分かる書類（紙）。これから入る学校からもらいます。,分野: 子育て・教育,False,False
12,横浜市,やさしい日本語で伝える 語彙集,2024,教育,term,入学通知,入学通知,新しく入る学校の名前と学校に入る日が分かる紙,分野: 子育て・教育,False,False
12,横浜市,やさしい日本語で伝える 語彙集,2024,教育,term,入学手続,入学手続,学校に入る前にする手続（あなたがやらなければいけないこと）のこと,分野: 子育て・教育,False,False
12,横浜市,やさしい日本語で伝える 語彙集,2024,教育,term,入所,入所,（保育園などに）入ること,分野: 子育て・教育,False,False
12,横浜市,やさしい日本語で伝える 語彙集,2024,教育,term,入所選考,入所選考,条件（必要であること）に合わせて（保育園などに）入ることができる人を選ぶこと,分野: 子育て・教育,False,False
12,横浜市,やさしい日本語で伝える 語彙集,2024,教育,term,入所要件,入所要件,（保育園などに）入るための条件（必要であること）,分野: 子育て・教育,False,False
12,横浜市,やさしい日本語で伝える 語彙集,2024,行政手続,term,入籍届,入籍届,日本人でお父さんやお母さんと子が別の戸籍（No.152）にいる時に、一緒の戸籍にするため、役所に出す書類（紙）,分野: 届出・申請,False,False
12,横浜市,やさしい日本語で伝える 語彙集,2024,教育,term,乳幼児健康診査（乳幼児健診）,乳幼児健康診査（乳幼児健診）,"赤ちゃんが０歳４か月、１歳６か月、３歳になった時に、元気に育っているか、悪いところがないかを、区役所でみてくれます。
背の高さ、体の重さもはかります。",分野: 子育て・教育,False,False
12,横浜市,やさしい日本語で伝える 語彙集,2024,教育,term,乳幼児歯科相談,乳幼児歯科相談,区役所で歯のお医者さんなどが小さい子やお母さんの歯をみてくれます。小学生になるまでの子どもや子どもを生む前や生んだ後のお母さんの歯をみてくれます。,分野: 子育て・教育,False,False
12,横浜市,やさしい日本語で伝える 語彙集,2024,医療,term,任意後見制度,任意後見制度,一人で大事なことを決めたり、お金を払うことがむずかしくなる前に、代わりにやってくれる人（後見人）を先に決めておく制度（決まりごと）です。,分野: 健康・福祉,False,False
12,横浜市,やさしい日本語で伝える 語彙集,2024,行政手続,term,任意代理人,任意代理人,自分の代わりに手続（あなたがやらなければいけないこと）をする（できる）人。自分で決めた人,分野: 届出・申請,False,False
12,横浜市,やさしい日本語で伝える 語彙集,2024,教育,term,認可外保育室（施設）,認可外保育室（施設）,子どもを預ける（世話をしてもらう）ことができます。保育室の大きさや預けるためのお金が横浜市が決めた保育室と少し違います。,分野: 子育て・教育,False,False
12,横浜市,やさしい日本語で伝える 語彙集,2024,教育,term,認可保育園,認可保育園,子どもを預ける（世話をしてもらう）ことができます。法律（児童福祉法）できめて作りました。,分野: 子育て・教育,False,False
12,横浜市,やさしい日本語で伝える 語彙集,2024,教育,term,認可保育所,認可保育所,子どもを預ける（世話をしてもらう）ことができます。法律（児童福祉法）できめて作りました。,分野: 子育て・教育,False,False
12,横浜市,やさしい日本語で伝える 語彙集,2024,医療,term,認知症,認知症,さまざまな原因で、のうに変化が起こり、それまでできていたことができなくなり、生活で困ることが増えてしまう状態です。,分野: 健康・福祉,False,False
12,横浜市,やさしい日本語で伝える 語彙集,2024,教育,term,認定こども園,認定こども園,小学校に入る前の子どもを預かります（世話をしてもらう）。幼稚園と保育園が一緒になったところです。子どもを育てることの相談（聞くこと）もできます。,分野: 子育て・教育,False,False
12,横浜市,やさしい日本語で伝える 語彙集,2024,教育,term,妊婦健康診査（妊婦健診）,妊婦健康診査（妊婦健診）,おなかに赤ちゃんがいる人の体の調子（具合）をみます。,分野: 子育て・教育,False,False
12,横浜市,やさしい日本語で伝える 語彙集,2024,教育,term,妊婦健康診査費用補助券,妊婦健康診査費用補助券,妊婦健康診査のお金が安くなる券（紙、チケット）,分野: 子育て・教育,False,False
12,横浜市,やさしい日本語で伝える 語彙集,2024,教育,term,妊婦歯科健診,妊婦歯科健診,横浜市が決めた歯のお医者さんで、子どもができたら子どもを生む前に（１回）歯をみてもらえます。,分野: 子育て・教育,False,False
12,横浜市,やさしい日本語で伝える 語彙集,2024,社会保険,term,年金事務所,年金事務所,「日本年金機構」の事務所です。,分野: 保険・年金,False,False
12,横浜市,やさしい日本語で伝える 語彙集,2024,社会保険,term,年金生活者支援給付金,年金生活者支援給付金,年金をもらっている人で、収入が少ない人が追加してもらえる場合のあるお金,分野: 保険・年金,False,False
12,横浜市,やさしい日本語で伝える 語彙集,2024,その他,term,年末調整,年末調整,会社がその年に天引きした所得税額を、年末（一年の終わり）に正しい額にすること。税金が戻ります（足りないときは払います）。,分野: 税,False,False
12,横浜市,やさしい日本語で伝える 語彙集,2024,その他,term,納期限,納期限,税金をいつまでに払わなければいけないかということ,分野: 税,False,False
12,横浜市,やさしい日本語で伝える 語彙集,2024,その他,term,納税,納税,税金を払うこと,分野: 税,False,False
12,横浜市,やさしい日本語で伝える 語彙集,2024,その他,term,納税義務者,納税義務者,税金を払う人,分野: 税,False,False
12,横浜市,やさしい日本語で伝える 語彙集,2024,その他,term,納税者,納税者,税金を払う人,分野: 税,False,False
12,横浜市,やさしい日本語で伝える 語彙集,2024,その他,term,納税証明書,納税証明書,税金を払ったことを証明する（わかるようにする）書類（紙）,分野: 税,False,False
12,横浜市,やさしい日本語で伝える 語彙集,2024,その他,term,納税通知書,納税通知書,税額や納期限を書いた書類（紙）,分野: 税,False,False
12,横浜市,やさしい日本語で伝える 語彙集,2024,その他,term,納付,納付,税金などを払うこと,分野: 税,False,False
12,横浜市,やさしい日本語で伝える 語彙集,2024,教育,term,ハートフルスペース,ハートフルスペース,不登校（No.455）の小学生と中学生が、何かを作ったりスポーツをするところ。相談などできます。,分野: 子育て・教育,False,False
12,横浜市,やさしい日本語で伝える 語彙集,2024,教育,term,ハートフルフレンド,ハートフルフレンド,外に出るのが難しい不登校（No.455）の小学生と中学生の家に、大学生や大学院生が行きます。家で遊んだり楽しくお話をします。,分野: 子育て・教育,False,False
12,横浜市,やさしい日本語で伝える 語彙集,2024,教育,term,ハートフルルーム,ハートフルルーム,不登校（No.455）の小学生と中学生が、勉強やスポーツなどをするところ。学校に行ったり自分で生活できるように手伝ってくれます。,分野: 子育て・教育,False,False
12,横浜市,やさしい日本語で伝える 語彙集,2024,日常生活,term,廃棄,廃棄,捨てること,分野: ごみ・リサイクル,False,False
12,横浜市,やさしい日本語で伝える 語彙集,2024,日常生活,term,廃棄物,廃棄物,ごみ。いらなくなって捨てる（捨てた）もの。,分野: ごみ・リサイクル,False,False
12,横浜市,やさしい日本語で伝える 語彙集,2024,行政手続,term,配偶者,配偶者,結婚している相手,分野: 届出・申請,False,False
12,横浜市,やさしい日本語で伝える 語彙集,2024,日常生活,term,排出,排出,出すこと,分野: ごみ・リサイクル,False,False
12,横浜市,やさしい日本語で伝える 語彙集,2024,防災,term,ハザードマップ,ハザードマップ,災害のときに危ないところや避難場所（逃げるところ）を書いた地図,分野: 防災・救急,False,False
12,横浜市,やさしい日本語で伝える 語彙集,2024,その他,term,バス・地下鉄１日乗車券,バス・地下鉄１日乗車券,横浜市営のバスと地下鉄のきっぷ。一日に何回でも乗ることができます。,分野: 市営交通,False,False
12,横浜市,やさしい日本語で伝える 語彙集,2024,その他,term,バス・地下鉄連絡定期券,バス・地下鉄連絡定期券,何回でも乗れる安いきっぷ。いつからいつまでと決まっています。地下鉄の場所は決まっています。市営のバスはどこでも乗れます。「あかいくつ」は乗れません。,分野: 市営交通,False,False
12,横浜市,やさしい日本語で伝える 語彙集,2024,その他,term,バス営業所,バス営業所,バスの事務所。忘れ物やきっぷについて相談できます。,分野: 市営交通,False,False
12,横浜市,やさしい日本語で伝える 語彙集,2024,その他,term,バス回数乗車券,バス回数乗車券,たくさんの市営バスのきっぷをセットにしたもの。一回ずつ買うより安いです。,分野: 市営交通,False,False
12,横浜市,やさしい日本語で伝える 語彙集,2024,その他,term,バス共通定期券,バス共通定期券,決まった場所で何回でも乗れる安いきっぷ。１か月か３か月の間 使うことができます。横浜市営バスと他の会社のバスに乗れます。,分野: 市営交通,False,False
12,横浜市,やさしい日本語で伝える 語彙集,2024,行政手続,term,発行,発行,紙などを出すこと,分野: 届出・申請,False,False
12,横浜市,やさしい日本語で伝える 語彙集,2024,行政手続,term,判決離婚,判決離婚,裁判で決まった離婚（結婚をやめること）。,分野: 届出・申請,False,False
12,横浜市,やさしい日本語で伝える 語彙集,2024,日常生活,term,犯罪発生情報,犯罪発生情報,住んでいるところの近くで起きている犯罪のお知らせ,分野: 暮らし,False,False
12,横浜市,やさしい日本語で伝える 語彙集,2024,防災,term,被害,被害,けがをしたり、大事なものをなくしたり、心が痛くなったりします。災害や事件などが原因です。,分野: 防災・救急,False,False
12,横浜市,やさしい日本語で伝える 語彙集,2024,その他,term,非課税,非課税,税金が０円であること,分野: 税,False,False
12,横浜市,やさしい日本語で伝える 語彙集,2024,その他,term,非課税証明書,非課税証明書,税金が０円であることを証明する（わかるようにする）紙,分野: 税,False,False
12,横浜市,やさしい日本語で伝える 語彙集,2024,医療,term,ひきこもり状態,ひきこもり状態,長い間、家から出ないこと。,分野: 健康・福祉,False,False
12,横浜市,やさしい日本語で伝える 語彙集,2024,防災,term,被災者,被災者,災害で被害を受けた人。家が壊れた人、けがをした人、死んだ人などです。,分野: 防災・救急,False,False
12,横浜市,やさしい日本語で伝える 語彙集,2024,その他,term,非常停止ボタン,非常停止ボタン,危ない時に押すと電車がとまります。,分野: 市営交通,False,False
12,横浜市,やさしい日本語で伝える 語彙集,2024,防災,term,備蓄,備蓄,災害のときのために、食べものや水などを用意すること。,分野: 防災・救急,False,False
12,横浜市,やさしい日本語で伝える 語彙集,2024,教育,term,非定型的保育,非定型的保育,お父さんやお母さんが仕事などで、世話ができない時に、子どもを預ける（世話をしてもらう）ことができます。,分野: 子育て・教育,False,False
12,横浜市,やさしい日本語で伝える 語彙集,2024,教育,term,ひとり親家庭等,ひとり親家庭等,お母さんまたはお父さんだけで子どもを育てているうち（家庭）と、お母さんだけで子どもを育てていたことがある人,分野: 子育て・教育,False,False
12,横浜市,やさしい日本語で伝える 語彙集,2024,医療,term,ひとり親家庭等医療費助成,ひとり親家庭等医療費助成,「お母さんと子ども」や「お父さんと子ども」で住んでいる人は、病院や薬のお金が０円になります。ただし、お金が多い人はもらえません。,分野: 健康・福祉,False,False
12,横浜市,やさしい日本語で伝える 語彙集,2024,防災,term,避難,避難,災害のときに逃げることです。,分野: 防災・救急,False,False
12,横浜市,やさしい日本語で伝える 語彙集,2024,防災,term,避難勧告,避難勧告,横浜市が出す「逃げろ！」というお知らせ。災害のときに出ます。,分野: 防災・救急,False,False
12,横浜市,やさしい日本語で伝える 語彙集,2024,防災,term,避難場所,避難場所,災害が起きたときに逃げるところ,分野: 防災・救急,False,False
12,横浜市,やさしい日本語で伝える 語彙集,2024,医療,term,被爆者,被爆者,原子爆弾で病気やけがをして、今も苦しんでいる人たちのこと,分野: 健康・福祉,False,False
12,横浜市,やさしい日本語で伝える 語彙集,2024,医療,term,被爆者援護費,被爆者援護費,被爆者が役所で手続きをすると１年に１回役所からもらうことができるお金,分野: 健康・福祉,False,False
12,横浜市,やさしい日本語で伝える 語彙集,2024,医療,term,被爆者のこども医療費,被爆者のこども医療費,役所で手続きをすると、被爆者の子どもが決まった病気にかかったときに、病院や薬局で払ったお金をもらうことができます。もらえるお金は決まっています。,分野: 健康・福祉,False,False
12,横浜市,やさしい日本語で伝える 語彙集,2024,医療,term,被爆者はり・きゅうマッサージ療養費,被爆者はり・きゅうマッサージ療養費,役所で手続きをすると、被爆者がはり・きゅう・マッサージを受けて払ったお金をもらうことができます。もらえるお金は決まっています。,分野: 健康・福祉,False,False
12,横浜市,やさしい日本語で伝える 語彙集,2024,社会保険,term,被扶養者,被扶養者,扶養してもらう人,分野: 保険・年金,False,False
12,横浜市,やさしい日本語で伝える 語彙集,2024,社会保険,term,被保険者,被保険者,国民健康保険や健康保険に入っている人,分野: 保険・年金,False,False
12,横浜市,やさしい日本語で伝える 語彙集,2024,社会保険,term,被保険者証,被保険者証,健康保険に⼊っている人が病院にかかるときに出すカード。2024年12月２日秋からマイナンバーカード(№520)が被保険者証の代わりになります。,分野: 保険・年金,False,False
12,横浜市,やさしい日本語で伝える 語彙集,2024,医療,term,被保護世帯,被保護世帯,生活保護をうけている世帯,分野: 健康・福祉,False,False
12,横浜市,やさしい日本語で伝える 語彙集,2024,教育,term,病後児保育,病後児保育,お父さんやお母さんなどが仕事の時や、急な用事がある時に病気がだいたいよくなった子どもを保育所に預ける（世話をしてもらう）ことができます。,分野: 子育て・教育,False,False
12,横浜市,やさしい日本語で伝える 語彙集,2024,教育,term,病児保育,病児保育,病気中の子どもを保育所に預ける（世話をしてもらう）こと。お父さんやお母さんが仕事などの時に使うことができます。,分野: 子育て・教育,False,False
12,横浜市,やさしい日本語で伝える 語彙集,2024,教育,term,副教材費（学用品費）,副教材費（学用品費）,子どもが学校で使う問題集や勉強の道具を買うためのお金,分野: 子育て・教育,False,False
12,横浜市,やさしい日本語で伝える 語彙集,2024,医療,term,福祉医療証,福祉医療証,病院や薬局で見せると、払うお金が0円になります。たとえば、お父さん・お母さんのどちらかがいなくて、子どもがいる家はもらうことができます。,分野: 健康・福祉,False,False
12,横浜市,やさしい日本語で伝える 語彙集,2024,医療,term,福祉タクシー利用券,福祉タクシー利用券,障害がある人がタクシーに乗るときに使える券（チケット）。横浜市が決めた人がもらえます。手続きしなければなりません。,分野: 健康・福祉,False,False
12,横浜市,やさしい日本語で伝える 語彙集,2024,医療,term,福祉特別乗車券,福祉特別乗車券,この券（チケット）で、横浜市内のバス、地下鉄、シーサイドラインに０円で乗ることができます。横浜市が決めた人がもらえます。手続しなければいけません。,分野: 健康・福祉,False,False
12,横浜市,やさしい日本語で伝える 語彙集,2024,医療,term,福祉保健センター,福祉保健センター,生活や健康（元気でいること）について、相談（聞くこと）ができたり、助けてもらう（力を貸してもらう）ことができます。,分野: 健康・福祉,False,False
12,横浜市,やさしい日本語で伝える 語彙集,2024,医療,term,福祉用具,福祉用具,おとしよりや障害者の生活を助けるためのもの,分野: 健康・福祉,False,False
12,横浜市,やさしい日本語で伝える 語彙集,2024,教育,term,父子家庭,父子家庭,お父さんだけで子どもを育てるうち（家庭）,分野: 子育て・教育,False,False
12,横浜市,やさしい日本語で伝える 語彙集,2024,日常生活,term,不審電話,不審電話,怪しい電話、変な電話,分野: 暮らし,False,False
12,横浜市,やさしい日本語で伝える 語彙集,2024,その他,term,普通徴収,普通徴収,住民税を自分で払うこと（⇔特別徴収）,分野: 税,False,False
12,横浜市,やさしい日本語で伝える 語彙集,2024,教育,term,不登校,不登校,いろいろな理由で、学校に行くことができない日が１年の間に３０日以上あります。,分野: 子育て・教育,False,False
12,横浜市,やさしい日本語で伝える 語彙集,2024,その他,term,不動産取得税,不動産取得税,土地を買ったり 家を建てたりしたときに払う税金,分野: 税,False,False
12,横浜市,やさしい日本語で伝える 語彙集,2024,その他,term,不動産登記申請,不動産登記申請,家を買ったことなどを法務局に教えること,分野: 税,False,False
12,横浜市,やさしい日本語で伝える 語彙集,2024,日常生活,term,不妊去勢手術,不妊去勢手術,ペットが子どもをつくれない・産めないようにする手術,分野: 暮らし,False,False
12,横浜市,やさしい日本語で伝える 語彙集,2024,日常生活,term,不法投棄,不法投棄,法律を守らないで捨てること,分野: ごみ・リサイクル,False,False
12,横浜市,やさしい日本語で伝える 語彙集,2024,社会保険,term,扶養,扶養,生活を養うこと。支えること、サポートすることなど,分野: 保険・年金,False,False
12,横浜市,やさしい日本語で伝える 語彙集,2024,日常生活,term,プラスチック製容器包装,プラスチック製容器包装,商品を入れたり包んだりしているプラスチック。「プラマーク」がついているもの,分野: ごみ・リサイクル,False,False
12,横浜市,やさしい日本語で伝える 語彙集,2024,日常生活,term,振り込め詐欺,振り込め詐欺,相手にうそを言ってお金を取ること。オレオレ詐欺や、還付金詐欺があります。,分野: 暮らし,False,False
12,横浜市,やさしい日本語で伝える 語彙集,2024,その他,term,ブルーライン,ブルーライン,あざみ野駅から湘南台駅まで行く横浜市の地下鉄です。青い線です。,分野: 市営交通,False,False
12,横浜市,やさしい日本語で伝える 語彙集,2024,医療,term,フレイル,フレイル,年をとったり病気になって、からだとこころのはたらきが悪くなってきて、そのうち介護が必要となりそうな状態のこと,分野: 健康・福祉,False,False
12,横浜市,やさしい日本語で伝える 語彙集,2024,教育,term,プレパパ,プレパパ,もうすぐお父さんになる人,分野: 子育て・教育,False,False
12,横浜市,やさしい日本語で伝える 語彙集,2024,行政手続,term,紛失,紛失,失くすこと,分野: 届出・申請,False,False
12,横浜市,やさしい日本語で伝える 語彙集,2024,行政手続,term,文書照会方式（印鑑登録など）,文書照会方式（印鑑登録など）,運転免許証（No.28)や在留カード（No.178）がない人が印鑑登録（No.23）する時のやり方のひとつ。あとで家にとどく手紙を役所にもっていきます。,分野: 届出・申請,False,False
12,横浜市,やさしい日本語で伝える 語彙集,2024,日常生活,term,分別,分別,ごみを出すときに分けること,分野: ごみ・リサイクル,False,False
12,横浜市,やさしい日本語で伝える 語彙集,2024,行政手続,term,変更,変更,変えること,分野: 届出・申請,False,False
12,横浜市,やさしい日本語で伝える 語彙集,2024,行政手続,term,返納,返納,役所でもらった書類（紙）やカードを役所に返すこと,分野: 届出・申請,False,False
12,横浜市,やさしい日本語で伝える 語彙集,2024,教育,term,保育・教育コンシェルジュ,保育・教育コンシェルジュ,子どもを預ける（世話をしてもらう）ところを相談（聞くこと）ができる役所の人,分野: 子育て・教育,False,False
12,横浜市,やさしい日本語で伝える 語彙集,2024,教育,term,保育園,保育園,お父さんやお母さんなどが仕事などで、家で子どもを育てることができない時、子どもを預ける（世話をしてもらう）ことができます。０〜５歳の子どもを預けることができます。,分野: 子育て・教育,False,False
12,横浜市,やさしい日本語で伝える 語彙集,2024,教育,term,保育サービス,保育サービス,子どもを預ける（世話をしてもらう）ことができる場所やサービス,分野: 子育て・教育,False,False
12,横浜市,やさしい日本語で伝える 語彙集,2024,教育,term,保育士,保育士,昼間子どもの面倒を見る（世話をする）ことができない時に、保育所などで、子どもの面倒をみる人（資格のある人）。※資格…ライセンス,分野: 子育て・教育,False,False
12,横浜市,やさしい日本語で伝える 語彙集,2024,教育,term,保育施設,保育施設,子どもを預ける（世話をしてもらう）ことができます。保育所や横浜保育室などのことです。,分野: 子育て・教育,False,False
12,横浜市,やさしい日本語で伝える 語彙集,2024,教育,term,保育室開放,保育室開放,親（お父さん、お母さんなど）と子どもが自由に使うことができます。他の親や子どもと知り合うことができます。決まった時間に使うことができます。,分野: 子育て・教育,False,False
12,横浜市,やさしい日本語で伝える 語彙集,2024,教育,term,保育所,保育所,お父さんやお母さんなどが仕事などで、家で子どもを育てることができない時、子どもを預ける（世話をしてもらう）ことができます。０〜５歳の子どもを預けることができます。,分野: 子育て・教育,False,False
12,横浜市,やさしい日本語で伝える 語彙集,2024,教育,term,保育料,保育料,子どもを保育所に預ける（世話をしてもらう）時に毎月払うお金です。,分野: 子育て・教育,False,False
12,横浜市,やさしい日本語で伝える 語彙集,2024,日常生活,term,ポイ捨て禁止,ポイ捨て禁止,ごみ（たばこや空き缶など）を、街に捨てること,分野: ごみ・リサイクル,False,False
12,横浜市,やさしい日本語で伝える 語彙集,2024,教育,term,放課後,放課後,学校の授業が終わったあとの時間,分野: 子育て・教育,False,False
12,横浜市,やさしい日本語で伝える 語彙集,2024,教育,term,放課後キッズクラブ,放課後キッズクラブ,小学生が授業が終わったあと、そのまま学校の中で遊ぶことができるところ。仕事をしている親（お父さん、お母さんなど）がむかえに来るまで自分の家の代わりにいることもできます。,分野: 子育て・教育,False,False
12,横浜市,やさしい日本語で伝える 語彙集,2024,教育,term,放課後児童クラブ,放課後児童クラブ,小学生が授業が終わったあと、仕事をしている親（お父さん、お母さんなど）がむかえに来るまで自分の家の代わりにいることができるところ。世話をする人もいて、みんなで遊んだり、宿題をしたり、おやつを食べたりして一緒にいろいろなことをします。,分野: 子育て・教育,False,False
12,横浜市,やさしい日本語で伝える 語彙集,2024,防災,term,防災,防災,災害を防ぐ（起こらないようにする）こと。,分野: 防災・救急,False,False
12,横浜市,やさしい日本語で伝える 語彙集,2024,防災,term,防災訓練,防災訓練,防災の練習。例えば、火事を消す練習をします。,分野: 防災・救急,False,False
12,横浜市,やさしい日本語で伝える 語彙集,2024,防災,term,防災資機材,防災資機材,災害を防ぐ（起こらないようにする）ための道具。消火器など。,分野: 防災・救急,False,False
12,横浜市,やさしい日本語で伝える 語彙集,2024,防災,term,防災備蓄庫,防災備蓄庫,災害が起きたときのために、道具や食べものなどを入れるところ。,分野: 防災・救急,False,False
12,横浜市,やさしい日本語で伝える 語彙集,2024,その他,term,法人県民税,法人県民税,県内にある会社などが県に払う税金,分野: 税,False,False
12,横浜市,やさしい日本語で伝える 語彙集,2024,その他,term,法人市民税,法人市民税,市内にある会社などが市に払う税金,分野: 税,False,False
12,横浜市,やさしい日本語で伝える 語彙集,2024,日常生活,term,（自転車等の）放置,（自転車等の）放置,"自転車やオートバイを、止めてはいけないところ※に置いて、そこからいなくなること
止めてはいけないところは決まっています。※道の上や公園などの公共の場所",分野: 暮らし,False,False
12,横浜市,やさしい日本語で伝える 語彙集,2024,日常生活,term,放置自転車等,放置自転車等,道や公園などの、停めてはいけないところに、置いたままにしてある自転車やオートバイ,分野: 暮らし,False,False
12,横浜市,やさしい日本語で伝える 語彙集,2024,医療,term,法定後見制度,法定後見制度,一人で大事なことを決めたり、お金を払うことがむずかしくなった時、代わりにやってくれる人（後見人）を決める制度（決まりごと）です。裁判所（法律でよい、悪いを決めるところ）が決めます。,分野: 健康・福祉,False,False
12,横浜市,やさしい日本語で伝える 語彙集,2024,行政手続,term,法定代理人,法定代理人,子どもなど、自分で手続（あなたがやらなければいけないこと）できない人のかわりに手続きする（できる）人。お父さんやお母さんなど,分野: 届出・申請,False,False
12,横浜市,やさしい日本語で伝える 語彙集,2024,日常生活,term,防犯情報,防犯情報,犯罪から自分たちを守るためのお知らせ,分野: 暮らし,False,False
12,横浜市,やさしい日本語で伝える 語彙集,2024,日常生活,term,防犯灯,防犯灯,夜に歩いている人の安全を守るための明かり,分野: 暮らし,False,False
12,横浜市,やさしい日本語で伝える 語彙集,2024,日常生活,term,防犯パトロール,防犯パトロール,住んでいるところの近くの安全を守るためにパトロールする（見て回る）こと,分野: 暮らし,False,False
12,横浜市,やさしい日本語で伝える 語彙集,2024,その他,term,ホームドア,ホームドア,電車と駅の間にあるドア。,分野: 市営交通,False,False
12,横浜市,やさしい日本語で伝える 語彙集,2024,医療,term,保健,保健,元気でいることができるようにすること,分野: 健康・福祉,False,False
12,横浜市,やさしい日本語で伝える 語彙集,2024,医療,term,保健活動推進員,保健活動推進員,地域の人が元気でいるための活動をするリーダー。たとえば、散歩や体操を計画します。横浜市と一緒にやっています。,分野: 健康・福祉,False,False
12,横浜市,やさしい日本語で伝える 語彙集,2024,医療,term,保健師,保健師,みんなが健康（元気）でいることを助ける（力を貸す）役所の人,分野: 健康・福祉,False,False
12,横浜市,やさしい日本語で伝える 語彙集,2024,社会保険,term,保険証,保険証,健康保険に入っていることを証明する（分かるようにする）カード,分野: 保険・年金,False,False
12,横浜市,やさしい日本語で伝える 語彙集,2024,社会保険,term,保険診療,保険診療,健康保険をつかって病気やけがを治すこと。健康保険がお金の一部を払うため、病院で払うお金が安いです。,分野: 保険・年金,False,False
12,横浜市,やさしい日本語で伝える 語彙集,2024,社会保険,term,保険料（国民健康保険）,保険料（国民健康保険）,国民健康保険に入っている人が払うお金,分野: 保険・年金,False,False
12,横浜市,やさしい日本語で伝える 語彙集,2024,社会保険,term,保険料（国民年金）,保険料（国民年金）,国民年金に入っている人が払うお金,分野: 保険・年金,False,False
12,横浜市,やさしい日本語で伝える 語彙集,2024,社会保険,term,保険料の納付猶予（国民年金）,保険料の納付猶予（国民年金）,20歳から49歳までの人で、収入が少なく国民年金の保険料が払えない人は、保険料を払わなくていいことがあります。手続きしなければなりません。,分野: 保険・年金,False,False
12,横浜市,やさしい日本語で伝える 語彙集,2024,社会保険,term,保険料の免除,保険料の免除,給料や年金が少ない人は申し込みをすると国民年金の保険料を払わなくてもよいときがあります。,分野: 保険・年金,False,False
12,横浜市,やさしい日本語で伝える 語彙集,2024,教育,term,保護者,保護者,お父さんやお母さんなど、子どもの生活を守っている人,分野: 子育て・教育,False,False
12,横浜市,やさしい日本語で伝える 語彙集,2024,教育,term,母子家庭,母子家庭,お母さんだけで子どもを育てるうち（家庭）,分野: 子育て・教育,False,False
12,横浜市,やさしい日本語で伝える 語彙集,2024,教育,term,母子寡婦（福祉）,母子寡婦（福祉）,お母さんだけで子どもを育てるうち（家庭）と、お母さんだけで子どもを育てていたことがある人,分野: 子育て・教育,False,False
12,横浜市,やさしい日本語で伝える 語彙集,2024,教育,term,母子健康手帳,母子健康手帳,お母さんの体の調子（具合）や赤ちゃんの成長（育つこと）などを書いた手帳（ノート）です。妊娠（赤ちゃんができること）したら、区役所の福祉保健センターに知らせると、母子健康手帳※がもらえます。  ※母子手帳ともいいます,分野: 子育て・教育,False,False
12,横浜市,やさしい日本語で伝える 語彙集,2024,教育,term,母子生活支援施設,母子生活支援施設,お母さんと子どもがしばらくの間生活するところ。生活（家やお金など）に困っている人が使うことができます。,分野: 子育て・教育,False,False
12,横浜市,やさしい日本語で伝える 語彙集,2024,教育,term,母子父子寡婦福祉資金,母子父子寡婦福祉資金,お母さんかお父さんだけでこどもを育てているうち（家庭）の子どもが学校へ行くためなどに借りるお金。借りることができるかもしれません。,分野: 子育て・教育,False,False
12,横浜市,やさしい日本語で伝える 語彙集,2024,教育,term,母子訪問,母子訪問,赤ちゃんがいる家に、助産師や保健師が行きます。子育て（子どもを育てること）で困ったことなどの相談する（聞く）ことができます。,分野: 子育て・教育,False,False
12,横浜市,やさしい日本語で伝える 語彙集,2024,行政手続,term,保証人方式（印鑑登録）,保証人方式（印鑑登録）,運転免許証（No.28）や在留カード（No.178）がない人が印鑑登録（No.23）する時のやり方。すでに印鑑登録をしている人に手伝ってもらいます。すぐに登録（知らせること）できます。,分野: 届出・申請,False,False
12,横浜市,やさしい日本語で伝える 語彙集,2024,医療,term,補装具,補装具,障害がある人が、体の障害がある部分をたすけたり、かわりにして使う道具です。,分野: 健康・福祉,False,False
12,横浜市,やさしい日本語で伝える 語彙集,2024,行政手続,term,本籍（本籍地）,本籍（本籍地）,戸籍（No.152）のあるところ,分野: 届出・申請,False,False
12,横浜市,やさしい日本語で伝える 語彙集,2024,行政手続,term,本人確認書類（資料）,本人確認書類（資料）,自分の名前や生まれた日、住所などを証明する（わかるようにする）もの。運転免許証（No.28）やマイナンバーカード（No.520）や在留カード（No.178）など。,分野: 届出・申請,False,False
12,横浜市,やさしい日本語で伝える 語彙集,2024,行政手続,term,本人自署,本人自署,自分で自分の名前を書くこと。サイン。,分野: 届出・申請,False,False
12,横浜市,やさしい日本語で伝える 語彙集,2024,行政手続,term,マイナポータル,マイナポータル,インターネットのサービスです。あなたの情報（データ）や役所からのお知らせを見ることができます。マイナンバーカード(No.520)が必要です。,分野: 届出・申請,False,False
12,横浜市,やさしい日本語で伝える 語彙集,2024,行政手続,term,マイナンバー（個人番号）,マイナンバー（個人番号）,12ケタの数字です。すべての人（日本に住民票がある人）が一人ひとつ持っています。個人番号とも言います。,分野: 届出・申請,False,False
12,横浜市,やさしい日本語で伝える 語彙集,2024,行政手続,term,マイナンバーカード,マイナンバーカード,マイナンバー（No.519)、顔写真付きのカード（プラスチック）です。申請した人がもらいます。名前、住所、生まれた日、性別（男か女）も書いてあります。,分野: 届出・申請,False,False
12,横浜市,やさしい日本語で伝える 語彙集,2024,行政手続,term,マイナンバーカード券面記載事項変更（個人番号カード券面記載事項変更）,マイナンバーカード券面記載事項変更（個人番号カード券面記載事項変更）,マイナンバーカード（No.520）に書いてあること（名前、住所、性別（男か女）、有効期限）を役所に変えてもらうこと,分野: 届出・申請,False,False
12,横浜市,やさしい日本語で伝える 語彙集,2024,行政手続,term,"マイナンバーカード申請
（個人番号カード申請）",マイナンバーカード申請 （個人番号カード申請）,マイナンバーカード（No.520)がほしいと、役所に知らせること,分野: 届出・申請,False,False
12,横浜市,やさしい日本語で伝える 語彙集,2024,行政手続,term,"マイナンバーカード紛失
（個人番号カード紛失）",マイナンバーカード紛失 （個人番号カード紛失）,マイナンバーカード（No.520）を失くすこと。すぐに電話（0120-0178-27）で知らせてください。,分野: 届出・申請,False,False
12,横浜市,やさしい日本語で伝える 語彙集,2024,行政手続,term,マイナンバー法（行政手続における特定の個人を識別するための番号の利用等に関する法律）,マイナンバー法（行政手続における特定の個人を識別するための番号の利用等に関する法律）,マイナンバー（No.519）の使い方を決めている法律（決まり）です。,分野: 届出・申請,False,False
12,横浜市,やさしい日本語で伝える 語彙集,2024,教育,term,未就学児,未就学児,小学校に入る前の子ども,分野: 子育て・教育,False,False
12,横浜市,やさしい日本語で伝える 語彙集,2024,行政手続,term,認印,認印,印鑑登録（No.23）していないはんこ（実印（No.190）ではありません）,分野: 届出・申請,False,False
12,横浜市,やさしい日本語で伝える 語彙集,2024,その他,term,みなとぶらりチケット,みなとぶらりチケット,横浜市営のバス、地下鉄や神奈中バスに、決められたエリア内で一日に何回も乗ったり降りたりできるきっぷ（チケット）。,分野: 市営交通,False,False
12,横浜市,やさしい日本語で伝える 語彙集,2024,医療,term,民生委員・児童委員,民生委員・児童委員,①生活や子どもについて、相談（聞くこと）ができる地域の人②生活や子どもについて、相談できる地域の人③子どもについて相談できる地域の人,分野: 健康・福祉,False,False
12,横浜市,やさしい日本語で伝える 語彙集,2024,行政手続,term,免除,免除,お金を払わなくていいこと,分野: 届出・申請,False,False
12,横浜市,やさしい日本語で伝える 語彙集,2024,行政手続,term,申立書,申立書,意見や希望（してほしいこと）を書いた書類（紙）。役所や裁判所に出す書類（紙）のことを言うことが多いです。,分野: 届出・申請,False,False
12,横浜市,やさしい日本語で伝える 語彙集,2024,日常生活,term,持ち去り,持ち去り,とること,分野: ごみ・リサイクル,False,False
12,横浜市,やさしい日本語で伝える 語彙集,2024,防災,term,夜間急病センター,夜間急病センター,"夜、行くことができる病院。
毎日、20:00～0:00に行くことができます。内科と小児科があります。",分野: 防災・救急,False,False
12,横浜市,やさしい日本語で伝える 語彙集,2024,行政手続,term,郵送申請,郵送申請,手紙で、役所に知らせること,分野: 届出・申請,False,False
12,横浜市,やさしい日本語で伝える 語彙集,2024,行政手続,term,郵送請求,郵送請求,郵送申請（No.533）と同じ,分野: 届出・申請,False,False
12,横浜市,やさしい日本語で伝える 語彙集,2024,その他,term,ゆずりあいシート,ゆずりあいシート,おじいさんやおばあさん、体の不自由な方、お腹に赤ちゃんがいる人など、席を必要としている人のための席です。誰でも座れますが、あなたの近くに席を必要としている人がいたら、代わってください。,分野: 市営交通,False,False
12,横浜市,やさしい日本語で伝える 語彙集,2024,防災,term,要援護者,要援護者,災害の時に助けが必要な人（おとしよりや障害のある人など）。,分野: 防災・救急,False,False
12,横浜市,やさしい日本語で伝える 語彙集,2024,医療,term,要介護,要介護,介護が必要なこと,分野: 健康・福祉,False,False
12,横浜市,やさしい日本語で伝える 語彙集,2024,医療,term,要介護者,要介護者,ふだんの生活にたすけがひつような人です。,分野: 健康・福祉,False,False
12,横浜市,やさしい日本語で伝える 語彙集,2024,医療,term,要介護認定,要介護認定,どれくらい介護（生活の世話をすること）が必要か、みてもらうこと,分野: 健康・福祉,False,False
12,横浜市,やさしい日本語で伝える 語彙集,2024,医療,term,養護老人ホーム,養護老人ホーム,おとしより（65歳以上）が住むところです。たとえば世話をする人がいなかったり、収入が少なくて、家で生活ができなくなった人が使います。,分野: 健康・福祉,False,False
12,横浜市,やさしい日本語で伝える 語彙集,2024,医療,term,要支援,要支援,ふだんの生活にすこしたすけがいること,分野: 健康・福祉,False,False
12,横浜市,やさしい日本語で伝える 語彙集,2024,医療,term,要支援認定,要支援認定,毎日の生活に少し助けが必要か見てもらうこと,分野: 健康・福祉,False,False
12,横浜市,やさしい日本語で伝える 語彙集,2024,教育,term,幼稚園,幼稚園,３〜５歳の子どもが行きます。小学校に入る前に簡単な教育をします。,分野: 子育て・教育,False,False
12,横浜市,やさしい日本語で伝える 語彙集,2024,教育,term,横浜保育室,横浜保育室,子どもを預ける（世話をしてもらう）ことができます。横浜市が決めました。０〜２歳の子どもを預けることができます。３歳以上の子どもを預けることができる保育室もあります。,分野: 子育て・教育,False,False
12,横浜市,やさしい日本語で伝える 語彙集,2024,医療,term,予診票（予防接種）,予診票（予防接種）,体の具合やいままでの病気について書く紙。お医者さんは、予診票をみて、予防接種をしていいかどうかをきめます。,分野: 健康・福祉,False,False
12,横浜市,やさしい日本語で伝える 語彙集,2024,医療,term,予防接種,予防接種,病気にかからないようにするための注射や薬,分野: 健康・福祉,False,False
12,横浜市,やさしい日本語で伝える 語彙集,2024,医療,term,予防接種券,予防接種券,元気かどうか、病気かどうか書く紙。お医者さんは、予防接種券（予診票）を見て、予防接種をしていいかどうかをきめます。,分野: 健康・福祉,False,False
12,横浜市,やさしい日本語で伝える 語彙集,2024,行政手続,term,離婚届,離婚届,結婚した２人が結婚をやめるため、役所に出す書類（紙）,分野: 届出・申請,False,False
12,横浜市,やさしい日本語で伝える 語彙集,2024,日常生活,term,リサイクル,リサイクル,いらなくなったものをもう一度使えるようにする。,分野: ごみ・リサイクル,False,False
12,横浜市,やさしい日本語で伝える 語彙集,2024,防災,term,罹災証明書,罹災証明書,災害で家が壊れたことを証明する（わかるようにする）紙,分野: 防災・救急,False,False
12,横浜市,やさしい日本語で伝える 語彙集,2024,日常生活,term,リデュース,リデュース,ごみになるものを少なくすること,分野: ごみ・リサイクル,False,False
12,横浜市,やさしい日本語で伝える 語彙集,2024,医療,term,リハビリテーション,リハビリテーション,からだの動きや働きなどを訓練してよくすること,分野: 健康・福祉,False,False
12,横浜市,やさしい日本語で伝える 語彙集,2024,教育,term,リフレッシュ保育（一時保育事業）,リフレッシュ保育（一時保育事業）,子育て（子どもを育てること）中のお父さんやお母さんなどが、休みたい時に、小学校に入る前の子どもを保育所に、預ける（世話をしてもらう）ことができます。,分野: 子育て・教育,False,False
12,横浜市,やさしい日本語で伝える 語彙集,2024,日常生活,term,リユース,リユース,捨てないで何回も使うこと,分野: ごみ・リサイクル,False,False
12,横浜市,やさしい日本語で伝える 語彙集,2024,医療,term,療育手帳,療育手帳,18歳くらいまでに知的きのうの障害があらわれた人が持つことができる手帳（ノート）,分野: 健康・福祉,False,False
12,横浜市,やさしい日本語で伝える 語彙集,2024,行政手続,term,利用者証明書用電子証明書,利用者証明書用電子証明書,電子証明（No.352）のこと,分野: 届出・申請,False,False
12,横浜市,やさしい日本語で伝える 語彙集,2024,教育,term,両親教室,両親教室,はじめてお父さんお母さんになる人のための教室です。子どもが生まれるまでのことや生まれた後のことを教えてくれます。同じころに赤ちゃんが生まれる人が集まるので、友だちをつくることもできます。,分野: 子育て・教育,False,False
12,横浜市,やさしい日本語で伝える 語彙集,2024,行政手続,term,旅券,旅券,パスポート,分野: 届出・申請,False,False
12,横浜市,やさしい日本語で伝える 語彙集,2024,医療,term,老人福祉センター,老人福祉センター,横浜市内に住む60歳以上の人が使うことができる施設です。音楽やスポーツの教室に参加したり、広い部屋で仲間と一緒に過ごすことができます。,分野: 健康・福祉,False,False
12,横浜市,やさしい日本語で伝える 語彙集,2024,医療,term,老齢基礎年金,老齢基礎年金,65歳以上の人がもらいます。もらえないときもあります。,分野: 健康・福祉,False,False
12,横浜市,やさしい日本語で伝える 語彙集,2024,教育,term,若者サポートステーション,若者サポートステーション,若い人が仕事に就くことについて相談（聞くこと）や勉強ができる場所。０円です。,分野: 子育て・教育,False,False
12,横浜市,やさしい日本語で伝える 語彙集,2024,防災,term,※「分野」の意味,※「分野」の意味,災害や病気,分野: 防災・救急,False,False
13,大阪府,やさしい日本語を使いましょう,,防災,term,緊急,緊急,すぐに,用語集: 災害,False,False
13,大阪府,やさしい日本語を使いましょう,,防災,term,警報,警報,つよい注意のお知らせ / 大きな災害がおこるかもしれません,用語集: 災害,False,False
13,大阪府,やさしい日本語を使いましょう,,防災,term,火災,火災,火事,用語集: 災害,False,False
13,大阪府,やさしい日本語を使いましょう,,防災,term,避難する,避難する,にげる,用語集: 災害,False,False
13,大阪府,やさしい日本語を使いましょう,,防災,term,避難所,避難所,にげるところ（家のかわりに住むところ）,用語集: 災害,False,False
13,大阪府,やさしい日本語を使いましょう,,防災,term,避難場所,避難場所,にげるところ,用語集: 災害,False,False
13,大阪府,やさしい日本語を使いましょう,,防災,term,懐中電灯,懐中電灯,手にもつ小さな電気（ライト）,用語集: 災害,False,False
13,大阪府,やさしい日本語を使いましょう,,防災,term,救急車,救急車,病気やけがをした人をはこぶ車,用語集: 災害,False,False
13,大阪府,やさしい日本語を使いましょう,,防災,term,救助する,救助する,たすける,用語集: 災害,False,False
13,大阪府,やさしい日本語を使いましょう,,防災,term,行方不明,行方不明,どこにいるかわからない,用語集: 災害,False,False
13,大阪府,やさしい日本語を使いましょう,,防災,term,情報,情報,お知らせ,用語集: 災害,False,False
13,大阪府,やさしい日本語を使いましょう,,防災,term,断水,断水,水がでない,用語集: 災害,False,False
13,大阪府,やさしい日本語を使いましょう,,防災,term,停電,停電,電気がつかない,用語集: 災害,False,False
13,大阪府,やさしい日本語を使いましょう,,防災,term,非常口,非常口,にげる出口,用語集: 災害,False,False
13,大阪府,やさしい日本語を使いましょう,,防災,term,備える,備える,準備する,用語集: 災害,False,False
13,大阪府,やさしい日本語を使いましょう,,防災,term,負傷者,負傷者,けがをした人,用語集: 災害,False,False
13,大阪府,やさしい日本語を使いましょう,,防災,term,保護する,保護する,まもる,用語集: 災害,False,False
13,大阪府,やさしい日本語を使いましょう,,防災,term,はぐれる,はぐれる,わかれる,用語集: 災害,False,False
13,大阪府,やさしい日本語を使いましょう,,防災,term,連絡先,連絡先,電話番号、メール、住所など,用語集: 災害,False,False
13,大阪府,やさしい日本語を使いましょう,,防災,term,デマ,デマ,うその話,用語集: 災害,False,False
13,大阪府,やさしい日本語を使いましょう,,防災,term,気象,気象,天気,用語集: 災害,False,False
13,大阪府,やさしい日本語を使いましょう,,防災,term,洪水,洪水,川から町に水がくる,用語集: 災害,False,False
13,大阪府,やさしい日本語を使いましょう,,防災,term,浸水,浸水,家の中に水が入る,用語集: 災害,False,False
13,大阪府,やさしい日本語を使いましょう,,防災,term,台風,台風,とても強い風と雨,用語集: 災害,False,False
13,大阪府,やさしい日本語を使いましょう,,防災,term,大雨,大雨,たくさんの雨,用語集: 災害,False,False
13,大阪府,やさしい日本語を使いましょう,,防災,term,注意報,注意報,注意のお知らせ / 災害がおこるかもしれません,用語集: 災害,False,False
13,大阪府,やさしい日本語を使いましょう,,防災,term,土砂崩れ,土砂崩れ,山がこわれる（土や石が落ちてくる）,用語集: 災害,False,False
13,大阪府,やさしい日本語を使いましょう,,防災,term,暴風雨,暴風雨,とても強い風と雨,用語集: 災害,False,False
13,大阪府,やさしい日本語を使いましょう,,防災,term,予報,予報,これから起きることのお知らせ,用語集: 災害,False,False
13,大阪府,やさしい日本語を使いましょう,,防災,term,高台,高台,高いところ,用語集: 災害,False,False
13,大阪府,やさしい日本語を使いましょう,,防災,term,地震,地震,地面がゆれる,用語集: 災害,False,False
13,大阪府,やさしい日本語を使いましょう,,防災,term,津波,津波,地震のあとに海の水がたくさんくる,用語集: 災害,False,False
13,大阪府,やさしい日本語を使いましょう,,防災,term,転倒する,転倒する,倒れる,用語集: 災害,False,False
13,大阪府,やさしい日本語を使いましょう,,防災,term,家屋,家屋,家,用語集: 災害,False,False
13,大阪府,やさしい日本語を使いましょう,,防災,term,倒壊する,倒壊する,たてものがこわれる,用語集: 災害,False,False
13,大阪府,やさしい日本語を使いましょう,,防災,term,余震,余震,地震のあとにまた地震がくる,用語集: 災害,False,False
13,大阪府,やさしい日本語を使いましょう,,防災,term,落下物,落下物,落ちてくるもの,用語集: 災害,False,False
13,大阪府,やさしい日本語を使いましょう,,防災,term,引火する,引火する,火がつく,用語集: 災害,False,False
13,大阪府,やさしい日本語を使いましょう,,防災,term,消火器,消火器,火をけす道具,用語集: 災害,False,False
13,大阪府,やさしい日本語を使いましょう,,医療,term,健康,健康,元気なこと、病気でないこと,用語集: 健康・医療,False,False
13,大阪府,やさしい日本語を使いましょう,,医療,term,医療,医療,医者が病気やけがをなおす,用語集: 健康・医療,False,False
13,大阪府,やさしい日本語を使いましょう,,医療,term,治療する,治療する,病気やけがをなおす,用語集: 健康・医療,False,False
13,大阪府,やさしい日本語を使いましょう,,医療,term,予防接種,予防接種,病気にならないためのちゅうしゃ,用語集: 健康・医療,False,False
13,大阪府,やさしい日本語を使いましょう,,医療,term,健康診断,健康診断,体が元気かしらべる,用語集: 健康・医療,False,False
13,大阪府,やさしい日本語を使いましょう,,医療,term,検診,検診,病気かどうかしらべる,用語集: 健康・医療,False,False
13,大阪府,やさしい日本語を使いましょう,,医療,term,感染症,感染症,うつる病気,用語集: 健康・医療,False,False
13,大阪府,やさしい日本語を使いましょう,,医療,term,妊娠,妊娠,おなかにこどもができる,用語集: 健康・医療,False,False
13,大阪府,やさしい日本語を使いましょう,,医療,term,出産,出産,こどもをうむ,用語集: 健康・医療,False,False
13,大阪府,やさしい日本語を使いましょう,,医療,term,診察,診察,医者がからだをしらべる,用語集: 健康・医療,False,False
13,大阪府,やさしい日本語を使いましょう,,医療,term,診療所,診療所,小さい病院,用語集: 健康・医療,False,False
13,大阪府,やさしい日本語を使いましょう,,医療,term,初診,初診,はじめて病院でみてもらう,用語集: 健康・医療,False,False
13,大阪府,やさしい日本語を使いましょう,,医療,term,問診票,問診票,体の悪いところをきく紙,用語集: 健康・医療,False,False
13,大阪府,やさしい日本語を使いましょう,,医療,term,記入する,記入する,書く,用語集: 健康・医療,False,False
13,大阪府,やさしい日本語を使いましょう,,医療,term,症状,症状,体の悪いところ（いたい、血が出るなど）,用語集: 健康・医療,False,False
13,大阪府,やさしい日本語を使いましょう,,医療,term,既往歴,既往歴,今までにかかった病気,用語集: 健康・医療,False,False
13,大阪府,やさしい日本語を使いましょう,,医療,term,夜間,夜間,夜,用語集: 健康・医療,False,False
13,大阪府,やさしい日本語を使いましょう,,医療,term,休日,休日,休みの日,用語集: 健康・医療,False,False
13,大阪府,やさしい日本語を使いましょう,,医療,term,急病,急病,急な病気,用語集: 健康・医療,False,False
13,大阪府,やさしい日本語を使いましょう,,医療,term,入院,入院,病院に泊まって病気やけがをなおす,用語集: 健康・医療,False,False
13,大阪府,やさしい日本語を使いましょう,,医療,term,面会,面会,会う,用語集: 健康・医療,False,False
13,大阪府,やさしい日本語を使いましょう,,医療,term,休診,休診,病院が休み,用語集: 健康・医療,False,False
13,大阪府,やさしい日本語を使いましょう,,医療,term,待合室,待合室,待つ部屋,用語集: 健康・医療,False,False
13,大阪府,やさしい日本語を使いましょう,,医療,term,会計,会計,お金をはらうところ,用語集: 健康・医療,False,False
13,大阪府,やさしい日本語を使いましょう,,医療,term,処方箋,処方箋,くすりを書いた紙（医者が書く）,用語集: 健康・医療,False,False
13,大阪府,やさしい日本語を使いましょう,,医療,term,薬局,薬局,くすりを買うところ,用語集: 健康・医療,False,False
13,大阪府,やさしい日本語を使いましょう,,医療,term,食後,食後,ごはんのあと,用語集: 健康・医療,False,False
13,大阪府,やさしい日本語を使いましょう,,医療,term,1錠,1錠,1個,用語集: 健康・医療,False,False
13,大阪府,やさしい日本語を使いましょう,,医療,term,かかりつけ,かかりつけ,よく行く病院,用語集: 健康・医療,False,False
13,大阪府,やさしい日本語を使いましょう,,医療,term,医療保険,医療保険,病院のお金をやすくする保険,用語集: 健康・医療,False,False
13,大阪府,やさしい日本語を使いましょう,,医療,term,保険証,保険証,保険に入っている人の紙やカード,用語集: 健康・医療,False,False
13,大阪府,やさしい日本語を使いましょう,,医療,term,被保険者,被保険者,保険に入っている人,用語集: 健康・医療,False,False
13,大阪府,やさしい日本語を使いましょう,,医療,term,加入する,加入する,入る,用語集: 健康・医療,False,False
13,大阪府,やさしい日本語を使いましょう,,医療,term,自己負担,自己負担,自分ではらうお金,用語集: 健康・医療,False,False
13,大阪府,やさしい日本語を使いましょう,,医療,term,1割,1割,10%,用語集: 健康・医療,False,False
13,大阪府,やさしい日本語を使いましょう,,医療,term,介護,介護,年をとった人の世話をする,用語集: 健康・医療,False,False
13,大阪府,やさしい日本語を使いましょう,,医療,term,高齢者,高齢者,年をとった人（65才以上の人）,用語集: 健康・医療,False,False
13,大阪府,やさしい日本語を使いましょう,,医療,term,給付金,給付金,もらうお金,用語集: 健康・医療,False,False
13,大阪府,やさしい日本語を使いましょう,,日常生活,term,領収書,領収書,お金をはらったときにもらう紙（レシート）,用語集: 生活・仕事,False,False
13,大阪府,やさしい日本語を使いましょう,,日常生活,term,変更,変更,変わる,用語集: 生活・仕事,False,False
13,大阪府,やさしい日本語を使いましょう,,日常生活,term,更新,更新,新しくする,用語集: 生活・仕事,False,False
13,大阪府,やさしい日本語を使いましょう,,日常生活,term,離婚,離婚,結婚した人と別れる,用語集: 生活・仕事,False,False
13,大阪府,やさしい日本語を使いましょう,,日常生活,term,相談窓口,相談窓口,相談するところ,用語集: 生活・仕事,False,False
13,大阪府,やさしい日本語を使いましょう,,日常生活,term,家電,家電,電気でうごく道具,用語集: 生活・仕事,False,False
13,大阪府,やさしい日本語を使いましょう,,日常生活,term,請求書,請求書,お金をはらってくださいという紙,用語集: 生活・仕事,False,False
13,大阪府,やさしい日本語を使いましょう,,日常生活,term,可燃ゴミ,可燃ゴミ,もえるごみ,用語集: 生活・仕事,False,False
13,大阪府,やさしい日本語を使いましょう,,日常生活,term,不燃ゴミ,不燃ゴミ,もえないごみ,用語集: 生活・仕事,False,False
13,大阪府,やさしい日本語を使いましょう,,日常生活,term,粗大ゴミ,粗大ゴミ,大きなごみ,用語集: 生活・仕事,False,False
13,大阪府,やさしい日本語を使いましょう,,日常生活,term,分別する,分別する,わける,用語集: 生活・仕事,False,False
13,大阪府,やさしい日本語を使いましょう,,日常生活,term,回収する,回収する,集める（ごみをとりにくる）,用語集: 生活・仕事,False,False
13,大阪府,やさしい日本語を使いましょう,,日常生活,term,近所,近所,近く,用語集: 生活・仕事,False,False
13,大阪府,やさしい日本語を使いましょう,,日常生活,term,使用する,使用する,使う,用語集: 生活・仕事,False,False
13,大阪府,やさしい日本語を使いましょう,,日常生活,term,購入する,購入する,買う,用語集: 生活・仕事,False,False
13,大阪府,やさしい日本語を使いましょう,,日常生活,term,問い合わせる,問い合わせる,わからないことを聞く,用語集: 生活・仕事,False,False
13,大阪府,やさしい日本語を使いましょう,,日常生活,term,お手洗い、便所,お手洗い、便所,トイレ,用語集: 生活・仕事,False,False
13,大阪府,やさしい日本語を使いましょう,,日常生活,term,故障する,故障する,こわれる,用語集: 生活・仕事,False,False
13,大阪府,やさしい日本語を使いましょう,,日常生活,term,修理する,修理する,なおす,用語集: 生活・仕事,False,False
13,大阪府,やさしい日本語を使いましょう,,日常生活,term,料金,料金,ねだん,用語集: 生活・仕事,False,False
13,大阪府,やさしい日本語を使いましょう,,日常生活,term,無料,無料,お金がいらない,用語集: 生活・仕事,False,False
13,大阪府,やさしい日本語を使いましょう,,日常生活,term,サービス,サービス,してもらえること,用語集: 生活・仕事,False,False
13,大阪府,やさしい日本語を使いましょう,,日常生活,term,電気使用量通知,電気使用量通知,使った電気のおおさを知らせる紙,用語集: 生活・仕事,False,False
13,大阪府,やさしい日本語を使いましょう,,日常生活,term,府営住宅,府営住宅,大阪府が貸す家,用語集: 生活・仕事,False,False
13,大阪府,やさしい日本語を使いましょう,,日常生活,term,賃貸,賃貸,貸す（借りるためにお金がいります）,用語集: 生活・仕事,False,False
13,大阪府,やさしい日本語を使いましょう,,日常生活,term,家賃,家賃,家を借りるお金,用語集: 生活・仕事,False,False
13,大阪府,やさしい日本語を使いましょう,,日常生活,term,契約,契約,約束,用語集: 生活・仕事,False,False
13,大阪府,やさしい日本語を使いましょう,,日常生活,term,和室,和室,畳の部屋,用語集: 生活・仕事,False,False
13,大阪府,やさしい日本語を使いましょう,,日常生活,term,不動産屋,不動産屋,家をしょうかいする店,用語集: 生活・仕事,False,False
13,大阪府,やさしい日本語を使いましょう,,日常生活,term,交通機関,交通機関,電車やバス,用語集: 生活・仕事,False,False
13,大阪府,やさしい日本語を使いましょう,,日常生活,term,渋滞,渋滞,道が車で混む,用語集: 生活・仕事,False,False
13,大阪府,やさしい日本語を使いましょう,,日常生活,term,ルール,ルール,決まっていること,用語集: 生活・仕事,False,False
13,大阪府,やさしい日本語を使いましょう,,日常生活,term,運賃,運賃,電車やバスのお金,用語集: 生活・仕事,False,False
13,大阪府,やさしい日本語を使いましょう,,日常生活,term,徒歩,徒歩,歩く,用語集: 生活・仕事,False,False
13,大阪府,やさしい日本語を使いましょう,,日常生活,term,運休,運休,電車やバスが動かない,用語集: 生活・仕事,False,False
13,大阪府,やさしい日本語を使いましょう,,日常生活,term,最寄り駅,最寄り駅,いちばん近い駅,用語集: 生活・仕事,False,False
13,大阪府,やさしい日本語を使いましょう,,日常生活,term,駐輪場,駐輪場,自転車をおくところ,用語集: 生活・仕事,False,False
13,大阪府,やさしい日本語を使いましょう,,日常生活,term,住民,住民,住んでいる人,用語集: 生活・仕事,False,False
13,大阪府,やさしい日本語を使いましょう,,日常生活,term,転出,転出,ほかの場所へ引っ越す,用語集: 生活・仕事,False,False
13,大阪府,やさしい日本語を使いましょう,,日常生活,term,転入,転入,ほかの場所から引っ越してくる,用語集: 生活・仕事,False,False
13,大阪府,やさしい日本語を使いましょう,,日常生活,term,本人確認書類,本人確認書類,パスポート、在留カードなど（あなたがだれかわかるもの）,用語集: 生活・仕事,False,False
13,大阪府,やさしい日本語を使いましょう,,在留,term,旅券,旅券,パスポート,用語集: 生活・仕事,False,False
13,大阪府,やさしい日本語を使いましょう,,在留,term,帰国,帰国,自分の国へ帰る,用語集: 生活・仕事,False,False
13,大阪府,やさしい日本語を使いましょう,,在留,term,入国,入国,国へ入る,用語集: 生活・仕事,False,False
13,大阪府,やさしい日本語を使いましょう,,在留,term,在留,在留,住む,用語集: 生活・仕事,False,False
13,大阪府,やさしい日本語を使いましょう,,在留,term,期間,期間,間,用語集: 生活・仕事,False,False
13,大阪府,やさしい日本語を使いましょう,,在留,term,活動,活動,仕事や勉強,用語集: 生活・仕事,False,False
13,大阪府,やさしい日本語を使いましょう,,日常生活,term,労働,労働,はたらく,用語集: 生活・仕事,False,False
13,大阪府,やさしい日本語を使いましょう,,日常生活,term,勤務する,勤務する,はたらく,用語集: 生活・仕事,False,False
13,大阪府,やさしい日本語を使いましょう,,日常生活,term,失業する,失業する,仕事がなくなる,用語集: 生活・仕事,False,False
13,大阪府,やさしい日本語を使いましょう,,日常生活,term,職業,職業,仕事,用語集: 生活・仕事,False,False
13,大阪府,やさしい日本語を使いましょう,,日常生活,term,求人,求人,はたらく人をさがす,用語集: 生活・仕事,False,False
13,大阪府,やさしい日本語を使いましょう,,日常生活,term,残業,残業,きまった時間より長くはたらく,用語集: 生活・仕事,False,False
13,大阪府,やさしい日本語を使いましょう,,日常生活,term,給料,給料,はたらいて会社からもらうお金,用語集: 生活・仕事,False,False
13,大阪府,やさしい日本語を使いましょう,,日常生活,term,ボーナス,ボーナス,はたらいて会社からもらうお金（給料とは別にもらう）,用語集: 生活・仕事,False,False
13,大阪府,やさしい日本語を使いましょう,,日常生活,term,就職,就職,仕事をはじめる,用語集: 生活・仕事,False,False
13,大阪府,やさしい日本語を使いましょう,,日常生活,term,退職,退職,仕事をやめる,用語集: 生活・仕事,False,False
13,大阪府,やさしい日本語を使いましょう,,社会保険,term,年金,年金,年をとった人がもらうお金,用語集: 年金・税金,False,False
13,大阪府,やさしい日本語を使いましょう,,社会保険,term,国民年金,国民年金,みんなが入る年金,用語集: 年金・税金,False,False
13,大阪府,やさしい日本語を使いましょう,,社会保険,term,厚生年金,厚生年金,会社ではたらく人が入る年金,用語集: 年金・税金,False,False
13,大阪府,やさしい日本語を使いましょう,,社会保険,term,年金手帳,年金手帳,年金に入っていることを書いた小さい本,用語集: 年金・税金,False,False
13,大阪府,やさしい日本語を使いましょう,,社会保険,term,税金,税金,国などにはらうお金,用語集: 年金・税金,False,False
13,大阪府,やさしい日本語を使いましょう,,社会保険,term,国税,国税,国にはらう税金,用語集: 年金・税金,False,False
13,大阪府,やさしい日本語を使いましょう,,社会保険,term,地方税,地方税,大阪府や市などにはらう税金,用語集: 年金・税金,False,False
13,大阪府,やさしい日本語を使いましょう,,社会保険,term,収入,収入,はたらいてもらったお金,用語集: 年金・税金,False,False
13,大阪府,やさしい日本語を使いましょう,,社会保険,term,所得,所得,収入から税金などをひいたお金,用語集: 年金・税金,False,False
13,大阪府,やさしい日本語を使いましょう,,社会保険,term,税務署,税務署,税金のじむしょ,用語集: 年金・税金,False,False
13,大阪府,やさしい日本語を使いましょう,,社会保険,term,消費税,消費税,買い物をするときにはらう税金,用語集: 年金・税金,False,False
13,大阪府,やさしい日本語を使いましょう,,社会保険,term,確定申告,確定申告,1年の税金のねだんを税務署に知らせる,用語集: 年金・税金,False,False
13,大阪府,やさしい日本語を使いましょう,,社会保険,term,源泉徴収,源泉徴収,会社でもらうお金から引かれる税金,用語集: 年金・税金,False,False
13,大阪府,やさしい日本語を使いましょう,,社会保険,term,年末調整,年末調整,12月に会社があなたの給料の税金をけいさんする,用語集: 年金・税金,False,False
13,大阪府,やさしい日本語を使いましょう,,社会保険,term,扶養家族,扶養家族,あなたのお金で生活する家族,用語集: 年金・税金,False,False
13,大阪府,やさしい日本語を使いましょう,,社会保険,term,納付書,納付書,税金をはらうときにつかう紙,用語集: 年金・税金,False,False
13,大阪府,やさしい日本語を使いましょう,,社会保険,term,滞納する,滞納する,はらわない,用語集: 年金・税金,False,False
13,大阪府,やさしい日本語を使いましょう,,社会保険,term,未加入,未加入,まだ入っていない,用語集: 年金・税金,False,False
13,大阪府,やさしい日本語を使いましょう,,社会保険,term,加入する,加入する,入る,用語集: 年金・税金,False,False
13,大阪府,やさしい日本語を使いましょう,,社会保険,term,免除,免除,はらう必要がない,用語集: 年金・税金,False,False
13,大阪府,やさしい日本語を使いましょう,,日常生活,sentence,公共交通機関でお越しください。,公共交通機関でお越しください。,電車やバスで来てください。,解答例 p.15: 日常生活,False,False
13,大阪府,やさしい日本語を使いましょう,,日常生活,sentence,粗大ごみは第２水曜日に出します。,粗大ごみは第２水曜日に出します。,粗大ごみ＜大きなごみ＞は毎月２回めの水曜日にだしてください。,解答例 p.15: 日常生活,False,False
13,大阪府,やさしい日本語を使いましょう,,日常生活,sentence,どちらのご出身ですか。,どちらのご出身ですか。,あなたの国はどこですか。,解答例 p.15: 日常生活,False,False
13,大阪府,やさしい日本語を使いましょう,,日常生活,sentence,どうぞおかけください。,どうぞおかけください。,すわってください。,解答例 p.15: 日常生活,False,False
13,大阪府,やさしい日本語を使いましょう,,日常生活,sentence,このお店は水曜日が定休日です。,このお店は水曜日が定休日です。,この店は水曜日がやすみです。,解答例 p.15: 日常生活,False,False
13,大阪府,やさしい日本語を使いましょう,,日常生活,sentence,お宅には和室がありますか。,お宅には和室がありますか。,あなたの家に畳の部屋はありますか。,解答例 p.15: 日常生活,False,False
13,大阪府,やさしい日本語を使いましょう,,日常生活,sentence,この店舗内は禁煙です。,この店舗内は禁煙です。,この店の中でたばこを吸わないでください。,解答例 p.15: 日常生活,False,False
13,大阪府,やさしい日本語を使いましょう,,日常生活,sentence,至急警察に通報してください。,至急警察に通報してください。,今すぐ警察に電話してください。,解答例 p.15: 日常生活,False,False
13,大阪府,やさしい日本語を使いましょう,,日常生活,sentence,雇用契約を結ぶ前に、労働条件をよく確認しましょう。,雇用契約を結ぶ前に、労働条件をよく確認しましょう。,会社ではたらくときは時間や給料＜お金＞などをよく知ってください。,解答例 p.15: 日常生活,False,False
13,大阪府,やさしい日本語を使いましょう,,日常生活,sentence,ごっついええ服やけど、なんぼしたん？,ごっついええ服やけど、なんぼしたん？,とてもいい服ですね。いくらでしたか。,解答例 p.15: 日常生活,False,False
13,大阪府,やさしい日本語を使いましょう,,日常生活,sentence,その本しょうもないし、ほってくれる？,その本しょうもないし、ほってくれる？,その本はおもしろくないです。すててください。,解答例 p.15: 日常生活,False,False
13,大阪府,やさしい日本語を使いましょう,,日常生活,sentence,行きしにお菓子買うていって。,行きしにお菓子買うていって。,行くとちゅうでお菓子を買ってください。,解答例 p.15: 日常生活,False,False
13,大阪府,やさしい日本語を使いましょう,,日常生活,sentence,ちょっとちゃうねんけど、かまへんかまへん。,ちょっとちゃうねんけど、かまへんかまへん。,すこしちがいます。でも大丈夫です。,解答例 p.15: 日常生活,False,False
13,大阪府,やさしい日本語を使いましょう,,社会保険,sentence,こちらの欄に連絡先をご記入ください。,こちらの欄に連絡先をご記入ください。,ここにあなたの電話番号を書いてください。,解答例 p.17: 年金・税金,False,False
13,大阪府,やさしい日本語を使いましょう,,社会保険,sentence,税金に関するお問い合わせは、税務署の方へどうぞ。,税金に関するお問い合わせは、税務署の方へどうぞ。,税金のことでわからないことは税務署＜税金のじむしょ＞にきいてください。,解答例 p.17: 年金・税金,False,False
13,大阪府,やさしい日本語を使いましょう,,社会保険,sentence,手続きにかかる書類はご持参ですか。,手続きにかかる書類はご持参ですか。,必要なものはもっていますか。,解答例 p.17: 年金・税金,False,False
13,大阪府,やさしい日本語を使いましょう,,社会保険,sentence,府民税の滞納があるようです。,府民税の滞納があるようです。,あなたは府民税＜大阪府の税金＞をぜんぶはらっていません。,解答例 p.17: 年金・税金,False,False
13,大阪府,やさしい日本語を使いましょう,,社会保険,sentence,速やかに全額納入してください。,速やかに全額納入してください。,すぐにぜんぶのお金をはらってください。,解答例 p.17: 年金・税金,False,False
13,大阪府,やさしい日本語を使いましょう,,社会保険,sentence,国民年金の加入手続きを行ってください。,国民年金の加入手続きを行ってください。,国民年金にはいってください。,解答例 p.17: 年金・税金,False,False
13,大阪府,やさしい日本語を使いましょう,,社会保険,sentence,保険料の半額免除を受けられます。,保険料の半額免除を受けられます。,保険のお金が半分になります。,解答例 p.17: 年金・税金,False,False
13,大阪府,やさしい日本語を使いましょう,,社会保険,sentence,物品を購入する際は、消費税を一緒に払います。,物品を購入する際は、消費税を一緒に払います。,ものを買うときは消費税をいっしょにはらってください。,解答例 p.17: 年金・税金,False,False
13,大阪府,やさしい日本語を使いましょう,,社会保険,sentence,どれだけの期間、年金の保険料をお支払い済みですか。,どれだけの期間、年金の保険料をお支払い済みですか。,いつからいつまで年金のお金をはらいましたか。,解答例 p.17: 年金・税金,False,False
13,大阪府,やさしい日本語を使いましょう,,社会保険,sentence,扶養家族の人数によって税額が変わる可能性があります。,扶養家族の人数によって税額が変わる可能性があります。,扶養家族＜あなたのお金で生活する家族＞が何人いますか。税金のねだんがかわるかもしれません。,解答例 p.17: 年金・税金,False,False
13,大阪府,やさしい日本語を使いましょう,,社会保険,sentence,紛失された場合は、すぐ再発行の手続きをしましょう。,紛失された場合は、すぐ再発行の手続きをしましょう。,なくしたときはすぐにもういちどつくってください。,解答例 p.17: 年金・税金,False,False
13,大阪府,やさしい日本語を使いましょう,,社会保険,sentence,おそらく保険に未加入でいらっしゃるかと思われます。,おそらく保険に未加入でいらっしゃるかと思われます。,あなたは保険に入っていないかもしれません。,解答例 p.17: 年金・税金,False,False
13,大阪府,やさしい日本語を使いましょう,,社会保険,sentence,令和２年の書式をご提出いただく必要があります。,令和２年の書式をご提出いただく必要があります。,2020年の紙に書いてください。,解答例 p.17: 年金・税金,False,False
14,愛知県,やさしい日本語の手引き,,行政手続,term,記入する,記入する,書く,言い換えポイント: 漢語→和語; 場面: 役所,False,False
14,愛知県,やさしい日本語の手引き,,行政手続,term,ご用件は何ですか?,ご用件は何ですか?,どうしましたか？,言い換えポイント: 漢語→和語; 場面: 役所,False,False
14,愛知県,やさしい日本語の手引き,,行政手続,term,ご利用ください,ご利用ください,使ってください,言い換えポイント: 敬語→普通語; 場面: 役所,False,False
14,愛知県,やさしい日本語の手引き,,行政手続,term,少々お待ちください,少々お待ちください,少し待ってください,言い換えポイント: 敬語→普通語; 場面: 役所,False,False
14,愛知県,やさしい日本語の手引き,,行政手続,term,お持ちですか？,お持ちですか？,ありますか？,言い換えポイント: 敬語→普通語; 場面: 役所,False,False
14,愛知県,やさしい日本語の手引き,,行政手続,term,かけてください,かけてください,座ってください,言い換えポイント: 複数の意味→1つの意味; 場面: 役所,False,False
14,愛知県,やさしい日本語の手引き,,行政手続,term,未加入,未加入,まだ入っていない,言い換えポイント: 漢語→和語; 場面: 役所,False,False
14,愛知県,やさしい日本語の手引き,,行政手続,term,滞納する,滞納する,まだ払っていない,言い換えポイント: 漢語→和語; 場面: 役所,False,False
14,愛知県,やさしい日本語の手引き,,行政手続,term,本人確認ができるもの,本人確認ができるもの,免許証やパスポート,言い換えポイント: 具体例を示す; 場面: 役所,False,False
14,愛知県,やさしい日本語の手引き,,行政手続,term,更新する,更新する,新しくする,言い換えポイント: 漢語→和語; 場面: 役所,False,False
14,愛知県,やさしい日本語の手引き,,教育,term,授業参観,授業参観,授業を見る,言い換えポイント: 専門用語→日常語; 場面: 学校,False,False
14,愛知県,やさしい日本語の手引き,,教育,term,三者面談,三者面談,お母さん／お父さんと○○君(子ども)と私(先生)と3人で話す,言い換えポイント: 専門用語→日常語; 場面: 学校,False,False
14,愛知県,やさしい日本語の手引き,,教育,term,担任,担任,○○君の先生,言い換えポイント: 専門用語→日常語; 場面: 学校,False,False
14,愛知県,やさしい日本語の手引き,,教育,term,PTA,PTA,お父さんやお母さんのグループ,言い換えポイント: 専門用語→日常語; 場面: 学校,False,False
14,愛知県,やさしい日本語の手引き,,教育,term,弁当持参,弁当持参,お弁当を持ってくる,言い換えポイント: 漢語→和語; 場面: 学校,False,False
14,愛知県,やさしい日本語の手引き,,教育,term,登校,登校,学校に来る／行く,言い換えポイント: 漢語→和語; 場面: 学校,False,False
14,愛知県,やさしい日本語の手引き,,教育,term,下校,下校,(学校から)家に帰る,言い換えポイント: 漢語→和語; 場面: 学校,False,False
14,愛知県,やさしい日本語の手引き,,教育,term,体調が悪い,体調が悪い,元気がない,言い換えポイント: 使用頻度(低)→使用頻度(高); 場面: 学校,False,False
14,愛知県,やさしい日本語の手引き,,教育,term,欠席する,欠席する,休む,言い換えポイント: 漢語→和語; 場面: 学校,False,False
14,愛知県,やさしい日本語の手引き,,教育,term,学級閉鎖,学級閉鎖,(病気の子どもが多いので)休み,言い換えポイント: 専門用語→日常語; 場面: 学校,False,False
14,愛知県,やさしい日本語の手引き,,医療,term,初診,初診,初めて／1回目,言い換えポイント: 専門用語→日常語; 場面: 病院,False,False
14,愛知県,やさしい日本語の手引き,,医療,term,お座りください,お座りください,座ってください,言い換えポイント: 敬語→普通語; 場面: 病院,False,False
14,愛知県,やさしい日本語の手引き,,医療,term,横になってください,横になってください,寝てください,言い換えポイント: 慣用句→普通語; 場面: 病院,False,False
14,愛知県,やさしい日本語の手引き,,医療,term,精密検査,精密検査,詳しい検査,言い換えポイント: 専門用語→日常語; 場面: 病院,False,False
14,愛知県,やさしい日本語の手引き,,医療,term,問診票,問診票,(実物を見せて)この紙,言い換えポイント: 専門用語→日常語(+実物を示す); 場面: 病院,False,False
14,愛知県,やさしい日本語の手引き,,医療,term,お大事にしてください,お大事にしてください,体に気を付けて下さい,言い換えポイント: 敬語→普通語; 場面: 病院,False,False
14,愛知県,やさしい日本語の手引き,,医療,term,悪化する,悪化する,もっと悪くなる,言い換えポイント: 漢語→和語; 場面: 病院,False,False
14,愛知県,やさしい日本語の手引き,,医療,term,食後,食後,ご飯を食べたあと,言い換えポイント: 漢語→和語; 場面: 病院,False,False
14,愛知県,やさしい日本語の手引き,,医療,term,1錠,1錠,1つ,言い換えポイント: 漢語→和語; 場面: 病院,False,False
14,愛知県,やさしい日本語の手引き,,医療,term,アレルギー,アレルギー,体が赤くなったり、かゆくなったりする,言い換えポイント: カタカナ語→和語; 場面: 病院,False,False
14,愛知県,やさしい日本語の手引き,,その他,term,110番（ひゃくとおばん）,110番（ひゃくとおばん）,警察／110(いちいちぜろ),言い換えポイント: 専門用語→普通語; 場面: 警察,False,False
14,愛知県,やさしい日本語の手引き,,その他,term,通報する,通報する,連絡する／電話する,言い換えポイント: 専門用語→日常語; 場面: 警察,False,False
14,愛知県,やさしい日本語の手引き,,その他,term,目撃する,目撃する,見る,言い換えポイント: 漢語→和語; 場面: 警察,False,False
14,愛知県,やさしい日本語の手引き,,その他,term,ポイ捨て,ポイ捨て,道に捨てる,言い換えポイント: 専門用語→日常語; 場面: 警察,False,False
14,愛知県,やさしい日本語の手引き,,その他,term,罰金,罰金,お金を払う,言い換えポイント: 漢語→和語; 場面: 警察,False,False
14,愛知県,やさしい日本語の手引き,,その他,term,駐車禁止,駐車禁止,車を止めたらダメ,言い換えポイント: 漢語→和語; 場面: 警察,False,False
14,愛知県,やさしい日本語の手引き,,その他,term,夜間,夜間,夜,言い換えポイント: 漢語→和語; 場面: 警察,False,False
14,愛知県,やさしい日本語の手引き,,その他,term,財布を紛失する,財布を紛失する,財布をなくす,言い換えポイント: 漢語→和語; 場面: 警察,False,False
14,愛知県,やさしい日本語の手引き,,その他,term,空き巣,空き巣,留守の家に泥棒が入る,言い換えポイント: 専門用語→普通語; 場面: 警察,False,False
14,愛知県,やさしい日本語の手引き,,日常生活,term,ダイヤが乱れる,ダイヤが乱れる,電車の時間が変わる,言い換えポイント: 専門用語→日常語; 場面: 公共交通,False,False
14,愛知県,やさしい日本語の手引き,,日常生活,term,喫煙車両,喫煙車両,タバコを吸ってもいいところ,言い換えポイント: 専門用語→日常語; 場面: 公共交通,False,False
14,愛知県,やさしい日本語の手引き,,日常生活,term,運休,運休,電車が動かない,言い換えポイント: 専門用語→日常語; 場面: 公共交通,False,False
14,愛知県,やさしい日本語の手引き,,日常生活,term,指定席,指定席,予約がいるところ,言い換えポイント: 専門用語→日常語; 場面: 公共交通,False,False
14,愛知県,やさしい日本語の手引き,,日常生活,term,片道,片道,行く時だけ,言い換えポイント: 漢語→和語; 場面: 公共交通,False,False
14,愛知県,やさしい日本語の手引き,,日常生活,term,往復,往復,行く時と帰る時,言い換えポイント: 漢語→和語; 場面: 公共交通,False,False
14,愛知県,やさしい日本語の手引き,,日常生活,term,切符を拝見します,切符を拝見します,切符を見せてください,言い換えポイント: 敬語→普通語; 場面: 公共交通,False,False
14,愛知県,やさしい日本語の手引き,,日常生活,term,携帯電話をマナーモードにする,携帯電話をマナーモードにする,携帯電話の音が出ないようにする,言い換えポイント: カタカナ語→和語; 場面: 公共交通,False,False
14,愛知県,やさしい日本語の手引き,,日常生活,term,お年寄り,お年寄り,おじいさん・おばあさん,言い換えポイント: 具体例を示す; 場面: 公共交通,False,False
14,愛知県,やさしい日本語の手引き,,日常生活,term,優先席,優先席,おじいさん・おばあさん・病気の人などが座るところ,言い換えポイント: 具体例を示す; 場面: 公共交通,False,False
14,愛知県,やさしい日本語の手引き,,その他,term,何名様ですか?,何名様ですか?,何人ですか？,言い換えポイント: 敬語→普通語; 場面: 観光・旅行,False,False
14,愛知県,やさしい日本語の手引き,,その他,term,観光名所,観光名所,有名なところ,言い換えポイント: 漢語→和語; 場面: 観光・旅行,False,False
14,愛知県,やさしい日本語の手引き,,その他,term,予定,予定,いつ～する,言い換えポイント: 漢語→和語; 場面: 観光・旅行,False,False
14,愛知県,やさしい日本語の手引き,,その他,term,シーズン中,シーズン中,○月から○月まで,言い換えポイント: 具体的な数字で示す; 場面: 観光・旅行,False,False
14,愛知県,やさしい日本語の手引き,,その他,term,宿泊する,宿泊する,泊まる,言い換えポイント: 漢語→和語; 場面: 観光・旅行,False,False
14,愛知県,やさしい日本語の手引き,,その他,term,和食,和食,ご飯,言い換えポイント: 漢語→和語; 場面: 観光・旅行,False,False
14,愛知県,やさしい日本語の手引き,,その他,term,レンタサイクル,レンタサイクル,自転車を借りる,言い換えポイント: カタカナ語→和語; 場面: 観光・旅行,False,False
14,愛知県,やさしい日本語の手引き,,その他,term,半額,半額,お金が半分,言い換えポイント: 漢語→和語; 場面: 観光・旅行,False,False
14,愛知県,やさしい日本語の手引き,,その他,term,素泊まり,素泊まり,寝るだけ(ご飯なし),言い換えポイント: 専門用語→日常語; 場面: 観光・旅行,False,False
14,愛知県,やさしい日本語の手引き,,その他,term,キャンセル,キャンセル,やめる,言い換えポイント: カタカナ語→和語; 場面: 観光・旅行,False,False
14,愛知県,やさしい日本語の手引き,,日常生活,term,(美容院)どうされますか?,(美容院)どうされますか?,カットですか、パーマですか？,言い換えポイント: 具体例を示す; 場面: 商店・商業施設,False,False
14,愛知県,やさしい日本語の手引き,,日常生活,term,来店する,来店する,店に来る,言い換えポイント: 漢語→和語; 場面: 商店・商業施設,False,False
14,愛知県,やさしい日本語の手引き,,日常生活,term,禁煙,禁煙,タバコを吸ったらダメ,言い換えポイント: 漢語→和語; 場面: 商店・商業施設,False,False
14,愛知県,やさしい日本語の手引き,,日常生活,term,洗車する,洗車する,車を洗う,言い換えポイント: 漢語→和語; 場面: 商店・商業施設,False,False
14,愛知県,やさしい日本語の手引き,,日常生活,term,何かお探しですか?,何かお探しですか?,何が欲しいですか？,言い換えポイント: 敬語→普通語; 場面: 商店・商業施設,False,False
14,愛知県,やさしい日本語の手引き,,日常生活,term,セルフサービス,セルフサービス,自分でする,言い換えポイント: カタカナ語→和語; 場面: 商店・商業施設,False,False
14,愛知県,やさしい日本語の手引き,,日常生活,term,開店,開店,店が始まる,言い換えポイント: 漢語→和語; 場面: 商店・商業施設,False,False
14,愛知県,やさしい日本語の手引き,,日常生活,term,閉店,閉店,店が終わる,言い換えポイント: 漢語→和語; 場面: 商店・商業施設,False,False
14,愛知県,やさしい日本語の手引き,,日常生活,term,お会計する,お会計する,お金を払う,言い換えポイント: 漢語→和語; 場面: 商店・商業施設,False,False
14,愛知県,やさしい日本語の手引き,,日常生活,term,会計はご一緒ですか?,会計はご一緒ですか?,一人ずつ払いますか？,言い換えポイント: 漢語→和語; 場面: 商店・商業施設,False,False
14,愛知県,やさしい日本語の手引き,,防災,term,大雨,大雨,雨がたくさん降る,言い換えポイント: 漢語→和語; 場面: 緊急,False,False
14,愛知県,やさしい日本語の手引き,,防災,term,津波,津波,大きい波,言い換えポイント: 専門用語→日常語; 場面: 緊急,False,False
14,愛知県,やさしい日本語の手引き,,防災,term,高台,高台,高いところ,言い換えポイント: 漢語→和語; 場面: 緊急,False,False
14,愛知県,やさしい日本語の手引き,,防災,term,避難する,避難する,逃げる,言い換えポイント: 漢語→和語; 場面: 緊急,False,False
14,愛知県,やさしい日本語の手引き,,防災,term,河川の増水,河川の増水,川の水が増える,言い換えポイント: 漢語→和語; 場面: 緊急,False,False
14,愛知県,やさしい日本語の手引き,,防災,term,床上浸水,床上浸水,家の中に水が(たくさん)入る,言い換えポイント: 専門用語→日常語; 場面: 緊急,False,False
14,愛知県,やさしい日本語の手引き,,防災,term,崩壊する,崩壊する,壊れる,言い換えポイント: 漢語→和語; 場面: 緊急,False,False
14,愛知県,やさしい日本語の手引き,,防災,term,至急,至急,急いで／早く,言い換えポイント: 漢語→和語; 場面: 緊急,False,False
14,愛知県,やさしい日本語の手引き,,防災,term,行方不明,行方不明,どこにいるかわからない,言い換えポイント: 専門用語→日常語; 場面: 緊急,False,False
14,愛知県,やさしい日本語の手引き,,防災,term,負傷者,負傷者,ケガをした人,言い換えポイント: 専門用語→日常語; 場面: 緊急,False,False
14,愛知県,やさしい日本語の手引き,,日常生活,term,お引き出し,お引き出し,お金を出す,言い換えポイント: 専門用語→日常語; 場面: その他1,False,False
14,愛知県,やさしい日本語の手引き,,日常生活,term,口座を開設する,口座を開設する,通帳をつくる,言い換えポイント: 専門用語→日常語; 場面: その他1,False,False
14,愛知県,やさしい日本語の手引き,,日常生活,term,故障する,故障する,壊れる,言い換えポイント: 漢語→和語; 場面: その他1,False,False
14,愛知県,やさしい日本語の手引き,,日常生活,term,速達,速達,早く届く,言い換えポイント: 専門用語→日常語; 場面: その他1,False,False
14,愛知県,やさしい日本語の手引き,,日常生活,term,修理する,修理する,直す,言い換えポイント: 漢語→和語; 場面: その他1,False,False
14,愛知県,やさしい日本語の手引き,,日常生活,term,無料,無料,タダ,言い換えポイント: 漢語→和語; 場面: その他1,False,False
14,愛知県,やさしい日本語の手引き,,日常生活,term,入荷待ち,入荷待ち,今、ありません。○日ごろ来ます。,言い換えポイント: 具体的な日時を示す; 場面: その他1,False,False
14,愛知県,やさしい日本語の手引き,,日常生活,term,見積もり,見積もり,いくらになるか調べる,言い換えポイント: 専門用語→日常語; 場面: その他1,False,False
14,愛知県,やさしい日本語の手引き,,日常生活,term,返却する,返却する,(借りた物を)返す,言い換えポイント: 漢語→和語; 場面: その他1,False,False
14,愛知県,やさしい日本語の手引き,,日常生活,term,返品する,返品する,(買った物を)返す,言い換えポイント: 漢語→和語; 場面: その他1,False,False
14,愛知県,やさしい日本語の手引き,,日常生活,term,お召し上がり,お召し上がり,食べる,言い換えポイント: 敬語→普通語; 場面: その他2,False,False
14,愛知県,やさしい日本語の手引き,,日常生活,term,お持ち帰り,お持ち帰り,持って帰る,言い換えポイント: 敬語→普通語; 場面: その他2,False,False
14,愛知県,やさしい日本語の手引き,,日常生活,term,ラストオーダーです,ラストオーダーです,注文は最後です,言い換えポイント: カタカナ語→和語; 場面: その他2,False,False
14,愛知県,やさしい日本語の手引き,,日常生活,term,ご利用時間,ご利用時間,～する時間,言い換えポイント: 漢語→和語; 場面: その他2,False,False
14,愛知県,やさしい日本語の手引き,,日常生活,term,新築,新築,新しい(家),言い換えポイント: 専門用語→日常語; 場面: その他2,False,False
14,愛知県,やさしい日本語の手引き,,日常生活,term,徒歩,徒歩,歩いて,言い換えポイント: 漢語→和語; 場面: その他2,False,False
14,愛知県,やさしい日本語の手引き,,日常生活,term,満席,満席,(人が)いっぱい,言い換えポイント: 漢語→和語; 場面: その他2,False,False
14,愛知県,やさしい日本語の手引き,,日常生活,term,不要,不要,いらない,言い換えポイント: 漢語→和語; 場面: その他2,False,False
14,愛知県,やさしい日本語の手引き,,日常生活,term,ロック(飲み物),ロック(飲み物),氷を入れる,言い換えポイント: 専門用語→日常語; 場面: その他2,False,False
14,愛知県,やさしい日本語の手引き,,日常生活,term,水割り,水割り,氷と水を入れる,言い換えポイント: 専門用語→日常語; 場面: その他2,False,False
14,愛知県,やさしい日本語の手引き,,日常生活,term,ご出身は?,ご出身は?,国はどこですか？,言い換えポイント: 敬語→普通語; 場面: 自己紹介,False,False
14,愛知県,やさしい日本語の手引き,,日常生活,term,おいくつですか?,おいくつですか?,何歳ですか？,言い換えポイント: 敬語→普通語; 場面: 自己紹介,False,False
14,愛知県,やさしい日本語の手引き,,日常生活,term,どちらにお勤めですか?,どちらにお勤めですか?,会社の名前は？,言い換えポイント: 敬語→普通語; 場面: 自己紹介,False,False
14,愛知県,やさしい日本語の手引き,,日常生活,term,近所,近所,近く,言い換えポイント: 漢語→和語; 場面: 自己紹介,False,False
14,愛知県,やさしい日本語の手引き,,日常生活,term,こちら,こちら,ここ,言い換えポイント: 敬語→普通語; 場面: 自己紹介,False,False
14,愛知県,やさしい日本語の手引き,,日常生活,term,～の方（かた）,～の方（かた）,～の人（ひと）,言い換えポイント: 敬語→普通語; 場面: 自己紹介,False,False
14,愛知県,やさしい日本語の手引き,,日常生活,term,新婚,新婚,最近、結婚した,言い換えポイント: 漢語→和語; 場面: 自己紹介,False,False
14,愛知県,やさしい日本語の手引き,,日常生活,term,けっこうです,けっこうです,いりません,言い換えポイント: 複数の意味→1つの意味; 場面: 自己紹介,False,False
14,愛知県,やさしい日本語の手引き,,日常生活,term,～と申します,～と申します,～です,言い換えポイント: 敬語→普通語; 場面: 自己紹介,False,False
14,愛知県,やさしい日本語の手引き,,日常生活,term,失礼します,失礼します,さようなら,言い換えポイント: 複数の意味→1つの意味; 場面: 自己紹介,False,False
14,愛知県,やさしい日本語の手引き,,日常生活,term,ご主人,ご主人,旦那さん,言い換えポイント: 敬語→普通語; 場面: 家族,False,False
14,愛知県,やさしい日本語の手引き,,日常生活,term,ご両親,ご両親,お父さんとお母さん,言い換えポイント: 敬語→普通語; 場面: 家族,False,False
14,愛知県,やさしい日本語の手引き,,日常生活,term,甥・姪,甥・姪,お兄さん(弟)/お姉さん(妹)の子ども,言い換えポイント: 家族関係は1等身ずつ表す; 場面: 家族,False,False
14,愛知県,やさしい日本語の手引き,,日常生活,term,お子さん,お子さん,子ども,言い換えポイント: 敬語→普通語; 場面: 家族,False,False
14,愛知県,やさしい日本語の手引き,,日常生活,term,義理の父／母,義理の父／母,旦那さん/奥さんのお父さん/お母さん,言い換えポイント: 家族関係は1等身ずつ表す; 場面: 家族,False,False
14,愛知県,やさしい日本語の手引き,,日常生活,term,お坊ちゃん／お嬢ちゃん,お坊ちゃん／お嬢ちゃん,男の子／女の子,言い換えポイント: 敬語→普通語; 場面: 家族,False,False
14,愛知県,やさしい日本語の手引き,,日常生活,term,独身／未婚,独身／未婚,結婚していない,言い換えポイント: 漢語→和語; 場面: 家族,False,False
14,愛知県,やさしい日本語の手引き,,日常生活,term,既婚,既婚,結婚している,言い換えポイント: 漢語→和語; 場面: 家族,False,False
14,愛知県,やさしい日本語の手引き,,日常生活,term,一人暮らし,一人暮らし,一人で住んでいる,言い換えポイント: 専門用語→日常語; 場面: 家族,False,False
14,愛知県,やさしい日本語の手引き,,日常生活,term,同居する,同居する,一緒に住む,言い換えポイント: 漢語→和語; 場面: 家族,False,False
14,愛知県,やさしい日本語の手引き,,日常生活,term,マイホーム,マイホーム,自分の家,言い換えポイント: カタカナ語→和語; 場面: 住居,False,False
14,愛知県,やさしい日本語の手引き,,日常生活,term,和室,和室,畳の部屋,言い換えポイント: 専門用語→日常語; 場面: 住居,False,False
14,愛知県,やさしい日本語の手引き,,日常生活,term,最寄り駅,最寄り駅,いちばん近い駅,言い換えポイント: 専門用語→日常語; 場面: 住居,False,False
14,愛知県,やさしい日本語の手引き,,日常生活,term,賃貸,賃貸,借りている家,言い換えポイント: 専門用語→日常語; 場面: 住居,False,False
14,愛知県,やさしい日本語の手引き,,日常生活,term,分譲,分譲,買った家,言い換えポイント: 専門用語→日常語; 場面: 住居,False,False
14,愛知県,やさしい日本語の手引き,,日常生活,term,お宅,お宅,家,言い換えポイント: 敬語→日常語; 場面: 住居,False,False
14,愛知県,やさしい日本語の手引き,,日常生活,term,駐輪場,駐輪場,自転車を止めるところ,言い換えポイント: 漢語→和語; 場面: 住居,False,False
14,愛知県,やさしい日本語の手引き,,日常生活,term,可燃ごみ,可燃ごみ,燃えるごみ,言い換えポイント: 専門用語→日常語; 場面: 住居,False,False
14,愛知県,やさしい日本語の手引き,,日常生活,term,不燃ごみ,不燃ごみ,燃えないごみ,言い換えポイント: 専門用語→日常語; 場面: 住居,False,False
14,愛知県,やさしい日本語の手引き,,日常生活,term,粗大ごみ,粗大ごみ,イスや机など大きいごみ,言い換えポイント: 具体例を示す; 場面: 住居,False,False
14,愛知県,やさしい日本語の手引き,,日常生活,term,手作り,手作り,自分で作る,言い換えポイント: 慣用表現→日常語; 場面: 趣味,False,False
14,愛知県,やさしい日本語の手引き,,日常生活,term,ウォーキング,ウォーキング,歩く,言い換えポイント: カタカナ語→和語; 場面: 趣味,False,False
14,愛知県,やさしい日本語の手引き,,日常生活,term,趣味,趣味,好きなこと,言い換えポイント: 漢語→和語; 場面: 趣味,False,False
14,愛知県,やさしい日本語の手引き,,日常生活,term,ダイエット,ダイエット,体を細くするための運動,言い換えポイント: カタカナ語→和語; 場面: 趣味,False,False
14,愛知県,やさしい日本語の手引き,,日常生活,term,(レンジで)チンする,(レンジで)チンする,(レンジで)温める,言い換えポイント: 擬音語→普通語; 場面: 趣味,False,False
14,愛知県,やさしい日本語の手引き,,日常生活,term,ファン,ファン,好き,言い換えポイント: カタカナ語→和語; 場面: 趣味,False,False
14,愛知県,やさしい日本語の手引き,,日常生活,term,流行っている,流行っている,今、人気がある,言い換えポイント: 俗語→普通語; 場面: 趣味,False,False
14,愛知県,やさしい日本語の手引き,,日常生活,term,J-POP,J-POP,日本の歌,言い換えポイント: 流行語・若者言葉→日常語; 場面: 趣味,False,False
14,愛知県,やさしい日本語の手引き,,日常生活,term,韓流ドラマ,韓流ドラマ,韓国のテレビドラマ,言い換えポイント: 流行語・若者言葉→日常語; 場面: 趣味,False,False
14,愛知県,やさしい日本語の手引き,,日常生活,term,登山,登山,山に登る,言い換えポイント: 漢語→和語; 場面: 趣味,False,False
14,愛知県,やさしい日本語の手引き,,日常生活,term,ツーロック,ツーロック,鍵を2つかける,言い換えポイント: 専門用語→普通語; 場面: 交通,False,False
14,愛知県,やさしい日本語の手引き,,日常生活,term,車校,車校,自動車学校,言い換えポイント: 略語→元の言葉; 場面: 交通,False,False
14,愛知県,やさしい日本語の手引き,,日常生活,term,運賃,運賃,電車やバスのお金,言い換えポイント: 漢語→和語; 場面: 交通,False,False
14,愛知県,やさしい日本語の手引き,,日常生活,term,前払い,前払い,先にお金を払う,言い換えポイント: 専門用語→普通語; 場面: 交通,False,False
14,愛知県,やさしい日本語の手引き,,日常生活,term,ひったくり,ひったくり,歩いている人の鞄を盗む,言い換えポイント: 専門用語→普通語; 場面: 交通,False,False
14,愛知県,やさしい日本語の手引き,,日常生活,term,公共交通機関,公共交通機関,電車やバス,言い換えポイント: 具体例を示す; 場面: 交通,False,False
14,愛知県,やさしい日本語の手引き,,日常生活,term,ニケツ,ニケツ,二人で乗る,言い換えポイント: 若者言葉→普通語; 場面: 交通,False,False
14,愛知県,やさしい日本語の手引き,,日常生活,term,飲酒運転,飲酒運転,お酒を飲んで運転する,言い換えポイント: 漢語→和語; 場面: 交通,False,False
14,愛知県,やさしい日本語の手引き,,日常生活,term,注意する,注意する,気をつける,言い換えポイント: 漢語→和語; 場面: 交通,False,False
14,愛知県,やさしい日本語の手引き,,日常生活,term,～の向かいにある,～の向かいにある,～の前にある,言い換えポイント: 前後左右のいずれかで示す; 場面: 交通,False,False
14,愛知県,やさしい日本語の手引き,,日常生活,term,清掃活動,清掃活動,掃除する,言い換えポイント: 漢語→和語; 場面: 自治会・町内会,False,False
14,愛知県,やさしい日本語の手引き,,日常生活,term,出店する,出店する,店を出す,言い換えポイント: 漢語→和語; 場面: 自治会・町内会,False,False
14,愛知県,やさしい日本語の手引き,,日常生活,term,バザー,バザー,(家にある)物を売る,言い換えポイント: カタカナ語→和語; 場面: 自治会・町内会,False,False
14,愛知県,やさしい日本語の手引き,,日常生活,term,加入する,加入する,入る,言い換えポイント: 漢語→和語; 場面: 自治会・町内会,False,False
14,愛知県,やさしい日本語の手引き,,日常生活,term,必須,必須,必ず,言い換えポイント: 漢語→和語; 場面: 自治会・町内会,False,False
14,愛知県,やさしい日本語の手引き,,日常生活,term,回収する,回収する,もらう／集める,言い換えポイント: 漢語→和語; 場面: 自治会・町内会,False,False
14,愛知県,やさしい日本語の手引き,,日常生活,term,行事,行事,お祭りや運動会などのイベント,言い換えポイント: 具体例を示す; 場面: 自治会・町内会,False,False
14,愛知県,やさしい日本語の手引き,,日常生活,term,～を回す,～を回す,～を渡す,言い換えポイント: 複数の意味→1つの意味; 場面: 自治会・町内会,False,False
14,愛知県,やさしい日本語の手引き,,日常生活,term,委員,委員,～する人（係）,言い換えポイント: 漢語→和語; 場面: 自治会・町内会,False,False
14,愛知県,やさしい日本語の手引き,,日常生活,term,ペット,ペット,犬や猫などの動物,言い換えポイント: 具体例を示す; 場面: 自治会・町内会,False,False
14,愛知県,やさしい日本語の手引き,,日常生活,term,ベジタリアン,ベジタリアン,野菜だけ食べる人,言い換えポイント: カタカナ語→和語; 場面: 食べ物,False,False
14,愛知県,やさしい日本語の手引き,,日常生活,term,口にあう,口にあう,美味しい／好き,言い換えポイント: 慣用表現→普通語; 場面: 食べ物,False,False
14,愛知県,やさしい日本語の手引き,,日常生活,term,名産,名産,有名な食べ物,言い換えポイント: 漢語→和語; 場面: 食べ物,False,False
14,愛知県,やさしい日本語の手引き,,日常生活,term,主食,主食,いつも食べる物,言い換えポイント: 漢語→和語; 場面: 食べ物,False,False
14,愛知県,やさしい日本語の手引き,,日常生活,term,ヘルシー,ヘルシー,体に良い,言い換えポイント: カタカナ語→和語; 場面: 食べ物,False,False
14,愛知県,やさしい日本語の手引き,,日常生活,term,好き嫌い,好き嫌い,好きな食べ物、嫌いな食べ物,言い換えポイント: 複数の意味→1つの意味; 場面: 食べ物,False,False
14,愛知県,やさしい日本語の手引き,,日常生活,term,消費期限,消費期限,○○まで食べても大丈夫,言い換えポイント: 専門用語→普通語; 場面: 食べ物,False,False
14,愛知県,やさしい日本語の手引き,,日常生活,term,新鮮,新鮮,新しい,言い換えポイント: 漢語→和語; 場面: 食べ物,False,False
14,愛知県,やさしい日本語の手引き,,日常生活,term,味付け,味付け,甘い、辛い、すっぱい,言い換えポイント: 具体例を示す; 場面: 食べ物,False,False
14,愛知県,やさしい日本語の手引き,,日常生活,term,旬,旬,今がいちばん美味しい,言い換えポイント: 漢語→和語; 場面: 食べ物,False,False
17,岡山県,やさしい日本語の手引き,,防災,sentence,台風が接近しています,台風が接近しています,台風が近づいています,,False,False
17,岡山県,やさしい日本語の手引き,,防災,sentence,暴風が吹きます,暴風が吹きます,すごい風がふきます,,False,False
17,岡山県,やさしい日本語の手引き,,防災,sentence,豪雨が降ります,豪雨が降ります,たくさんの雨が降ります,,False,False
17,岡山県,やさしい日本語の手引き,,防災,sentence,土砂崩れに注意,土砂崩れに注意,山から土や石が一度にたくさん落ちてきます。気をつけてください,,False,False
17,岡山県,やさしい日本語の手引き,,防災,sentence,洪水の危険があります,洪水の危険があります,大雨で川の水が多くなります,,False,False
17,岡山県,やさしい日本語の手引き,,防災,sentence,浸水のおそれがあります,浸水のおそれがあります,建物へ水が入ります,,False,False
17,岡山県,やさしい日本語の手引き,,防災,sentence,停電が発生する可能性があります,停電が発生する可能性があります,電気が停まるかもしれません,,False,False
17,岡山県,やさしい日本語の手引き,,防災,sentence,断水になるかもしれません,断水になるかもしれません,水道で水が出なくなるかもしれません,,False,False
17,岡山県,やさしい日本語の手引き,,防災,sentence,被害が出るおそれがあります,被害が出るおそれがあります,困ったことが起こるかもしれません,,False,False
17,岡山県,やさしい日本語の手引き,,防災,sentence,運行を見合わせています,運行を見合わせています,（電車/バスが）止まりました,,False,False
17,岡山県,やさしい日本語の手引き,,防災,sentence,航空便が欠航しました,航空便が欠航しました,飛行機が飛びません,,False,False
17,岡山県,やさしい日本語の手引き,,防災,sentence,警戒してください,警戒してください,気をつけてください,,False,False
17,岡山県,やさしい日本語の手引き,,防災,sentence,死者・行方不明者が出ました,死者・行方不明者が出ました,死んだ人、どこにいるのかわからない人がいます,,False,False
17,岡山県,やさしい日本語の手引き,,防災,sentence,食器が落下・転倒して危険です,食器が落下・転倒して危険です,お皿やコップが落ちて倒れて危ないです,,False,False
17,岡山県,やさしい日本語の手引き,,防災,sentence,ガスの元栓を閉めてください,ガスの元栓を閉めてください,ガスの栓を閉めてください,,False,False
17,岡山県,やさしい日本語の手引き,,防災,sentence,余震に注意してください,余震に注意してください,後からくる地震に気をつけてください,,False,False
17,岡山県,やさしい日本語の手引き,,防災,sentence,震度○の地震がありました,震度○の地震がありました,地震の大きさが○の地震がありました,,False,False
17,岡山県,やさしい日本語の手引き,,防災,sentence,震源地は○○です,震源地は○○です,地震の中心は○○です,,False,False
17,岡山県,やさしい日本語の手引き,,防災,sentence,津波警報が出ています,津波警報が出ています,津波がくるかもしれません,,False,False
17,岡山県,やさしい日本語の手引き,,防災,sentence,高台に避難しましょう,高台に避難しましょう,高い所に逃げましょう,,False,False
17,岡山県,やさしい日本語の手引き,,防災,sentence,貴重品を携帯してください,貴重品を携帯してください,お金や大切なものを持ってください,,False,False
17,岡山県,やさしい日本語の手引き,,防災,sentence,常備薬を持ってください,常備薬を持ってください,いつも使っている薬を持ってください,,False,False
17,岡山県,やさしい日本語の手引き,,防災,sentence,至急避難してください,至急避難してください,すぐに逃げてください,,False,False
17,岡山県,やさしい日本語の手引き,,防災,sentence,デマに注意してください,デマに注意してください,うその情報に気をつけてください,,False,False
17,岡山県,やさしい日本語の手引き,,その他,term,召し上がる,召し上がる,食べる,場面: 敬語,False,False
17,岡山県,やさしい日本語の手引き,,その他,term,参る,参る,行く,場面: 敬語,False,False
17,岡山県,やさしい日本語の手引き,,その他,term,申す,申す,言う,場面: 敬語,False,False
17,岡山県,やさしい日本語の手引き,,医療,term,初診,初診,初めて診察を受ける,場面: 病気,False,False
17,岡山県,やさしい日本語の手引き,,医療,term,再診,再診,2回目以降診察を受ける,場面: 病気,False,False
17,岡山県,やさしい日本語の手引き,,医療,term,横になってください,横になってください,寝てください,場面: 病気,False,False
17,岡山県,やさしい日本語の手引き,,医療,term,精密検査,精密検査,詳しい検査,場面: 病気,False,False
17,岡山県,やさしい日本語の手引き,,医療,term,悪化する,悪化する,もっと悪くなる,場面: 病気,False,False
17,岡山県,やさしい日本語の手引き,,医療,term,服用する,服用する,飲む,場面: 病気,False,False
17,岡山県,やさしい日本語の手引き,,その他,term,盗難,盗難,物を盗まれる,場面: 事件・事故,False,False
17,岡山県,やさしい日本語の手引き,,その他,term,重傷,重傷,大きなけがをする,場面: 事件・事故,False,False
17,岡山県,やさしい日本語の手引き,,その他,term,出血,出血,血が出る,場面: 事件・事故,False,False
17,岡山県,やさしい日本語の手引き,,その他,term,骨折,骨折,骨が折れている,場面: 事件・事故,False,False
17,岡山県,やさしい日本語の手引き,,その他,term,救助,救助,助ける,場面: 事件・事故,False,False
17,岡山県,やさしい日本語の手引き,,その他,term,応急手当・応急措置,応急手当・応急措置,すぐに行う手当て,場面: 事件・事故,False,False
17,岡山県,やさしい日本語の手引き,,その他,term,救急車,救急車,けがをした人を乗せて病院に行く車,場面: 事件・事故,False,False
17,岡山県,やさしい日本語の手引き,,その他,term,治療,治療,病気を治す・手当する,場面: 事件・事故,False,False
17,岡山県,やさしい日本語の手引き,,その他,term,呼吸,呼吸,息,場面: 事件・事故,False,False
17,岡山県,やさしい日本語の手引き,,その他,term,通報する,通報する,連絡する,場面: 事件・事故,False,False
17,岡山県,やさしい日本語の手引き,,その他,term,現在地,現在地,今いる所,場面: 事件・事故,False,False
18,京都市,分かりやすく伝えるための手引き,,行政手続,term,出身,出身,国,解答例,False,False
18,京都市,分かりやすく伝えるための手引き,,行政手続,term,記載,記載,書く,解答例,False,False
18,京都市,分かりやすく伝えるための手引き,,行政手続,term,申請,申請,申し込む,解答例,False,False
18,京都市,分かりやすく伝えるための手引き,,行政手続,term,押印,押印,はんこを押す,解答例,False,False
18,京都市,分かりやすく伝えるための手引き,,行政手続,term,ルール,ルール,決まっていること,解答例,False,False
18,京都市,分かりやすく伝えるための手引き,,行政手続,term,雨天決行,雨天決行,雨が降ってもやります,解答例,False,False
18,京都市,分かりやすく伝えるための手引き,,行政手続,term,ご利用ください,ご利用ください,使ってください,解答例,False,False
18,京都市,分かりやすく伝えるための手引き,,行政手続,term,拝見します,拝見します,見せてください,解答例,False,False
18,京都市,分かりやすく伝えるための手引き,,行政手続,sentence,お名前と生年月日をご記入ください,お名前と生年月日をご記入ください,名前と誕生日を書いてください,解答例,False,False
18,京都市,分かりやすく伝えるための手引き,,行政手続,sentence,こちらに届出していただく必要があります,こちらに届出していただく必要があります,届出してください。届出は○○です,解答例,False,False
18,京都市,分かりやすく伝えるための手引き,,行政手続,sentence,引越しされた場合は届出が必要になります,引越しされた場合は届出が必要になります,引越しをしたときは届出をしてください,解答例,False,False
18,京都市,分かりやすく伝えるための手引き,,行政手続,sentence,該当する□にチェックしてください,該当する□にチェックしてください,合っているところに✓を書いてください,解答例,False,False
18,京都市,分かりやすく伝えるための手引き,,行政手続,sentence,この届出は、届出人本人が届出することを原則とします,この届出は、届出人本人が届出することを原則とします,届出は自分でしてください,解答例,False,False
18,京都市,分かりやすく伝えるための手引き,,行政手続,term,写し,写し,コピー,場面: 役所,False,False
18,京都市,分かりやすく伝えるための手引き,,行政手続,term,押印,押印,はんこを押す,場面: 役所,False,False
18,京都市,分かりやすく伝えるための手引き,,行政手続,term,還付,還付,還付(お金が戻ってくること),場面: 役所,True,False
18,京都市,分かりやすく伝えるための手引き,,行政手続,term,届出,届出,届出,場面: 役所,True,False
18,京都市,分かりやすく伝えるための手引き,,行政手続,term,記入する,記入する,書く,場面: 役所,False,False
18,京都市,分かりやすく伝えるための手引き,,行政手続,term,更新する,更新する,新しくする,場面: 役所,False,False
18,京都市,分かりやすく伝えるための手引き,,行政手続,term,ご用件は何ですか？,ご用件は何ですか？,どうしましたか？,場面: 役所,False,False
18,京都市,分かりやすく伝えるための手引き,,行政手続,term,支援,支援,困っていることを手伝うこと,場面: 役所,False,False
18,京都市,分かりやすく伝えるための手引き,,行政手続,term,事前,事前,(～する)前に,場面: 役所,False,False
18,京都市,分かりやすく伝えるための手引き,,行政手続,term,時点,時点,○月○日,場面: 役所,False,False
18,京都市,分かりやすく伝えるための手引き,,行政手続,term,少々お待ちください,少々お待ちください,少し待ってください,場面: 役所,False,False
18,京都市,分かりやすく伝えるための手引き,,行政手続,term,申請,申請,申し込む,場面: 役所,False,False
18,京都市,分かりやすく伝えるための手引き,,行政手続,term,相談窓口,相談窓口,相談するところ/相談できるところ,場面: 役所,False,False
18,京都市,分かりやすく伝えるための手引き,,行政手続,term,問い合わせ先,問い合わせ先,問い合わせ先(分からないことを質問するところ),場面: 役所,True,False
18,京都市,分かりやすく伝えるための手引き,,行政手続,term,届出人,届出人,届出する人,場面: 役所,False,False
18,京都市,分かりやすく伝えるための手引き,,行政手続,term,届出先,届出先,届出するところ,場面: 役所,False,False
18,京都市,分かりやすく伝えるための手引き,,行政手続,term,納付書,納付書,納付書(税金を払うときに使う紙),場面: 役所,True,False
18,京都市,分かりやすく伝えるための手引き,,行政手続,term,必要書類,必要書類,持ってくるもの,場面: 役所,False,False
18,京都市,分かりやすく伝えるための手引き,,行政手続,term,本人確認できる物,本人確認できる物,車の免許証、障害者手帳、パスポート、マイナンバーカード,場面: 役所,False,False
18,京都市,分かりやすく伝えるための手引き,,行政手続,term,返却,返却,返す,場面: 役所,False,False
18,京都市,分かりやすく伝えるための手引き,,行政手続,term,免除,免除,いらなくなる/しなくてもよくなる,場面: 役所,False,False
18,京都市,分かりやすく伝えるための手引き,,行政手続,term,申し込みが必要です,申し込みが必要です,申し込んでください,場面: 役所,False,False
18,京都市,分かりやすく伝えるための手引き,,行政手続,term,優先,優先,(ほかのものより)先にすること,場面: 役所,False,False
18,京都市,分かりやすく伝えるための手引き,,行政手続,term,ルール,ルール,決まっていること,場面: 役所,False,False
18,京都市,分かりやすく伝えるための手引き,,行政手続,term,連絡先,連絡先,連絡するところ,場面: 役所,False,False
18,京都市,分かりやすく伝えるための手引き,,日常生活,term,運休,運休,電車/バスが動かない,場面: 公共交通,False,False
18,京都市,分かりやすく伝えるための手引き,,日常生活,term,運賃,運賃,電車やバスのお金,場面: 公共交通,False,False
18,京都市,分かりやすく伝えるための手引き,,日常生活,term,往復,往復,行く時と帰る時,場面: 公共交通,False,False
18,京都市,分かりやすく伝えるための手引き,,日常生活,term,片道,片道,行く時だけ,場面: 公共交通,False,False
18,京都市,分かりやすく伝えるための手引き,,日常生活,term,切符を拝見します,切符を拝見します,切符を見せてください,場面: 公共交通,False,False
18,京都市,分かりやすく伝えるための手引き,,日常生活,term,携帯電話をマナーモードにする,携帯電話をマナーモードにする,携帯電話の音が出ないようにする,場面: 公共交通,False,False
18,京都市,分かりやすく伝えるための手引き,,日常生活,term,公共交通機関,公共交通機関,電車やバス,場面: 公共交通,False,False
18,京都市,分かりやすく伝えるための手引き,,日常生活,term,指定席,指定席,予約がいるところ,場面: 公共交通,False,False
18,京都市,分かりやすく伝えるための手引き,,日常生活,term,自由席,自由席,予約がいらないところ,場面: 公共交通,False,False
18,京都市,分かりやすく伝えるための手引き,,日常生活,term,ダイヤが乱れる,ダイヤが乱れる,電車/バスの時間が変わる,場面: 公共交通,False,False
18,京都市,分かりやすく伝えるための手引き,,日常生活,term,前払い,前払い,先にお金を払う,場面: 公共交通,False,False
18,京都市,分かりやすく伝えるための手引き,,日常生活,term,優先席,優先席,おじいさん・おばあさん、病気の人、障害のある人などが座るところ,場面: 公共交通,False,False
18,京都市,分かりやすく伝えるための手引き,,医療,term,悪化する,悪化する,もっと悪くなる,場面: 病院,False,False
18,京都市,分かりやすく伝えるための手引き,,医療,term,お大事にしてください,お大事にしてください,体に気をつけてください,場面: 病院,False,False
18,京都市,分かりやすく伝えるための手引き,,医療,term,食後,食後,ご飯を食べたあと,場面: 病院,False,False
18,京都市,分かりやすく伝えるための手引き,,医療,term,食間,食間,ご飯を食べてから2時間後,場面: 病院,False,False
18,京都市,分かりやすく伝えるための手引き,,医療,term,初診,初診,初めて（1回目）,場面: 病院,False,False
18,京都市,分かりやすく伝えるための手引き,,医療,term,精密検査,精密検査,詳しい検査,場面: 病院,False,False
18,京都市,分かりやすく伝えるための手引き,,医療,term,問診票,問診票,(実物を見せて)この紙,場面: 病院,False,False
18,京都市,分かりやすく伝えるための手引き,,医療,term,横になってください,横になってください,寝てください,場面: 病院,False,False
18,京都市,分かりやすく伝えるための手引き,,医療,term,予防接種,予防接種,予防接種(病気にならないための注射),場面: 病院,True,False
18,京都市,分かりやすく伝えるための手引き,,教育,term,学級閉鎖,学級閉鎖,(病気の子どもが多いので)休み,場面: 学校,False,False
18,京都市,分かりやすく伝えるための手引き,,教育,term,下校,下校,(学校から)家に帰る,場面: 学校,False,False
18,京都市,分かりやすく伝えるための手引き,,教育,term,欠席する,欠席する,休む,場面: 学校,False,False
18,京都市,分かりやすく伝えるための手引き,,教育,term,三者面談,三者面談,家族の人と○○さん(子ども)と私(先生)と3人で話す,場面: 学校,False,False
18,京都市,分かりやすく伝えるための手引き,,教育,term,授業参観,授業参観,授業の様子を見る,場面: 学校,False,False
18,京都市,分かりやすく伝えるための手引き,,教育,term,体調が悪い,体調が悪い,元気がない,場面: 学校,False,False
18,京都市,分かりやすく伝えるための手引き,,教育,term,担任,担任,○○さんの先生,場面: 学校,False,False
18,京都市,分かりやすく伝えるための手引き,,教育,term,登校,登校,学校に来る/行く,場面: 学校,False,False
18,京都市,分かりやすく伝えるための手引き,,教育,term,弁当持参,弁当持参,お弁当(食事)を持ってくる,場面: 学校,False,False
18,京都市,分かりやすく伝えるための手引き,,防災,term,危ない場所から離れてください,危ない場所から離れてください,物が落ちるところから離れてください/物が倒れるところから離れてください,場面: 緊急・災害,False,False
18,京都市,分かりやすく伝えるための手引き,,防災,term,大津波警報,大津波警報,大津波警報(津波のお知らせ)【音声】大きい津波がきます,場面: 緊急・災害,True,False
18,京都市,分かりやすく伝えるための手引き,,防災,term,(津波注意報の)解除,解除,津波はきません,場面: 緊急・災害,False,False
18,京都市,分かりやすく伝えるための手引き,,防災,term,河川の増水,河川の増水,川の水が増える,場面: 緊急・災害,False,False
18,京都市,分かりやすく伝えるための手引き,,防災,term,緊急地震速報,緊急地震速報,緊急地震速報(地震のお知らせ)【音声】地震がきます,場面: 緊急・災害,True,False
18,京都市,分かりやすく伝えるための手引き,,防災,term,(警報から注意報への)切り替え,切り替え,新しいお知らせ,場面: 緊急・災害,False,False
18,京都市,分かりやすく伝えるための手引き,,防災,term,故障,故障,壊れる,場面: 緊急・災害,False,False
18,京都市,分かりやすく伝えるための手引き,,防災,term,至急,至急,急いで/早く,場面: 緊急・災害,False,False
18,京都市,分かりやすく伝えるための手引き,,防災,term,高台,高台,高いところ,場面: 緊急・災害,False,False
18,京都市,分かりやすく伝えるための手引き,,防災,term,避難する,避難する,逃げる,場面: 緊急・災害,False,False
18,京都市,分かりやすく伝えるための手引き,,防災,term,避難所,避難所,避難所(逃げるところ),場面: 緊急・災害,True,False
18,京都市,分かりやすく伝えるための手引き,,防災,term,負傷者,負傷者,ケガをした人,場面: 緊急・災害,False,False
18,京都市,分かりやすく伝えるための手引き,,防災,term,床上浸水,床上浸水,家の中に水が(たくさん)はいる,場面: 緊急・災害,False,False
18,京都市,分かりやすく伝えるための手引き,,防災,term,揺れがおさまるまで身を守ってください,揺れがおさまるまで身を守ってください,地震が止まるまで頭を守ってください,場面: 緊急・災害,False,False
18,京都市,分かりやすく伝えるための手引き,,防災,term,余震,余震,余震(あとから来る地震),場面: 緊急・災害,True,False
18,京都市,分かりやすく伝えるための手引き,,その他,term,空き巣,空き巣,留守の家に泥棒が入る,場面: 警察,False,False
18,京都市,分かりやすく伝えるための手引き,,その他,term,財布を紛失する,財布を紛失する,財布をなくす,場面: 警察,False,False
18,京都市,分かりやすく伝えるための手引き,,その他,term,駐車禁止,駐車禁止,駐車禁止(車を止めたらダメ),場面: 警察,True,False
18,京都市,分かりやすく伝えるための手引き,,その他,term,通報する,通報する,連絡する/電話する,場面: 警察,False,False
18,京都市,分かりやすく伝えるための手引き,,その他,term,罰金,罰金,(罰として)お金を払う,場面: 警察,False,False
18,京都市,分かりやすく伝えるための手引き,,その他,term,110番(ひゃくとおばん),110番,警察/110(いちいちぜろ),場面: 警察,False,False
18,京都市,分かりやすく伝えるための手引き,,その他,term,ポイ捨て,ポイ捨て,道にゴミを捨てる,場面: 警察,False,False
18,京都市,分かりやすく伝えるための手引き,,その他,term,目撃する,目撃する,見る,場面: 警察,False,False
18,京都市,分かりやすく伝えるための手引き,,その他,term,夜間,夜間,夜,場面: 警察,False,False
18,京都市,分かりやすく伝えるための手引き,,日常生活,term,お会計する,お会計する,お金を払う,場面: 商店・商業施設,False,False
18,京都市,分かりやすく伝えるための手引き,,日常生活,term,会計はご一緒ですか？,会計はご一緒ですか？,ひとりずつ払いますか？,場面: 商店・商業施設,False,False
18,京都市,分かりやすく伝えるための手引き,,日常生活,term,開店/閉店,開店/閉店,店が始まる/店が終わる,場面: 商店・商業施設,False,False
18,京都市,分かりやすく伝えるための手引き,,日常生活,term,禁煙,禁煙,タバコを吸ったらダメ,場面: 商店・商業施設,False,False
18,京都市,分かりやすく伝えるための手引き,,日常生活,term,セルフサービス,セルフサービス,自分でする,場面: 商店・商業施設,False,False
18,京都市,分かりやすく伝えるための手引き,,日常生活,term,定休日,定休日,○曜日は、いつも休み,場面: 商店・商業施設,False,False
18,京都市,分かりやすく伝えるための手引き,,日常生活,term,何かお探しですか？,何かお探しですか？,何が欲しいですか？,場面: 商店・商業施設,False,False
18,京都市,分かりやすく伝えるための手引き,,日常生活,term,満席,満席,(人が)いっぱい,場面: 商店・商業施設,False,False
18,京都市,分かりやすく伝えるための手引き,,日常生活,term,召し上がる,召し上がる,食べる,場面: 商店・商業施設,False,False
18,京都市,分かりやすく伝えるための手引き,,日常生活,term,来店する,来店する,店に来る,場面: 商店・商業施設,False,False
18,京都市,分かりやすく伝えるための手引き,,日常生活,term,ラストオーダー,ラストオーダー,注文できる最後の時間です,場面: 商店・商業施設,False,False
19,入間市,やさしいにほんご いいかえひょう,,,term,～に係る,～に係る,～のことで,,False,False
19,入間市,やさしいにほんご いいかえひょう,,,term,～に鑑み,～に鑑み,～を考えて,,False,False
19,入間市,やさしいにほんご いいかえひょう,,,term,～の旨,～の旨,～の内容,,False,False
19,入間市,やさしいにほんご いいかえひょう,,,term,アクセス,アクセス,交通手段、行き方,,False,False
19,入間市,やさしいにほんご いいかえひょう,,,term,安否,安否,生きているか、けがをしているか、大丈夫か,,False,False
19,入間市,やさしいにほんご いいかえひょう,,,term,一括して,一括して,まとめて,,False,False
19,入間市,やさしいにほんご いいかえひょう,,,term,医薬品,医薬品,薬,,False,False
19,入間市,やさしいにほんご いいかえひょう,,,term,いらっしゃる,いらっしゃる,いる、来る,,False,False
19,入間市,やさしいにほんご いいかえひょう,,,term,医療費,医療費,病気を治す お金、病院に払う お金,,False,False
19,入間市,やさしいにほんご いいかえひょう,,,term,衣類,衣類,服,,False,False
19,入間市,やさしいにほんご いいかえひょう,,,term,引火する,引火する,火がつく,,False,False
19,入間市,やさしいにほんご いいかえひょう,,,term,迂回する,迂回する,別の道を行く、違う道を行く,,False,False
19,入間市,やさしいにほんご いいかえひょう,,,term,延滞,延滞,遅れること,,False,False
19,入間市,やさしいにほんご いいかえひょう,,,term,応急手当,応急手当,簡単な手当,,False,False
19,入間市,やさしいにほんご いいかえひょう,,,term,お宅,お宅,家,,False,False
19,入間市,やさしいにほんご いいかえひょう,,,term,介護,介護,病気の人や年をとった人の世話をすること,,False,False
19,入間市,やさしいにほんご いいかえひょう,,,term,懐中電灯,懐中電灯,手に持つ電気（ライド）,,False,False
19,入間市,やさしいにほんご いいかえひょう,,,term,該当する,該当する,当てはまる、合う,,False,False
19,入間市,やさしいにほんご いいかえひょう,,,term,家屋,家屋,家、建物,,False,False
19,入間市,やさしいにほんご いいかえひょう,,,term,格段の,格段の,特別な、とてもすごい,,False,False
19,入間市,やさしいにほんご いいかえひょう,,,term,確定申告,確定申告,税金を計算する手続き,,False,False
19,入間市,やさしいにほんご いいかえひょう,,,term,確認,確認,よく見る、確かめる,,False,False
19,入間市,やさしいにほんご いいかえひょう,,,term,貸付,貸付,お金を貸すこと,,False,False
19,入間市,やさしいにほんご いいかえひょう,,,term,加入,加入,入る,,False,False
19,入間市,やさしいにほんご いいかえひょう,,,term,可否,可否,できるかできないか,,False,False
19,入間市,やさしいにほんご いいかえひょう,,,term,寡婦,寡婦,夫が死んだ女の人、夫と離婚(夫婦でなくなった)した女の人,,False,False
19,入間市,やさしいにほんご いいかえひょう,,,term,ガラスの破片,ガラスの破片,割れたガラス,,False,False
19,入間市,やさしいにほんご いいかえひょう,,,term,勧奨する,勧奨する,勧める,,False,False
19,入間市,やさしいにほんご いいかえひょう,,,term,危険,危険,危ない,,False,False
19,入間市,やさしいにほんご いいかえひょう,,,term,危険箇所,危険箇所,危ない所,,False,False
19,入間市,やさしいにほんご いいかえひょう,,,term,傷口,傷口,怪我をしている所,,False,False
19,入間市,やさしいにほんご いいかえひょう,,,term,貴重品,貴重品,大切なもの、大事なもの,,False,False
19,入間市,やさしいにほんご いいかえひょう,,,term,記入する,記入する,書く,,False,False
19,入間市,やさしいにほんご いいかえひょう,,,term,技能取得,技能取得,技術を覚える,,False,False
19,入間市,やさしいにほんご いいかえひょう,,,term,救急車,救急車,病気やけがをした人を運ぶ車,,False,False
19,入間市,やさしいにほんご いいかえひょう,,,term,救援する,救援する,助ける,,False,False
19,入間市,やさしいにほんご いいかえひょう,,,term,救助する,救助する,助ける,,False,False
19,入間市,やさしいにほんご いいかえひょう,,,term,給水,給水,水を配ること,,False,False
19,入間市,やさしいにほんご いいかえひょう,,,term,給水車,給水車,水を配る車,,False,False
19,入間市,やさしいにほんご いいかえひょう,,,term,給与,給与,働いてもらうお金,,False,False
19,入間市,やさしいにほんご いいかえひょう,,,term,居住する,居住する,住む,,False,False
19,入間市,やさしいにほんご いいかえひょう,,,term,寄与する,寄与する,役立てる,,False,False
19,入間市,やさしいにほんご いいかえひょう,,,term,禁煙,禁煙,たばこを吸ってはいけません,,False,False
19,入間市,やさしいにほんご いいかえひょう,,,term,緊急時,緊急時,とても危ないとき、助けが必要なとき,,False,False
19,入間市,やさしいにほんご いいかえひょう,,,term,金融機関,金融機関,銀行,,False,False
19,入間市,やさしいにほんご いいかえひょう,,,term,崩れる,崩れる,壊れる,,False,False
19,入間市,やさしいにほんご いいかえひょう,,,term,警戒する,警戒する,気をつける,,False,False
19,入間市,やさしいにほんご いいかえひょう,,,term,軽自動車税,軽自動車税,軽自動車を持っている人が払う税金,,False,False
19,入間市,やさしいにほんご いいかえひょう,,,term,軽傷,軽傷,小さいけが,,False,False
19,入間市,やさしいにほんご いいかえひょう,,,term,怪我人,怪我人,けがをした人,,False,False
19,入間市,やさしいにほんご いいかえひょう,,,term,下校時間,下校時間,学校から帰る時間,,False,False
19,入間市,やさしいにほんご いいかえひょう,,,term,月額,月額,一か月にもらうお金、払うお金,,False,False
19,入間市,やさしいにほんご いいかえひょう,,,term,欠席する,欠席する,休む,,False,False
19,入間市,やさしいにほんご いいかえひょう,,,term,現住所,現住所,今住んでいる所,,False,False
19,入間市,やさしいにほんご いいかえひょう,,,term,厳守する,厳守する,ルールやきまりを必ず守る,,False,False
19,入間市,やさしいにほんご いいかえひょう,,,term,顕著,顕著,明らか,,False,False
19,入間市,やさしいにほんご いいかえひょう,,,term,減免,減免,払うお金を少なくしたり全部なしにすること,,False,False
19,入間市,やさしいにほんご いいかえひょう,,,term,控除,控除,払うお金を少なくすること,,False,False
19,入間市,やさしいにほんご いいかえひょう,,,term,更新する,更新する,新しくする,,False,False
19,入間市,やさしいにほんご いいかえひょう,,,term,交通機関,交通機関,電車、バス、車など,,False,False
19,入間市,やさしいにほんご いいかえひょう,,,term,校庭,校庭,学校で運動をするところ,,False,False
19,入間市,やさしいにほんご いいかえひょう,,,term,購入する,購入する,買う,,False,False
19,入間市,やさしいにほんご いいかえひょう,,,term,交付する,交付する,渡す,,False,False
19,入間市,やさしいにほんご いいかえひょう,,,term,骨折,骨折,骨を折る,,False,False
19,入間市,やさしいにほんご いいかえひょう,,,term,固定資産税,固定資産税,土地や家(建物)の税金,,False,False
19,入間市,やさしいにほんご いいかえひょう,,,term,叫ぶ,叫ぶ,大きい声を出す,,False,False
19,入間市,やさしいにほんご いいかえひょう,,,term,支給する,支給する,渡す、支払う,,False,False
19,入間市,やさしいにほんご いいかえひょう,,,term,資金,資金,お金,,False,False
19,入間市,やさしいにほんご いいかえひょう,,,term,資産,資産,持っているお金や家など,,False,False
19,入間市,やさしいにほんご いいかえひょう,,,term,地震が収まる,地震が収まる,地震が終わる(とまる),,False,False
19,入間市,やさしいにほんご いいかえひょう,,,term,資する,資する,役立てる、助けとする,,False,False
19,入間市,やさしいにほんご いいかえひょう,,,term,失業,失業,仕事がないこと、仕事をなくすこと,,False,False
19,入間市,やさしいにほんご いいかえひょう,,,term,疾病,疾病,病気,,False,False
19,入間市,やさしいにほんご いいかえひょう,,,term,指定する,指定する,決める,,False,False
19,入間市,やさしいにほんご いいかえひょう,,,term,児童,児童,こども,,False,False
19,入間市,やさしいにほんご いいかえひょう,,,term,自動車税,自動車税,自動車を持っている人が払う税金,,False,False
19,入間市,やさしいにほんご いいかえひょう,,,term,就学する,就学する,学校に入る,,False,False
19,入間市,やさしいにほんご いいかえひょう,,,term,重症,重症,大きなけがや病気,,False,False
19,入間市,やさしいにほんご いいかえひょう,,,term,就職,就職,会社で仕事をはじめること、会社に入ること、働くこと,,False,False
19,入間市,やさしいにほんご いいかえひょう,,,term,従前の,従前の,これまでの、前からの,,False,False
19,入間市,やさしいにほんご いいかえひょう,,,term,渋滞,渋滞,道が混んでいること、車や人が多くて動けないこと,,False,False
19,入間市,やさしいにほんご いいかえひょう,,,term,重体,重体,命が危ないこと,,False,False
19,入間市,やさしいにほんご いいかえひょう,,,term,周知する,周知する,広く知らせる、みんなに知らせる,,False,False
19,入間市,やさしいにほんご いいかえひょう,,,term,収入,収入,働いてもらうお金,,False,False
19,入間市,やさしいにほんご いいかえひょう,,,term,住民税,住民税,住んでいる市や県に払う税金,,False,False
19,入間市,やさしいにほんご いいかえひょう,,,term,授業料,授業料,授業を受けるためのお金,,False,False
19,入間市,やさしいにほんご いいかえひょう,,,term,出身国,出身国,生まれた国、生まれたところ,,False,False
19,入間市,やさしいにほんご いいかえひょう,,,term,出血する,出血する,血が出る,,False,False
19,入間市,やさしいにほんご いいかえひょう,,,term,遵守する,遵守する,きまりやルールをよく守る,,False,False
19,入間市,やさしいにほんご いいかえひょう,,,term,使用,使用,使うこと,,False,False
19,入間市,やさしいにほんご いいかえひょう,,,term,常用薬,常用薬,いつも飲んでいる薬,,False,False
19,入間市,やさしいにほんご いいかえひょう,,,term,消火器,消火器,火を消す道具,,False,False
19,入間市,やさしいにほんご いいかえひょう,,,term,承諾,承諾,認めること,,False,False
19,入間市,やさしいにほんご いいかえひょう,,,term,消費税,消費税,買い物をしたときに払う税金,,False,False
19,入間市,やさしいにほんご いいかえひょう,,,term,消防車,消防車,火を消す車,,False,False
19,入間市,やさしいにほんご いいかえひょう,,,term,食料,食料,食べ物,,False,False
19,入間市,やさしいにほんご いいかえひょう,,,term,書籍,書籍,本,,False,False
19,入間市,やさしいにほんご いいかえひょう,,,term,所定の,所定の,決まった,,False,False
19,入間市,やさしいにほんご いいかえひょう,,,term,所得税,所得税,働く人が払う国の税金,,False,False
19,入間市,やさしいにほんご いいかえひょう,,,term,地割れ,地割れ,地面が壊れた、道が壊れた,,False,False
19,入間市,やさしいにほんご いいかえひょう,,,term,震源地,震源地,地震がはじまったところ,,False,False
19,入間市,やさしいにほんご いいかえひょう,,,term,申告,申告,伝えること、役所に知らせること,,False,False
19,入間市,やさしいにほんご いいかえひょう,,,term,審査する,審査する,調べて決める,,False,False
19,入間市,やさしいにほんご いいかえひょう,,,term,申請する,申請する,申し込み,,False,False
19,入間市,やさしいにほんご いいかえひょう,,,term,震度,震度,地震の大きさ,,False,False
19,入間市,やさしいにほんご いいかえひょう,,,term,水分補給,水分補給,水を飲むこと,,False,False
19,入間市,やさしいにほんご いいかえひょう,,,term,税目,税目,税金の種類,,False,False
19,入間市,やさしいにほんご いいかえひょう,,,term,セルフサービス,セルフサービス,自分ですること,,False,False
19,入間市,やさしいにほんご いいかえひょう,,,term,相続税,相続税,死んだ親などの家やお金をもらった時に払う税金,,False,False
19,入間市,やさしいにほんご いいかえひょう,,,term,相談窓口,相談窓口,相談するところ,,False,False
19,入間市,やさしいにほんご いいかえひょう,,,term,遡及,遡及,過去にさかのぼること,,False,False
19,入間市,やさしいにほんご いいかえひょう,,,term,措置,措置,取り扱い,,False,False
19,入間市,やさしいにほんご いいかえひょう,,,term,対処する,対処する,取り組む,,False,False
19,入間市,やさしいにほんご いいかえひょう,,,term,滞納する,滞納する,まだ払っていない,,False,False
19,入間市,やさしいにほんご いいかえひょう,,,term,貸与する,貸与する,貸す,,False,False
19,入間市,やさしいにほんご いいかえひょう,,,term,高台,高台,高いところ、高い場所,,False,False
19,入間市,やさしいにほんご いいかえひょう,,,term,断水する,断水する,水道が止まる、水が出ない,,False,False
19,入間市,やさしいにほんご いいかえひょう,,,term,近寄る,近寄る,近くに行く,,False,False
19,入間市,やさしいにほんご いいかえひょう,,,term,逐次,逐次,順番に、次々に,,False,False
19,入間市,やさしいにほんご いいかえひょう,,,term,徴する,徴する,求める、要求する,,False,False
19,入間市,やさしいにほんご いいかえひょう,,,term,貼付する,貼付する,貼る、つける,,False,False
19,入間市,やさしいにほんご いいかえひょう,,,term,治療する,治療する,病気やけがを治す,,False,False
19,入間市,やさしいにほんご いいかえひょう,,,term,通院する,通院する,病院に行く,,False,False
19,入間市,やさしいにほんご いいかえひょう,,,term,通常,通常,普通、いつもどおり,,False,False
19,入間市,やさしいにほんご いいかえひょう,,,term,通知する,通知する,知らせる,,False,False
19,入間市,やさしいにほんご いいかえひょう,,,term,津波,津波,大きな波、TSUNAMI,,False,False
19,入間市,やさしいにほんご いいかえひょう,,,term,潰れる,潰れる,壊れる,,False,False
19,入間市,やさしいにほんご いいかえひょう,,,term,提示する,提示する,見せる、示す,,False,False
19,入間市,やさしいにほんご いいかえひょう,,,term,適宜,適宜,適切に、良いように,,False,False
19,入間市,やさしいにほんご いいかえひょう,,,term,デマ,デマ,うそ,,False,False
19,入間市,やさしいにほんご いいかえひょう,,,term,添付する,添付する,一緒につける、一緒に出す,,False,False
19,入間市,やさしいにほんご いいかえひょう,,,term,土足厳禁,土足厳禁,くつをぬいでください,,False,False
19,入間市,やさしいにほんご いいかえひょう,,,term,どちら,どちら,どこ,,False,False
19,入間市,やさしいにほんご いいかえひょう,,,term,捺印,捺印,はんこを押す,,False,False
19,入間市,やさしいにほんご いいかえひょう,,,term,納期,納期,税金などを払う期限、締めきり,,False,False
19,入間市,やさしいにほんご いいかえひょう,,,term,納税,納税,税金を払うこと,,False,False
19,入間市,やさしいにほんご いいかえひょう,,,term,納税証明書,納税証明書,税金を払ったことがわかる書類,,False,False
19,入間市,やさしいにほんご いいかえひょう,,,term,納付,納付,国や市役所にお金を払うこと,,False,False
19,入間市,やさしいにほんご いいかえひょう,,,term,配給,配給,配る、渡す,,False,False
19,入間市,やさしいにほんご いいかえひょう,,,term,配偶者,配偶者,夫婦の片方、夫か妻,,False,False
19,入間市,やさしいにほんご いいかえひょう,,,term,拝見する,拝見する,見る,,False,False
19,入間市,やさしいにほんご いいかえひょう,,,term,バザー,バザー,家にあるものを売る会,,False,False
19,入間市,やさしいにほんご いいかえひょう,,,term,ハザードマップ,ハザードマップ,地震や災害の時に危ない場所がわかる地図,,False,False
19,入間市,やさしいにほんご いいかえひょう,,,term,バリアフリー,バリアフリー,段差のない、平らな、生活しやすい,,False,False
19,入間市,やさしいにほんご いいかえひょう,,,term,番号札,番号札,数字の番号の紙・カード,,False,False
19,入間市,やさしいにほんご いいかえひょう,,,term,非課税,非課税,税金がかからないこと,,False,False
19,入間市,やさしいにほんご いいかえひょう,,,term,必着,必着,～までに届けること,,False,False
19,入間市,やさしいにほんご いいかえひょう,,,term,避難所,避難所,逃げるところ、みんなが逃げるところ,,False,False
19,入間市,やさしいにほんご いいかえひょう,,,term,避難する,避難する,逃げる,,False,False
19,入間市,やさしいにほんご いいかえひょう,,,term,ひび,ひび,割れている,,False,False
19,入間市,やさしいにほんご いいかえひょう,,,term,被服,被服,洋服、着るもの,,False,False
19,入間市,やさしいにほんご いいかえひょう,,,term,付近,付近,近く,,False,False
19,入間市,やさしいにほんご いいかえひょう,,,term,父子,父子,おとうさんとこども,,False,False
19,入間市,やさしいにほんご いいかえひょう,,,term,無事,無事,生きている、けがをしていない,,False,False
19,入間市,やさしいにほんご いいかえひょう,,,term,不能,不能,できないこと,,False,False
19,入間市,やさしいにほんご いいかえひょう,,,term,扶養する,扶養する,お金を出して生活の世話をする、生活を助ける,,False,False
19,入間市,やさしいにほんご いいかえひょう,,,term,付与する,付与する,与える、あげる,,False,False
19,入間市,やさしいにほんご いいかえひょう,,,term,併記する,併記する,併せて書く、一緒に書く,,False,False
19,入間市,やさしいにほんご いいかえひょう,,,term,ベジタリアン,ベジタリアン,野菜だけ食べる人,,False,False
19,入間市,やさしいにほんご いいかえひょう,,,term,ヘルシー,ヘルシー,体によい,,False,False
19,入間市,やさしいにほんご いいかえひょう,,,term,返済,返済,お金を返すこと,,False,False
19,入間市,やさしいにほんご いいかえひょう,,,term,弁当持参,弁当持参,ご飯を持っていくこと,,False,False
19,入間市,やさしいにほんご いいかえひょう,,,term,保育所,保育所,こどもを預けるところ,,False,False
19,入間市,やさしいにほんご いいかえひょう,,,term,法人税,法人税,会社が払う税金,,False,False
19,入間市,やさしいにほんご いいかえひょう,,,term,法令,法令,法律ときまり、ルール,,False,False
19,入間市,やさしいにほんご いいかえひょう,,,term,母子,母子,おかあさんとこども,,False,False
19,入間市,やさしいにほんご いいかえひょう,,,term,補足する,補足する,足りないものを足す、足りないものを加える,,False,False
19,入間市,やさしいにほんご いいかえひょう,,,term,補填する,補填する,足りないものを足す、足りないものを加える,,False,False
19,入間市,やさしいにほんご いいかえひょう,,,term,マイホーム,マイホーム,自分の家,,False,False
19,入間市,やさしいにほんご いいかえひょう,,,term,抹消する,抹消する,消す、無くす,,False,False
19,入間市,やさしいにほんご いいかえひょう,,,term,召し上がる,召し上がる,食べる、飲む,,False,False
19,入間市,やさしいにほんご いいかえひょう,,,term,もぐる,もぐる,(何かの下に)入る,,False,False
19,入間市,やさしいにほんご いいかえひょう,,,term,行方不明,行方不明,どこにいるかわからないこと,,False,False
19,入間市,やさしいにほんご いいかえひょう,,,term,余震,余震,大きい地震のあとにくる地震,,False,False
19,入間市,やさしいにほんご いいかえひょう,,,term,ライフライン,ライフライン,水道、電気、ガスなど生きるために必要なもの,,False,False
19,入間市,やさしいにほんご いいかえひょう,,,term,罹患する,罹患する,病気になる,,False,False
19,入間市,やさしいにほんご いいかえひょう,,,term,履行する,履行する,行う,,False,False
19,入間市,やさしいにほんご いいかえひょう,,,term,離婚,離婚,夫婦ではなくなること、結婚をやめること,,False,False
19,入間市,やさしいにほんご いいかえひょう,,,term,離職,離職,仕事をなくすこと、仕事をやめること,,False,False
19,入間市,やさしいにほんご いいかえひょう,,,term,留意する,留意する,気を付ける,,False,False
19,入間市,やさしいにほんご いいかえひょう,,,term,レンタル,レンタル,借りること,,False,False
19,入間市,やさしいにほんご いいかえひょう,,,term,和室,和室,たたみの部屋,,False,False
19,入間市,やさしいにほんご いいかえひょう,,,term,ワンストップ,ワンストップ,一つのところで全部できること,,False,False
